-- ===========================================================================
-- Seed data for Stock Manager (Algerian clothing POS). Generated file — see
-- seeds/generate-seed.mjs. Idempotent: wipes demo tables then re-inserts.
-- Money is INTEGER minor units (centimes); 1 DA = 100. Dates are UTC.
-- ===========================================================================

PRAGMA foreign_keys = OFF;
BEGIN TRANSACTION;

-- Clear demo tables (children first). Lookups/settings are preserved.
DELETE FROM activity_log;
DELETE FROM product_images;
DELETE FROM customer_payments;
DELETE FROM supplier_payments;
DELETE FROM cash_events;
DELETE FROM cash_sessions;
DELETE FROM held_sales;
DELETE FROM promotions;
DELETE FROM return_out_items;
DELETE FROM return_in_items;
DELETE FROM returns;
DELETE FROM sale_items;
DELETE FROM sales;
DELETE FROM purchase_items;
DELETE FROM purchases;
DELETE FROM inventory_movements;
DELETE FROM variants;
DELETE FROM products;
DELETE FROM customers;
DELETE FROM suppliers;
DELETE FROM categories;
DELETE FROM sqlite_sequence WHERE name IN ('activity_log', 'product_images', 'customer_payments', 'supplier_payments', 'cash_events', 'cash_sessions', 'held_sales', 'promotions', 'return_out_items', 'return_in_items', 'returns', 'sale_items', 'sales', 'purchase_items', 'purchases', 'inventory_movements', 'variants', 'products', 'customers', 'suppliers', 'categories');

-- Shop profile / fiscal identity (used by Studio commercial documents).
INSERT INTO settings (key, value) VALUES
  ('shop_name', 'Boutique Le Dressing'),
  ('currency_symbol', 'DA'),
  ('currency_decimals', '2'),
  ('receipt_header', 'Boutique Le Dressing — Prêt-à-porter'),
  ('receipt_footer', 'Merci de votre visite !'),
  ('shop_address', '12 Rue Larbi Ben M''hidi, Alger Centre, 16000 Alger'),
  ('shop_phone', '021 63 45 78'),
  ('shop_email', 'contact@ledressing.dz'),
  ('shop_logo', ''),
  ('shop_nif', '416913044553831'),
  ('shop_nis', '328169788852396'),
  ('shop_rc', '15/77-542846 B 12'),
  ('shop_art', '39038980326'),
  ('default_tva_rate', '19'),
  ('sale_code_prefix', 'FAC'),
  ('default_low_stock_threshold', '5'),
  ('barcode_symbology', 'ean13'),
  ('barcode_prefix', '20'),
  ('require_manager_pin', '0')
  ON CONFLICT(key) DO UPDATE SET value = excluded.value;

-- Numeric shoe sizes (apparel sizes XS–XXXL come from migration 002).
INSERT OR IGNORE INTO sizes (id, name, sort_order) VALUES
  (30, '38', 38),
  (31, '39', 39),
  (32, '40', 40),
  (33, '41', 41),
  (34, '42', 42),
  (35, '43', 43),
  (36, '44', 44);

INSERT INTO categories (id, name, created_at) VALUES
  (1, 'Hommes', '2026-01-01 09:00:00'),
  (2, 'Femmes', '2026-01-01 09:00:00'),
  (3, 'Enfants', '2026-01-01 09:00:00'),
  (4, 'Chaussures', '2026-01-01 09:00:00'),
  (5, 'Accessoires', '2026-01-01 09:00:00'),
  (6, 'Sport', '2026-01-01 09:00:00'),
  (7, 'Sous-vêtements', '2026-01-01 09:00:00'),
  (8, 'Vestes & Manteaux', '2026-01-01 09:00:00');

INSERT INTO suppliers (id, name, contact_name, phone, email, address, notes, archived, created_at, activity, phone_fixe, fax, nif, nis, rc, art_imposition, rib) VALUES
  (1, 'Sarl Textile Atlas', 'Adel Mansouri', '0564561960', 'commercial@sarltextileatlas.dz', 'Zone d''activité, Alger 16000', NULL, 0, '2026-01-01 09:00:00', 'Grossiste textile', '040660200', '025841327', '514921989241591', '229480124134436', '10/18-683245 B 21', '45423659772', '32873275844150300495'),
  (2, 'Eurl Confection El Nour', 'Karim Larbi', '0734761690', 'commercial@eurlconfectionelnour.dz', 'Zone d''activité, Djelfa 17000', NULL, 0, '2026-01-01 09:00:00', 'Confection prêt-à-porter', '037212662', '038366241', '144703706917278', '292471962025346', '16/83-392715 B 15', '41557882083', '55402870289761407601'),
  (3, 'Sarl Denim Industrie', 'Salim Hamidi', '0634861452', 'commercial@sarldenimindustrie.dz', 'Zone d''activité, Biskra 07000', NULL, 0, '2026-01-01 09:00:00', 'Fabricant jeans & denim', '043980321', '028619133', '504315181514221', '548036635046565', '15/95-409739 B 21', '11155948866', '91870782443692362234'),
  (4, 'Import Mode Méditerranée', 'Mourad Ziani', '0674880870', 'commercial@importmodemditerrane.dz', 'Zone d''activité, Béjaïa 06000', NULL, 0, '2026-01-01 09:00:00', 'Importateur prêt-à-porter', '049743345', '028203836', '952003717978172', '121793831782915', '15/52-272668 B 22', '18667097128', '42621149235139922771'),
  (5, 'Sarl Chaussures du Sud', 'Nabil Taleb', '0741770311', 'commercial@sarlchaussuresdusud.dz', 'Zone d''activité, Djelfa 17000', NULL, 0, '2026-01-01 09:00:00', 'Grossiste chaussures', '022630000', '021113132', '965882819213621', '547288915453044', '15/66-635860 B 22', '10846604806', '24008879032092028709'),
  (6, 'Eurl Accessoires & Cuir', 'Adel Khelifi', '0639138935', 'commercial@eurlaccessoirescuir.dz', 'Zone d''activité, Oran 31000', NULL, 0, '2026-01-01 09:00:00', 'Maroquinerie & accessoires', '032553571', '040649334', '300167589737789', '991071774394332', '12/84-321536 B 13', '27852400896', '92321642835970812721'),
  (7, 'Sarl Sport Wear DZ', 'Walid Slimani', '0744211690', 'commercial@sarlsportweardz.dz', 'Zone d''activité, Alger 16000', NULL, 0, '2026-01-01 09:00:00', 'Vêtements de sport', '029370718', '037957165', '226907877529488', '132851786203789', '16/45-820353 B 18', '49789755077', '52740643416432945444'),
  (8, 'Confection Lingerie Fine', 'Sofiane Cherif', '0534322713', 'commercial@confectionlingeriefine.dz', 'Zone d''activité, Blida 09000', NULL, 0, '2026-01-01 09:00:00', 'Sous-vêtements & bonneterie', '034709946', '028710924', '593736112851324', '951202887084271', '13/63-176722 B 14', '39174489477', '15152732185022044983'),
  (9, 'Etablissement Bouchama', 'Adel Amrani', '0619486230', 'commercial@etablissementbouchama.dz', 'Zone d''activité, Batna 05000', NULL, 1, '2026-01-01 09:00:00', 'Grossiste tissus (archivé)', '020966491', '020605158', '394373272150479', '796863621084964', '11/49-599226 B 21', '48907785741', '22922445661845630990'),
  (10, 'Sarl Hiver Collection', 'Sofiane Meziane', '0770298927', 'commercial@sarlhivercollection.dz', 'Zone d''activité, Oran 31000', NULL, 0, '2026-01-01 09:00:00', 'Vestes & manteaux', '045178618', '037515827', '151982467153896', '114171523313511', '10/68-800122 B 13', '20792945068', '01011588039102541049');

INSERT INTO customers (id, name, phone, email, note, archived, created_at, address, phone_fixe, fax, activity, nif, nis, rc, art_imposition, rib) VALUES
  (1, 'Boutique Élégance', '0515915273', 'achat@client1.dz', 'Compte professionnel', 0, '2026-01-08 09:00:00', '48 Bd du 1er Novembre, Batna 05000', '030703541', '032916698', 'Commerce de détail', '702605900602138', '366486745361883', '14/47-972754 B 18', '18368596920', '69381430052550217844'),
  (2, 'Sarl Mode Express', '0779432014', 'achat@client2.dz', 'Compte professionnel', 0, '2026-01-24 09:00:00', '41 Bd du 1er Novembre, Annaba 23000', '027718407', '043963758', 'Commerce de détail', '851351778196506', '803359368722205', '16/16-254545 B 20', '23220228474', '03633807938325293789'),
  (3, 'Eurl Style & Co', '0610548666', 'achat@client3.dz', 'Compte professionnel', 0, '2026-01-13 09:00:00', '78 Bd du 1er Novembre, Djelfa 17000', '049359745', '041802018', 'Commerce de détail', '826890391573891', '446330858868757', '16/29-795557 B 24', '14329934130', '24108427383990656427'),
  (4, 'Confection El Baraka', '0626058977', 'achat@client4.dz', 'Compte professionnel', 0, '2026-01-28 09:00:00', '8 Bd du 1er Novembre, Tizi Ouzou 15000', '048744416', '021301585', 'Commerce de détail', '546867986258615', '202857332722049', '15/94-155553 B 13', '44139937361', '71819842984277545313'),
  (5, 'Sarl Textile Atlas', '0724339775', 'achat@client5.dz', 'Compte professionnel', 0, '2026-01-19 09:00:00', '26 Bd du 1er Novembre, Biskra 07000', '030247889', '048654625', 'Commerce de détail', '506914903366269', '915659533852259', '14/58-690522 B 11', '38617176301', '22548827667293051434'),
  (6, 'Maison du Vêtement', '0513921270', 'achat@client6.dz', 'Compte professionnel', 0, '2026-01-27 09:00:00', '37 Bd du 1er Novembre, Djelfa 17000', '045934926', '028378739', 'Commerce de détail', '742931988888192', '178157456469221', '14/19-162498 B 11', '26912642736', '46622973815486004500'),
  (7, 'Wassila Slimani', '0552742187', NULL, NULL, 0, '2026-05-17 09:00:00', NULL, NULL, NULL, NULL, NULL, NULL, NULL, NULL, NULL),
  (8, 'Adel Benali', '0680863826', NULL, NULL, 0, '2026-05-12 09:00:00', NULL, NULL, NULL, NULL, NULL, NULL, NULL, NULL, NULL),
  (9, 'Adel Meziane', '0594954015', NULL, 'Cliente fidèle', 0, '2026-01-13 09:00:00', 'Djelfa', NULL, NULL, NULL, NULL, NULL, NULL, NULL, NULL),
  (10, 'Sara Amrani', '0562174930', NULL, NULL, 0, '2026-02-27 09:00:00', NULL, NULL, NULL, NULL, NULL, NULL, NULL, NULL, NULL),
  (11, 'Sabrina Haddad', '0530254392', NULL, 'Cliente fidèle', 0, '2026-01-06 09:00:00', NULL, NULL, NULL, NULL, NULL, NULL, NULL, NULL, NULL),
  (12, 'Yacine Khelifi', '0689167351', NULL, 'Cliente fidèle', 0, '2026-03-01 09:00:00', NULL, NULL, NULL, NULL, NULL, NULL, NULL, NULL, NULL),
  (13, 'Amina Larbi', '0720873824', NULL, NULL, 0, '2026-01-18 09:00:00', NULL, NULL, NULL, NULL, NULL, NULL, NULL, NULL, NULL),
  (14, 'Sofiane Larbi', '0631114494', NULL, NULL, 0, '2026-05-31 09:00:00', NULL, NULL, NULL, NULL, NULL, NULL, NULL, NULL, NULL),
  (15, 'Karim Ziani', '0716143328', NULL, NULL, 0, '2026-04-23 09:00:00', NULL, NULL, NULL, NULL, NULL, NULL, NULL, NULL, NULL),
  (16, 'Sofiane Yahiaoui', '0576429612', NULL, NULL, 0, '2026-02-11 09:00:00', 'Alger', NULL, NULL, NULL, NULL, NULL, NULL, NULL, NULL),
  (17, 'Imene Bouzid', '0756104111', NULL, NULL, 0, '2026-04-03 09:00:00', NULL, NULL, NULL, NULL, NULL, NULL, NULL, NULL, NULL),
  (18, 'Mohamed Benali', '0769535355', NULL, NULL, 0, '2026-05-06 09:00:00', NULL, NULL, NULL, NULL, NULL, NULL, NULL, NULL, NULL),
  (19, 'Wassila Mansouri', '0748310703', NULL, NULL, 0, '2026-01-07 09:00:00', NULL, NULL, NULL, NULL, NULL, NULL, NULL, NULL, NULL),
  (20, 'Yacine Taleb', '0581817740', NULL, NULL, 0, '2026-05-09 09:00:00', NULL, NULL, NULL, NULL, NULL, NULL, NULL, NULL, NULL),
  (21, 'Meriem Meziane', '0776188604', NULL, NULL, 0, '2026-04-05 09:00:00', 'Djelfa', NULL, NULL, NULL, NULL, NULL, NULL, NULL, NULL),
  (22, 'Sabrina Ouali', '0764775129', NULL, NULL, 1, '2026-05-06 09:00:00', NULL, NULL, NULL, NULL, NULL, NULL, NULL, NULL, NULL),
  (23, 'Ahmed Brahimi', '0727043543', NULL, NULL, 0, '2026-01-13 09:00:00', NULL, NULL, NULL, NULL, NULL, NULL, NULL, NULL, NULL),
  (24, 'Karim Benali', '0539030335', NULL, 'Cliente fidèle', 0, '2026-05-09 09:00:00', NULL, NULL, NULL, NULL, NULL, NULL, NULL, NULL, NULL),
  (25, 'Nadia Benali', '0588701432', NULL, NULL, 0, '2026-04-17 09:00:00', NULL, NULL, NULL, NULL, NULL, NULL, NULL, NULL, NULL),
  (26, 'Nadia Khelifi', '0741439470', NULL, NULL, 1, '2026-04-09 09:00:00', NULL, NULL, NULL, NULL, NULL, NULL, NULL, NULL, NULL),
  (27, 'Mohamed Slimani', '0535807266', NULL, 'Cliente fidèle', 1, '2026-04-09 09:00:00', NULL, NULL, NULL, NULL, NULL, NULL, NULL, NULL, NULL),
  (28, 'Yacine Yahiaoui', '0588840490', NULL, NULL, 0, '2026-01-06 09:00:00', NULL, NULL, NULL, NULL, NULL, NULL, NULL, NULL, NULL),
  (29, 'Salim Cherif', '0626407425', NULL, NULL, 0, '2026-03-30 09:00:00', 'Djelfa', NULL, NULL, NULL, NULL, NULL, NULL, NULL, NULL),
  (30, 'Lynda Boudiaf', '0546695267', NULL, NULL, 0, '2026-03-18 09:00:00', NULL, NULL, NULL, NULL, NULL, NULL, NULL, NULL, NULL);

-- Products
INSERT INTO products (id, name, category_id, brand, description, cost_cents, price_cents, archived, created_at, updated_at, supplier_id, reference, low_stock_threshold, reorder_quantity, out_of_stock_alert, notes) VALUES
  (1, 'T-shirt Homme Col Rond', 1, 'Atlas Basics', 'T-shirt Homme Col Rond — Atlas Basics.', 70000, 150000, 0, '2026-01-01 09:00:00', '2026-01-01 09:00:00', 1, 'REF-1001', 8, 10, 1, NULL),
  (2, 'Chemise Homme Manches Longues', 1, 'El Nour', 'Chemise Homme Manches Longues — El Nour.', 140000, 290000, 0, '2026-01-01 09:00:00', '2026-01-01 09:00:00', 2, 'REF-1002', 5, 12, 1, NULL),
  (3, 'Polo Homme Piqué', 1, 'Atlas Basics', 'Polo Homme Piqué — Atlas Basics.', 95000, 199000, 0, '2026-01-03 09:00:00', '2026-01-03 09:00:00', 1, 'REF-1003', 4, 12, 1, NULL),
  (4, 'Jean Slim Homme', 1, 'Denim Co', 'Jean Slim Homme — Denim Co.', 190000, 390000, 0, '2026-01-03 09:00:00', '2026-01-03 09:00:00', 3, 'REF-1004', 8, 24, 1, NULL),
  (5, 'Pantalon Chino Homme', 1, 'El Nour', 'Pantalon Chino Homme — El Nour.', 160000, 330000, 0, '2026-01-02 09:00:00', '2026-01-02 09:00:00', 2, 'REF-1005', 8, 20, 1, NULL),
  (6, 'Pull Homme Col V', 1, 'Hiver Collection', 'Pull Homme Col V — Hiver Collection.', 170000, 350000, 0, '2026-01-03 09:00:00', '2026-01-03 09:00:00', 10, 'REF-1006', 6, 12, 1, NULL),
  (7, 'Sweat à Capuche Homme', 1, 'Sport Wear DZ', 'Sweat à Capuche Homme — Sport Wear DZ.', 150000, 320000, 0, '2026-01-05 09:00:00', '2026-01-05 09:00:00', 7, 'REF-1007', 4, 12, 1, NULL),
  (8, 'Short Homme', 1, 'El Nour', 'Short Homme — El Nour.', 80000, 170000, 0, '2026-01-06 09:00:00', '2026-01-06 09:00:00', 2, 'REF-1008', 5, 12, 1, NULL),
  (9, 'Robe Femme Évasée', 2, 'Med Mode', 'Robe Femme Évasée — Med Mode.', 210000, 450000, 0, '2026-01-04 09:00:00', '2026-01-04 09:00:00', 4, 'REF-1009', 5, 10, 1, NULL),
  (10, 'Blouse Femme', 2, 'El Nour', 'Blouse Femme — El Nour.', 120000, 260000, 0, '2026-01-05 09:00:00', '2026-01-05 09:00:00', 2, 'REF-1010', 8, 20, 1, NULL),
  (11, 'Jupe Femme Plissée', 2, 'Med Mode', 'Jupe Femme Plissée — Med Mode.', 130000, 280000, 0, '2026-01-05 09:00:00', '2026-01-05 09:00:00', 4, 'REF-1011', 6, 24, 1, NULL),
  (12, 'Jean Femme Skinny', 2, 'Denim Co', 'Jean Femme Skinny — Denim Co.', 185000, 380000, 0, '2026-01-04 09:00:00', '2026-01-04 09:00:00', 3, 'REF-1012', 4, 10, 1, NULL),
  (13, 'Pull Femme Maille', 2, 'Hiver Collection', 'Pull Femme Maille — Hiver Collection.', 160000, 340000, 0, '2026-01-01 09:00:00', '2026-01-01 09:00:00', 10, 'REF-1013', 5, 24, 1, NULL),
  (14, 'Cardigan Femme', 2, 'Hiver Collection', 'Cardigan Femme — Hiver Collection.', 175000, 360000, 0, '2026-01-04 09:00:00', '2026-01-04 09:00:00', 10, 'REF-1014', 8, 10, 1, NULL),
  (15, 'Robe Soirée Femme', 2, 'Med Mode', 'Robe Soirée Femme — Med Mode.', 320000, 690000, 0, '2026-01-02 09:00:00', '2026-01-02 09:00:00', 4, 'REF-1015', 6, 12, 1, NULL),
  (16, 'T-shirt Enfant Imprimé', 3, 'Atlas Basics', 'T-shirt Enfant Imprimé — Atlas Basics.', 45000, 99000, 0, '2026-01-06 09:00:00', '2026-01-06 09:00:00', 1, 'REF-1016', 6, 12, 1, NULL),
  (17, 'Pantalon Enfant', 3, 'El Nour', 'Pantalon Enfant — El Nour.', 70000, 150000, 0, '2026-01-02 09:00:00', '2026-01-02 09:00:00', 2, 'REF-1017', 8, 10, 1, NULL),
  (18, 'Robe Fille', 3, 'Med Mode', 'Robe Fille — Med Mode.', 90000, 199000, 0, '2026-01-05 09:00:00', '2026-01-05 09:00:00', 4, 'REF-1018', 8, 24, 1, NULL),
  (19, 'Survêtement Enfant', 3, 'Sport Wear DZ', 'Survêtement Enfant — Sport Wear DZ.', 130000, 270000, 0, '2026-01-06 09:00:00', '2026-01-06 09:00:00', 7, 'REF-1019', 8, 10, 1, NULL),
  (20, 'Pyjama Enfant', 3, 'Lingerie Fine', 'Pyjama Enfant — Lingerie Fine.', 60000, 130000, 0, '2026-01-02 09:00:00', '2026-01-02 09:00:00', 8, 'REF-1020', 8, 24, 1, NULL),
  (21, 'Baskets Homme Running', 4, 'Chaussures Sud', 'Baskets Homme Running — Chaussures Sud.', 260000, 550000, 0, '2026-01-01 09:00:00', '2026-01-01 09:00:00', 5, 'REF-1021', 5, 10, 1, NULL),
  (22, 'Baskets Femme Sneakers', 4, 'Chaussures Sud', 'Baskets Femme Sneakers — Chaussures Sud.', 240000, 499000, 0, '2026-01-05 09:00:00', '2026-01-05 09:00:00', 5, 'REF-1022', 6, 24, 1, NULL),
  (23, 'Chaussures Ville Homme', 4, 'Accessoires & Cuir', 'Chaussures Ville Homme — Accessoires & Cuir.', 320000, 690000, 0, '2026-01-04 09:00:00', '2026-01-04 09:00:00', 6, 'REF-1023', 6, 10, 1, NULL),
  (24, 'Sandales Femme', 4, 'Chaussures Sud', 'Sandales Femme — Chaussures Sud.', 150000, 320000, 0, '2026-01-04 09:00:00', '2026-01-04 09:00:00', 5, 'REF-1024', 5, 24, 1, NULL),
  (25, 'Bottines Femme', 4, 'Accessoires & Cuir', 'Bottines Femme — Accessoires & Cuir.', 290000, 599000, 0, '2026-01-06 09:00:00', '2026-01-06 09:00:00', 6, 'REF-1025', 8, 10, 1, NULL),
  (26, 'Casquette', 5, 'Sport Wear DZ', 'Casquette — Sport Wear DZ.', 35000, 85000, 0, '2026-01-03 09:00:00', '2026-01-03 09:00:00', 7, 'REF-1026', 8, 12, 1, NULL),
  (27, 'Ceinture en Cuir', 5, 'Accessoires & Cuir', 'Ceinture en Cuir — Accessoires & Cuir.', 60000, 149000, 0, '2026-01-06 09:00:00', '2026-01-06 09:00:00', 6, 'REF-1027', 4, 10, 1, NULL),
  (28, 'Écharpe', 5, 'Hiver Collection', 'Écharpe — Hiver Collection.', 50000, 120000, 0, '2026-01-04 09:00:00', '2026-01-04 09:00:00', 10, 'REF-1028', 4, 12, 1, NULL),
  (29, 'Sac à Main Femme', 5, 'Accessoires & Cuir', 'Sac à Main Femme — Accessoires & Cuir.', 180000, 390000, 0, '2026-01-02 09:00:00', '2026-01-02 09:00:00', 6, 'REF-1029', 8, 24, 1, NULL),
  (30, 'Portefeuille Cuir', 5, 'Accessoires & Cuir', 'Portefeuille Cuir — Accessoires & Cuir.', 70000, 169000, 0, '2026-01-06 09:00:00', '2026-01-06 09:00:00', 6, 'REF-1030', 6, 12, 1, NULL),
  (31, 'Survêtement Homme', 6, 'Sport Wear DZ', 'Survêtement Homme — Sport Wear DZ.', 220000, 450000, 0, '2026-01-06 09:00:00', '2026-01-06 09:00:00', 7, 'REF-1031', 8, 12, 1, NULL),
  (32, 'Short Sport', 6, 'Sport Wear DZ', 'Short Sport — Sport Wear DZ.', 65000, 140000, 0, '2026-01-03 09:00:00', '2026-01-03 09:00:00', 7, 'REF-1032', 5, 12, 1, NULL),
  (33, 'Legging Femme Sport', 6, 'Sport Wear DZ', 'Legging Femme Sport — Sport Wear DZ.', 80000, 180000, 0, '2026-01-01 09:00:00', '2026-01-01 09:00:00', 7, 'REF-1033', 5, 12, 1, NULL),
  (34, 'Débardeur Sport', 6, 'Sport Wear DZ', 'Débardeur Sport — Sport Wear DZ.', 50000, 120000, 0, '2026-01-04 09:00:00', '2026-01-04 09:00:00', 7, 'REF-1034', 4, 10, 1, NULL),
  (35, 'Veste de Sport', 6, 'Sport Wear DZ', 'Veste de Sport — Sport Wear DZ.', 190000, 390000, 0, '2026-01-03 09:00:00', '2026-01-03 09:00:00', 7, 'REF-1035', 8, 10, 1, NULL),
  (36, 'Chaussettes (lot de 3)', 7, 'Lingerie Fine', 'Chaussettes (lot de 3) — Lingerie Fine.', 30000, 75000, 0, '2026-01-04 09:00:00', '2026-01-04 09:00:00', 8, 'REF-1036', 8, 20, 1, NULL),
  (37, 'Boxer Homme (lot de 2)', 7, 'Lingerie Fine', 'Boxer Homme (lot de 2) — Lingerie Fine.', 45000, 110000, 0, '2026-01-03 09:00:00', '2026-01-03 09:00:00', 8, 'REF-1037', 8, 10, 1, NULL),
  (38, 'Sous-vêtement Femme', 7, 'Lingerie Fine', 'Sous-vêtement Femme — Lingerie Fine.', 40000, 99000, 0, '2026-01-06 09:00:00', '2026-01-06 09:00:00', 8, 'REF-1038', 8, 12, 1, NULL),
  (39, 'Maillot de Corps', 7, 'Lingerie Fine', 'Maillot de Corps — Lingerie Fine.', 35000, 85000, 0, '2026-01-02 09:00:00', '2026-01-02 09:00:00', 8, 'REF-1039', 4, 12, 1, NULL),
  (40, 'Pyjama Femme', 7, 'Lingerie Fine', 'Pyjama Femme — Lingerie Fine.', 110000, 240000, 1, '2026-01-05 09:00:00', '2026-01-05 09:00:00', 8, 'REF-1040', 4, 12, 1, 'Fin de série — archivé.'),
  (41, 'Veste en Cuir Homme', 8, 'Accessoires & Cuir', 'Veste en Cuir Homme — Accessoires & Cuir.', 550000, 1190000, 0, '2026-01-02 09:00:00', '2026-01-02 09:00:00', 6, 'REF-1041', 8, 20, 1, NULL),
  (42, 'Manteau d''Hiver Femme', 8, 'Hiver Collection', 'Manteau d''Hiver Femme — Hiver Collection.', 480000, 990000, 0, '2026-01-02 09:00:00', '2026-01-02 09:00:00', 10, 'REF-1042', 4, 20, 1, NULL),
  (43, 'Doudoune Homme', 8, 'Hiver Collection', 'Doudoune Homme — Hiver Collection.', 420000, 870000, 0, '2026-01-02 09:00:00', '2026-01-02 09:00:00', 10, 'REF-1043', 8, 12, 1, NULL),
  (44, 'Blazer Homme', 8, 'El Nour', 'Blazer Homme — El Nour.', 360000, 750000, 0, '2026-01-05 09:00:00', '2026-01-05 09:00:00', 2, 'REF-1044', 5, 10, 1, NULL),
  (45, 'Trench Femme', 8, 'Hiver Collection', 'Trench Femme — Hiver Collection.', 390000, 820000, 0, '2026-01-02 09:00:00', '2026-01-02 09:00:00', 10, 'REF-1045', 8, 24, 1, NULL),
  (46, 'Parka Homme', 8, 'Hiver Collection', 'Parka Homme — Hiver Collection.', 410000, 850000, 0, '2026-01-04 09:00:00', '2026-01-04 09:00:00', 10, 'REF-1046', 5, 20, 1, NULL),
  (47, 'Gilet Sans Manches', 8, 'Hiver Collection', 'Gilet Sans Manches — Hiver Collection.', 240000, 490000, 0, '2026-01-04 09:00:00', '2026-01-04 09:00:00', 10, 'REF-1047', 4, 20, 1, NULL),
  (48, 'Bonnet Laine', 5, 'Hiver Collection', 'Bonnet Laine — Hiver Collection.', 30000, 79000, 0, '2026-01-04 09:00:00', '2026-01-04 09:00:00', 10, 'REF-1048', 8, 10, 1, NULL),
  (49, 'Gants Cuir', 5, 'Accessoires & Cuir', 'Gants Cuir — Accessoires & Cuir.', 65000, 149000, 0, '2026-01-04 09:00:00', '2026-01-04 09:00:00', 6, 'REF-1049', 4, 20, 1, NULL),
  (50, 'Foulard Femme', 5, 'Med Mode', 'Foulard Femme — Med Mode.', 45000, 110000, 0, '2026-01-06 09:00:00', '2026-01-06 09:00:00', 4, 'REF-1050', 4, 24, 1, NULL);

-- Variants (size x color); stock is materialized from the movements ledger below
INSERT INTO variants (id, product_id, size_id, color_id, sku, barcode, price_cents, cost_cents, stock, archived, created_at) VALUES
  (1, 1, 2, 1, 'P1-S2-C1', 'P1-S2-C1', 140000, NULL, 28, 0, '2026-01-01 09:00:00'),
  (2, 1, 2, 2, 'P1-S2-C2', 'P1-S2-C2', NULL, NULL, 20, 0, '2026-01-01 09:00:00'),
  (3, 1, 2, 4, 'P1-S2-C4', 'P1-S2-C4', NULL, NULL, 13, 0, '2026-01-01 09:00:00'),
  (4, 1, 2, 3, 'P1-S2-C3', 'P1-S2-C3', NULL, NULL, 26, 0, '2026-01-01 09:00:00'),
  (5, 1, 3, 1, 'P1-S3-C1', 'P1-S3-C1', NULL, NULL, 12, 0, '2026-01-01 09:00:00'),
  (6, 1, 3, 2, 'P1-S3-C2', 'P1-S3-C2', 170000, NULL, 19, 0, '2026-01-01 09:00:00'),
  (7, 1, 3, 4, 'P1-S3-C4', 'P1-S3-C4', NULL, NULL, 13, 0, '2026-01-01 09:00:00'),
  (8, 1, 3, 3, 'P1-S3-C3', 'P1-S3-C3', NULL, NULL, 25, 0, '2026-01-01 09:00:00'),
  (9, 1, 4, 1, 'P1-S4-C1', 'P1-S4-C1', NULL, NULL, 8, 0, '2026-01-01 09:00:00'),
  (10, 1, 4, 2, 'P1-S4-C2', 'P1-S4-C2', NULL, NULL, 29, 0, '2026-01-01 09:00:00'),
  (11, 1, 4, 4, 'P1-S4-C4', 'P1-S4-C4', NULL, NULL, 21, 0, '2026-01-01 09:00:00'),
  (12, 1, 4, 3, 'P1-S4-C3', 'P1-S4-C3', NULL, NULL, 25, 0, '2026-01-01 09:00:00'),
  (13, 1, 5, 1, 'P1-S5-C1', 'P1-S5-C1', NULL, NULL, 33, 0, '2026-01-01 09:00:00'),
  (14, 1, 5, 2, 'P1-S5-C2', 'P1-S5-C2', NULL, NULL, 17, 0, '2026-01-01 09:00:00'),
  (15, 1, 5, 4, 'P1-S5-C4', 'P1-S5-C4', NULL, NULL, 26, 0, '2026-01-01 09:00:00'),
  (16, 1, 5, 3, 'P1-S5-C3', 'P1-S5-C3', NULL, NULL, 24, 0, '2026-01-01 09:00:00'),
  (17, 2, 2, 2, 'P2-S2-C2', 'P2-S2-C2', 310000, NULL, 15, 0, '2026-01-01 09:00:00'),
  (18, 2, 2, 5, 'P2-S2-C5', 'P2-S2-C5', NULL, NULL, 14, 0, '2026-01-01 09:00:00'),
  (19, 2, 2, 4, 'P2-S2-C4', 'P2-S2-C4', 300000, NULL, 15, 0, '2026-01-01 09:00:00'),
  (20, 2, 3, 2, 'P2-S3-C2', 'P2-S3-C2', NULL, NULL, 12, 0, '2026-01-01 09:00:00'),
  (21, 2, 3, 5, 'P2-S3-C5', 'P2-S3-C5', NULL, NULL, 24, 0, '2026-01-01 09:00:00'),
  (22, 2, 3, 4, 'P2-S3-C4', 'P2-S3-C4', NULL, NULL, 38, 0, '2026-01-01 09:00:00'),
  (23, 2, 4, 2, 'P2-S4-C2', 'P2-S4-C2', NULL, NULL, 18, 0, '2026-01-01 09:00:00'),
  (24, 2, 4, 5, 'P2-S4-C5', 'P2-S4-C5', NULL, NULL, 21, 0, '2026-01-01 09:00:00'),
  (25, 2, 4, 4, 'P2-S4-C4', 'P2-S4-C4', NULL, NULL, 14, 0, '2026-01-01 09:00:00'),
  (26, 2, 5, 2, 'P2-S5-C2', 'P2-S5-C2', NULL, NULL, 36, 0, '2026-01-01 09:00:00'),
  (27, 2, 5, 5, 'P2-S5-C5', 'P2-S5-C5', NULL, NULL, 0, 0, '2026-01-01 09:00:00'),
  (28, 2, 5, 4, 'P2-S5-C4', 'P2-S5-C4', NULL, NULL, 21, 0, '2026-01-01 09:00:00'),
  (29, 3, 2, 4, 'P3-S2-C4', 'P3-S2-C4', NULL, NULL, 29, 0, '2026-01-03 09:00:00'),
  (30, 3, 2, 2, 'P3-S2-C2', 'P3-S2-C2', NULL, NULL, 23, 0, '2026-01-03 09:00:00'),
  (31, 3, 2, 6, 'P3-S2-C6', 'P3-S2-C6', 209000, NULL, 18, 0, '2026-01-03 09:00:00'),
  (32, 3, 2, 7, 'P3-S2-C7', 'P3-S2-C7', 209000, NULL, 15, 0, '2026-01-03 09:00:00'),
  (33, 3, 3, 4, 'P3-S3-C4', 'P3-S3-C4', NULL, NULL, 16, 0, '2026-01-03 09:00:00'),
  (34, 3, 3, 2, 'P3-S3-C2', 'P3-S3-C2', 209000, NULL, 20, 0, '2026-01-03 09:00:00'),
  (35, 3, 3, 6, 'P3-S3-C6', 'P3-S3-C6', NULL, NULL, 3, 0, '2026-01-03 09:00:00'),
  (36, 3, 3, 7, 'P3-S3-C7', 'P3-S3-C7', NULL, NULL, 23, 0, '2026-01-03 09:00:00'),
  (37, 3, 4, 4, 'P3-S4-C4', 'P3-S4-C4', NULL, NULL, 20, 0, '2026-01-03 09:00:00'),
  (38, 3, 4, 2, 'P3-S4-C2', 'P3-S4-C2', NULL, NULL, 15, 0, '2026-01-03 09:00:00'),
  (39, 3, 4, 6, 'P3-S4-C6', 'P3-S4-C6', 189000, NULL, 8, 0, '2026-01-03 09:00:00'),
  (40, 3, 4, 7, 'P3-S4-C7', 'P3-S4-C7', NULL, NULL, 13, 0, '2026-01-03 09:00:00'),
  (41, 3, 5, 4, 'P3-S5-C4', 'P3-S5-C4', 209000, NULL, 18, 0, '2026-01-03 09:00:00'),
  (42, 3, 5, 2, 'P3-S5-C2', 'P3-S5-C2', NULL, NULL, 18, 0, '2026-01-03 09:00:00'),
  (43, 3, 5, 6, 'P3-S5-C6', 'P3-S5-C6', NULL, NULL, 19, 0, '2026-01-03 09:00:00'),
  (44, 3, 5, 7, 'P3-S5-C7', 'P3-S5-C7', NULL, NULL, 15, 0, '2026-01-03 09:00:00'),
  (45, 4, 1, 4, 'P4-S1-C4', 'P4-S1-C4', NULL, NULL, 19, 0, '2026-01-03 09:00:00'),
  (46, 4, 1, 1, 'P4-S1-C1', 'P4-S1-C1', NULL, NULL, 24, 0, '2026-01-03 09:00:00'),
  (47, 4, 1, 5, 'P4-S1-C5', 'P4-S1-C5', 400000, NULL, 18, 0, '2026-01-03 09:00:00'),
  (48, 4, 2, 4, 'P4-S2-C4', 'P4-S2-C4', NULL, NULL, 36, 0, '2026-01-03 09:00:00'),
  (49, 4, 2, 1, 'P4-S2-C1', 'P4-S2-C1', NULL, NULL, 19, 0, '2026-01-03 09:00:00'),
  (50, 4, 2, 5, 'P4-S2-C5', 'P4-S2-C5', 400000, NULL, 21, 0, '2026-01-03 09:00:00'),
  (51, 4, 3, 4, 'P4-S3-C4', 'P4-S3-C4', NULL, NULL, 14, 0, '2026-01-03 09:00:00'),
  (52, 4, 3, 1, 'P4-S3-C1', 'P4-S3-C1', NULL, NULL, 23, 0, '2026-01-03 09:00:00'),
  (53, 4, 3, 5, 'P4-S3-C5', 'P4-S3-C5', NULL, NULL, 33, 0, '2026-01-03 09:00:00'),
  (54, 4, 4, 4, 'P4-S4-C4', 'P4-S4-C4', NULL, NULL, 25, 0, '2026-01-03 09:00:00'),
  (55, 4, 4, 1, 'P4-S4-C1', 'P4-S4-C1', NULL, NULL, 14, 0, '2026-01-03 09:00:00'),
  (56, 4, 4, 5, 'P4-S4-C5', 'P4-S4-C5', NULL, NULL, 31, 0, '2026-01-03 09:00:00'),
  (57, 4, 5, 4, 'P4-S5-C4', 'P4-S5-C4', NULL, NULL, 22, 0, '2026-01-03 09:00:00'),
  (58, 4, 5, 1, 'P4-S5-C1', 'P4-S5-C1', NULL, NULL, 16, 0, '2026-01-03 09:00:00'),
  (59, 4, 5, 5, 'P4-S5-C5', 'P4-S5-C5', NULL, NULL, 17, 0, '2026-01-03 09:00:00'),
  (60, 4, 6, 4, 'P4-S6-C4', 'P4-S6-C4', NULL, NULL, 17, 0, '2026-01-03 09:00:00'),
  (61, 4, 6, 1, 'P4-S6-C1', 'P4-S6-C1', NULL, NULL, 34, 0, '2026-01-03 09:00:00'),
  (62, 4, 6, 5, 'P4-S6-C5', 'P4-S6-C5', NULL, NULL, 26, 0, '2026-01-03 09:00:00'),
  (63, 5, 2, 8, 'P5-S2-C8', 'P5-S2-C8', 350000, NULL, 14, 0, '2026-01-02 09:00:00'),
  (64, 5, 2, 4, 'P5-S2-C4', 'P5-S2-C4', NULL, NULL, 13, 0, '2026-01-02 09:00:00'),
  (65, 5, 2, 1, 'P5-S2-C1', 'P5-S2-C1', NULL, NULL, 14, 0, '2026-01-02 09:00:00'),
  (66, 5, 3, 8, 'P5-S3-C8', 'P5-S3-C8', NULL, NULL, 33, 0, '2026-01-02 09:00:00'),
  (67, 5, 3, 4, 'P5-S3-C4', 'P5-S3-C4', NULL, NULL, 13, 0, '2026-01-02 09:00:00'),
  (68, 5, 3, 1, 'P5-S3-C1', 'P5-S3-C1', NULL, NULL, 35, 0, '2026-01-02 09:00:00'),
  (69, 5, 4, 8, 'P5-S4-C8', 'P5-S4-C8', NULL, NULL, 12, 0, '2026-01-02 09:00:00'),
  (70, 5, 4, 4, 'P5-S4-C4', 'P5-S4-C4', NULL, NULL, 17, 0, '2026-01-02 09:00:00'),
  (71, 5, 4, 1, 'P5-S4-C1', 'P5-S4-C1', NULL, NULL, 18, 0, '2026-01-02 09:00:00'),
  (72, 5, 5, 8, 'P5-S5-C8', 'P5-S5-C8', NULL, NULL, 21, 0, '2026-01-02 09:00:00'),
  (73, 5, 5, 4, 'P5-S5-C4', 'P5-S5-C4', NULL, NULL, 27, 0, '2026-01-02 09:00:00'),
  (74, 5, 5, 1, 'P5-S5-C1', 'P5-S5-C1', NULL, NULL, 12, 0, '2026-01-02 09:00:00'),
  (75, 6, 2, 3, 'P6-S2-C3', 'P6-S2-C3', NULL, NULL, 25, 0, '2026-01-03 09:00:00'),
  (76, 6, 2, 4, 'P6-S2-C4', 'P6-S2-C4', NULL, NULL, 22, 0, '2026-01-03 09:00:00'),
  (77, 6, 2, 9, 'P6-S2-C9', 'P6-S2-C9', NULL, NULL, 29, 0, '2026-01-03 09:00:00'),
  (78, 6, 3, 3, 'P6-S3-C3', 'P6-S3-C3', NULL, NULL, 17, 0, '2026-01-03 09:00:00'),
  (79, 6, 3, 4, 'P6-S3-C4', 'P6-S3-C4', NULL, NULL, 15, 0, '2026-01-03 09:00:00'),
  (80, 6, 3, 9, 'P6-S3-C9', 'P6-S3-C9', NULL, NULL, 30, 0, '2026-01-03 09:00:00'),
  (81, 6, 4, 3, 'P6-S4-C3', 'P6-S4-C3', NULL, NULL, 13, 0, '2026-01-03 09:00:00'),
  (82, 6, 4, 4, 'P6-S4-C4', 'P6-S4-C4', NULL, NULL, 24, 0, '2026-01-03 09:00:00'),
  (83, 6, 4, 9, 'P6-S4-C9', 'P6-S4-C9', NULL, NULL, 14, 0, '2026-01-03 09:00:00'),
  (84, 6, 5, 3, 'P6-S5-C3', 'P6-S5-C3', NULL, NULL, 19, 0, '2026-01-03 09:00:00'),
  (85, 6, 5, 4, 'P6-S5-C4', 'P6-S5-C4', NULL, NULL, 24, 0, '2026-01-03 09:00:00'),
  (86, 6, 5, 9, 'P6-S5-C9', 'P6-S5-C9', NULL, NULL, 15, 0, '2026-01-03 09:00:00'),
  (87, 7, 2, 1, 'P7-S2-C1', 'P7-S2-C1', NULL, NULL, 24, 0, '2026-01-05 09:00:00'),
  (88, 7, 2, 3, 'P7-S2-C3', 'P7-S2-C3', NULL, NULL, 31, 0, '2026-01-05 09:00:00'),
  (89, 7, 2, 4, 'P7-S2-C4', 'P7-S2-C4', NULL, NULL, 21, 0, '2026-01-05 09:00:00'),
  (90, 7, 3, 1, 'P7-S3-C1', 'P7-S3-C1', NULL, NULL, 18, 0, '2026-01-05 09:00:00'),
  (91, 7, 3, 3, 'P7-S3-C3', 'P7-S3-C3', NULL, NULL, 10, 0, '2026-01-05 09:00:00'),
  (92, 7, 3, 4, 'P7-S3-C4', 'P7-S3-C4', NULL, NULL, 19, 0, '2026-01-05 09:00:00'),
  (93, 7, 4, 1, 'P7-S4-C1', 'P7-S4-C1', NULL, NULL, 18, 0, '2026-01-05 09:00:00'),
  (94, 7, 4, 3, 'P7-S4-C3', 'P7-S4-C3', 340000, NULL, 16, 0, '2026-01-05 09:00:00'),
  (95, 7, 4, 4, 'P7-S4-C4', 'P7-S4-C4', NULL, NULL, 15, 0, '2026-01-05 09:00:00'),
  (96, 7, 5, 1, 'P7-S5-C1', 'P7-S5-C1', NULL, NULL, 26, 0, '2026-01-05 09:00:00'),
  (97, 7, 5, 3, 'P7-S5-C3', 'P7-S5-C3', 330000, NULL, 21, 0, '2026-01-05 09:00:00'),
  (98, 7, 5, 4, 'P7-S5-C4', 'P7-S5-C4', NULL, NULL, 24, 0, '2026-01-05 09:00:00'),
  (99, 8, 2, 8, 'P8-S2-C8', 'P8-S2-C8', NULL, NULL, 26, 0, '2026-01-06 09:00:00'),
  (100, 8, 2, 4, 'P8-S2-C4', 'P8-S2-C4', NULL, NULL, 27, 0, '2026-01-06 09:00:00'),
  (101, 8, 2, 1, 'P8-S2-C1', 'P8-S2-C1', 160000, NULL, 35, 0, '2026-01-06 09:00:00'),
  (102, 8, 3, 8, 'P8-S3-C8', 'P8-S3-C8', NULL, NULL, 5, 0, '2026-01-06 09:00:00'),
  (103, 8, 3, 4, 'P8-S3-C4', 'P8-S3-C4', 160000, NULL, 18, 0, '2026-01-06 09:00:00'),
  (104, 8, 3, 1, 'P8-S3-C1', 'P8-S3-C1', NULL, NULL, 25, 0, '2026-01-06 09:00:00'),
  (105, 8, 4, 8, 'P8-S4-C8', 'P8-S4-C8', NULL, NULL, 22, 0, '2026-01-06 09:00:00'),
  (106, 8, 4, 4, 'P8-S4-C4', 'P8-S4-C4', NULL, NULL, 34, 0, '2026-01-06 09:00:00'),
  (107, 8, 4, 1, 'P8-S4-C1', 'P8-S4-C1', NULL, NULL, 0, 0, '2026-01-06 09:00:00'),
  (108, 8, 5, 8, 'P8-S5-C8', 'P8-S5-C8', NULL, NULL, 22, 0, '2026-01-06 09:00:00'),
  (109, 8, 5, 4, 'P8-S5-C4', 'P8-S5-C4', NULL, NULL, 21, 0, '2026-01-06 09:00:00'),
  (110, 8, 5, 1, 'P8-S5-C1', 'P8-S5-C1', NULL, NULL, 20, 0, '2026-01-06 09:00:00'),
  (111, 9, 2, 1, 'P9-S2-C1', 'P9-S2-C1', NULL, NULL, 36, 0, '2026-01-04 09:00:00'),
  (112, 9, 2, 6, 'P9-S2-C6', 'P9-S2-C6', NULL, NULL, 32, 0, '2026-01-04 09:00:00'),
  (113, 9, 2, 4, 'P9-S2-C4', 'P9-S2-C4', NULL, NULL, 28, 0, '2026-01-04 09:00:00'),
  (114, 9, 2, 10, 'P9-S2-C10', 'P9-S2-C10', NULL, NULL, 23, 0, '2026-01-04 09:00:00'),
  (115, 9, 3, 1, 'P9-S3-C1', 'P9-S3-C1', NULL, NULL, 25, 0, '2026-01-04 09:00:00'),
  (116, 9, 3, 6, 'P9-S3-C6', 'P9-S3-C6', 460000, NULL, 12, 0, '2026-01-04 09:00:00'),
  (117, 9, 3, 4, 'P9-S3-C4', 'P9-S3-C4', NULL, NULL, 32, 0, '2026-01-04 09:00:00'),
  (118, 9, 3, 10, 'P9-S3-C10', 'P9-S3-C10', NULL, NULL, 22, 0, '2026-01-04 09:00:00'),
  (119, 9, 4, 1, 'P9-S4-C1', 'P9-S4-C1', NULL, NULL, 30, 0, '2026-01-04 09:00:00'),
  (120, 9, 4, 6, 'P9-S4-C6', 'P9-S4-C6', NULL, NULL, 30, 0, '2026-01-04 09:00:00'),
  (121, 9, 4, 4, 'P9-S4-C4', 'P9-S4-C4', NULL, NULL, 15, 0, '2026-01-04 09:00:00'),
  (122, 9, 4, 10, 'P9-S4-C10', 'P9-S4-C10', NULL, NULL, 34, 0, '2026-01-04 09:00:00'),
  (123, 9, 5, 1, 'P9-S5-C1', 'P9-S5-C1', NULL, NULL, 15, 0, '2026-01-04 09:00:00'),
  (124, 9, 5, 6, 'P9-S5-C6', 'P9-S5-C6', NULL, NULL, 14, 0, '2026-01-04 09:00:00'),
  (125, 9, 5, 4, 'P9-S5-C4', 'P9-S5-C4', NULL, NULL, 36, 0, '2026-01-04 09:00:00'),
  (126, 9, 5, 10, 'P9-S5-C10', 'P9-S5-C10', NULL, NULL, 4, 0, '2026-01-04 09:00:00'),
  (127, 10, 2, 2, 'P10-S2-C2', 'P10-S2-C2', NULL, NULL, 14, 0, '2026-01-05 09:00:00'),
  (128, 10, 2, 10, 'P10-S2-C10', 'P10-S2-C10', NULL, NULL, 34, 0, '2026-01-05 09:00:00'),
  (129, 10, 2, 8, 'P10-S2-C8', 'P10-S2-C8', NULL, NULL, 15, 0, '2026-01-05 09:00:00'),
  (130, 10, 3, 2, 'P10-S3-C2', 'P10-S3-C2', 280000, NULL, 17, 0, '2026-01-05 09:00:00'),
  (131, 10, 3, 10, 'P10-S3-C10', 'P10-S3-C10', NULL, NULL, 37, 0, '2026-01-05 09:00:00'),
  (132, 10, 3, 8, 'P10-S3-C8', 'P10-S3-C8', NULL, NULL, 13, 0, '2026-01-05 09:00:00'),
  (133, 10, 4, 2, 'P10-S4-C2', 'P10-S4-C2', NULL, NULL, 20, 0, '2026-01-05 09:00:00'),
  (134, 10, 4, 10, 'P10-S4-C10', 'P10-S4-C10', NULL, NULL, 26, 0, '2026-01-05 09:00:00'),
  (135, 10, 4, 8, 'P10-S4-C8', 'P10-S4-C8', NULL, NULL, 34, 0, '2026-01-05 09:00:00'),
  (136, 10, 5, 2, 'P10-S5-C2', 'P10-S5-C2', 280000, NULL, 18, 0, '2026-01-05 09:00:00'),
  (137, 10, 5, 10, 'P10-S5-C10', 'P10-S5-C10', 250000, NULL, 27, 0, '2026-01-05 09:00:00'),
  (138, 10, 5, 8, 'P10-S5-C8', 'P10-S5-C8', NULL, NULL, 22, 0, '2026-01-05 09:00:00'),
  (139, 11, 2, 1, 'P11-S2-C1', 'P11-S2-C1', NULL, NULL, 19, 0, '2026-01-05 09:00:00'),
  (140, 11, 2, 4, 'P11-S2-C4', 'P11-S2-C4', NULL, NULL, 25, 0, '2026-01-05 09:00:00'),
  (141, 11, 2, 3, 'P11-S2-C3', 'P11-S2-C3', NULL, NULL, 35, 0, '2026-01-05 09:00:00'),
  (142, 11, 3, 1, 'P11-S3-C1', 'P11-S3-C1', 270000, NULL, 22, 0, '2026-01-05 09:00:00'),
  (143, 11, 3, 4, 'P11-S3-C4', 'P11-S3-C4', 270000, NULL, 31, 0, '2026-01-05 09:00:00'),
  (144, 11, 3, 3, 'P11-S3-C3', 'P11-S3-C3', NULL, NULL, 16, 0, '2026-01-05 09:00:00'),
  (145, 11, 4, 1, 'P11-S4-C1', 'P11-S4-C1', NULL, NULL, 23, 0, '2026-01-05 09:00:00'),
  (146, 11, 4, 4, 'P11-S4-C4', 'P11-S4-C4', NULL, NULL, 12, 0, '2026-01-05 09:00:00'),
  (147, 11, 4, 3, 'P11-S4-C3', 'P11-S4-C3', NULL, NULL, 24, 0, '2026-01-05 09:00:00'),
  (148, 11, 5, 1, 'P11-S5-C1', 'P11-S5-C1', NULL, NULL, 25, 0, '2026-01-05 09:00:00'),
  (149, 11, 5, 4, 'P11-S5-C4', 'P11-S5-C4', NULL, NULL, 24, 0, '2026-01-05 09:00:00'),
  (150, 11, 5, 3, 'P11-S5-C3', 'P11-S5-C3', NULL, NULL, 22, 0, '2026-01-05 09:00:00'),
  (151, 12, 1, 5, 'P12-S1-C5', 'P12-S1-C5', NULL, NULL, 26, 0, '2026-01-04 09:00:00'),
  (152, 12, 1, 1, 'P12-S1-C1', 'P12-S1-C1', NULL, NULL, 29, 0, '2026-01-04 09:00:00'),
  (153, 12, 1, 4, 'P12-S1-C4', 'P12-S1-C4', NULL, NULL, 29, 0, '2026-01-04 09:00:00'),
  (154, 12, 2, 5, 'P12-S2-C5', 'P12-S2-C5', NULL, NULL, 36, 0, '2026-01-04 09:00:00'),
  (155, 12, 2, 1, 'P12-S2-C1', 'P12-S2-C1', 390000, NULL, 15, 0, '2026-01-04 09:00:00'),
  (156, 12, 2, 4, 'P12-S2-C4', 'P12-S2-C4', NULL, NULL, 29, 0, '2026-01-04 09:00:00'),
  (157, 12, 3, 5, 'P12-S3-C5', 'P12-S3-C5', NULL, NULL, 37, 0, '2026-01-04 09:00:00'),
  (158, 12, 3, 1, 'P12-S3-C1', 'P12-S3-C1', 400000, NULL, 16, 0, '2026-01-04 09:00:00'),
  (159, 12, 3, 4, 'P12-S3-C4', 'P12-S3-C4', NULL, NULL, 19, 0, '2026-01-04 09:00:00'),
  (160, 12, 4, 5, 'P12-S4-C5', 'P12-S4-C5', NULL, NULL, 20, 0, '2026-01-04 09:00:00'),
  (161, 12, 4, 1, 'P12-S4-C1', 'P12-S4-C1', NULL, NULL, 29, 0, '2026-01-04 09:00:00'),
  (162, 12, 4, 4, 'P12-S4-C4', 'P12-S4-C4', 400000, NULL, 29, 0, '2026-01-04 09:00:00'),
  (163, 12, 5, 5, 'P12-S5-C5', 'P12-S5-C5', NULL, NULL, 18, 0, '2026-01-04 09:00:00'),
  (164, 12, 5, 1, 'P12-S5-C1', 'P12-S5-C1', NULL, NULL, 24, 0, '2026-01-04 09:00:00'),
  (165, 12, 5, 4, 'P12-S5-C4', 'P12-S5-C4', NULL, NULL, 35, 0, '2026-01-04 09:00:00'),
  (166, 12, 6, 5, 'P12-S6-C5', 'P12-S6-C5', 390000, NULL, 29, 0, '2026-01-04 09:00:00'),
  (167, 12, 6, 1, 'P12-S6-C1', 'P12-S6-C1', NULL, NULL, 29, 0, '2026-01-04 09:00:00'),
  (168, 12, 6, 4, 'P12-S6-C4', 'P12-S6-C4', NULL, NULL, 27, 0, '2026-01-04 09:00:00'),
  (169, 13, 2, 8, 'P13-S2-C8', 'P13-S2-C8', 350000, NULL, 22, 0, '2026-01-01 09:00:00'),
  (170, 13, 2, 10, 'P13-S2-C10', 'P13-S2-C10', NULL, NULL, 16, 0, '2026-01-01 09:00:00'),
  (171, 13, 2, 3, 'P13-S2-C3', 'P13-S2-C3', NULL, NULL, 29, 0, '2026-01-01 09:00:00'),
  (172, 13, 2, 2, 'P13-S2-C2', 'P13-S2-C2', NULL, NULL, 25, 0, '2026-01-01 09:00:00'),
  (173, 13, 3, 8, 'P13-S3-C8', 'P13-S3-C8', NULL, NULL, 27, 0, '2026-01-01 09:00:00'),
  (174, 13, 3, 10, 'P13-S3-C10', 'P13-S3-C10', NULL, NULL, 23, 0, '2026-01-01 09:00:00'),
  (175, 13, 3, 3, 'P13-S3-C3', 'P13-S3-C3', 350000, NULL, 21, 0, '2026-01-01 09:00:00'),
  (176, 13, 3, 2, 'P13-S3-C2', 'P13-S3-C2', NULL, NULL, 28, 0, '2026-01-01 09:00:00'),
  (177, 13, 4, 8, 'P13-S4-C8', 'P13-S4-C8', NULL, NULL, 15, 0, '2026-01-01 09:00:00'),
  (178, 13, 4, 10, 'P13-S4-C10', 'P13-S4-C10', 360000, NULL, 30, 0, '2026-01-01 09:00:00'),
  (179, 13, 4, 3, 'P13-S4-C3', 'P13-S4-C3', NULL, NULL, 20, 0, '2026-01-01 09:00:00'),
  (180, 13, 4, 2, 'P13-S4-C2', 'P13-S4-C2', NULL, NULL, 29, 0, '2026-01-01 09:00:00'),
  (181, 13, 5, 8, 'P13-S5-C8', 'P13-S5-C8', NULL, NULL, 21, 0, '2026-01-01 09:00:00'),
  (182, 13, 5, 10, 'P13-S5-C10', 'P13-S5-C10', NULL, NULL, 24, 0, '2026-01-01 09:00:00'),
  (183, 13, 5, 3, 'P13-S5-C3', 'P13-S5-C3', 360000, NULL, 32, 0, '2026-01-01 09:00:00'),
  (184, 13, 5, 2, 'P13-S5-C2', 'P13-S5-C2', NULL, NULL, 26, 0, '2026-01-01 09:00:00'),
  (185, 14, 2, 3, 'P14-S2-C3', 'P14-S2-C3', NULL, NULL, 34, 0, '2026-01-04 09:00:00'),
  (186, 14, 2, 1, 'P14-S2-C1', 'P14-S2-C1', NULL, NULL, 14, 0, '2026-01-04 09:00:00'),
  (187, 14, 2, 8, 'P14-S2-C8', 'P14-S2-C8', NULL, NULL, 9, 0, '2026-01-04 09:00:00'),
  (188, 14, 3, 3, 'P14-S3-C3', 'P14-S3-C3', NULL, NULL, 29, 0, '2026-01-04 09:00:00'),
  (189, 14, 3, 1, 'P14-S3-C1', 'P14-S3-C1', NULL, NULL, 26, 0, '2026-01-04 09:00:00'),
  (190, 14, 3, 8, 'P14-S3-C8', 'P14-S3-C8', NULL, NULL, 15, 0, '2026-01-04 09:00:00'),
  (191, 14, 4, 3, 'P14-S4-C3', 'P14-S4-C3', NULL, NULL, 16, 0, '2026-01-04 09:00:00'),
  (192, 14, 4, 1, 'P14-S4-C1', 'P14-S4-C1', NULL, NULL, 13, 0, '2026-01-04 09:00:00'),
  (193, 14, 4, 8, 'P14-S4-C8', 'P14-S4-C8', NULL, NULL, 20, 0, '2026-01-04 09:00:00'),
  (194, 14, 5, 3, 'P14-S5-C3', 'P14-S5-C3', NULL, NULL, 36, 0, '2026-01-04 09:00:00'),
  (195, 14, 5, 1, 'P14-S5-C1', 'P14-S5-C1', NULL, NULL, 38, 0, '2026-01-04 09:00:00'),
  (196, 14, 5, 8, 'P14-S5-C8', 'P14-S5-C8', NULL, NULL, 27, 0, '2026-01-04 09:00:00'),
  (197, 15, 2, 1, 'P15-S2-C1', 'P15-S2-C1', 710000, NULL, 32, 0, '2026-01-02 09:00:00'),
  (198, 15, 2, 6, 'P15-S2-C6', 'P15-S2-C6', NULL, NULL, 25, 0, '2026-01-02 09:00:00'),
  (199, 15, 3, 1, 'P15-S3-C1', 'P15-S3-C1', NULL, NULL, 26, 0, '2026-01-02 09:00:00'),
  (200, 15, 3, 6, 'P15-S3-C6', 'P15-S3-C6', NULL, NULL, 16, 0, '2026-01-02 09:00:00');
INSERT INTO variants (id, product_id, size_id, color_id, sku, barcode, price_cents, cost_cents, stock, archived, created_at) VALUES
  (201, 15, 4, 1, 'P15-S4-C1', 'P15-S4-C1', NULL, NULL, 21, 0, '2026-01-02 09:00:00'),
  (202, 15, 4, 6, 'P15-S4-C6', 'P15-S4-C6', NULL, NULL, 30, 0, '2026-01-02 09:00:00'),
  (203, 16, 1, 2, 'P16-S1-C2', 'P16-S1-C2', NULL, NULL, 25, 0, '2026-01-06 09:00:00'),
  (204, 16, 1, 5, 'P16-S1-C5', 'P16-S1-C5', NULL, NULL, 25, 0, '2026-01-06 09:00:00'),
  (205, 16, 1, 6, 'P16-S1-C6', 'P16-S1-C6', NULL, NULL, 16, 0, '2026-01-06 09:00:00'),
  (206, 16, 1, 10, 'P16-S1-C10', 'P16-S1-C10', NULL, NULL, 28, 0, '2026-01-06 09:00:00'),
  (207, 16, 2, 2, 'P16-S2-C2', 'P16-S2-C2', NULL, NULL, 25, 0, '2026-01-06 09:00:00'),
  (208, 16, 2, 5, 'P16-S2-C5', 'P16-S2-C5', NULL, NULL, 25, 0, '2026-01-06 09:00:00'),
  (209, 16, 2, 6, 'P16-S2-C6', 'P16-S2-C6', NULL, NULL, 30, 0, '2026-01-06 09:00:00'),
  (210, 16, 2, 10, 'P16-S2-C10', 'P16-S2-C10', NULL, NULL, 21, 0, '2026-01-06 09:00:00'),
  (211, 16, 3, 2, 'P16-S3-C2', 'P16-S3-C2', NULL, NULL, 15, 0, '2026-01-06 09:00:00'),
  (212, 16, 3, 5, 'P16-S3-C5', 'P16-S3-C5', 109000, NULL, 23, 0, '2026-01-06 09:00:00'),
  (213, 16, 3, 6, 'P16-S3-C6', 'P16-S3-C6', NULL, NULL, 29, 0, '2026-01-06 09:00:00'),
  (214, 16, 3, 10, 'P16-S3-C10', 'P16-S3-C10', NULL, NULL, 30, 0, '2026-01-06 09:00:00'),
  (215, 17, 1, 4, 'P17-S1-C4', 'P17-S1-C4', NULL, NULL, 33, 0, '2026-01-02 09:00:00'),
  (216, 17, 1, 3, 'P17-S1-C3', 'P17-S1-C3', NULL, NULL, 26, 0, '2026-01-02 09:00:00'),
  (217, 17, 1, 8, 'P17-S1-C8', 'P17-S1-C8', NULL, NULL, 31, 0, '2026-01-02 09:00:00'),
  (218, 17, 2, 4, 'P17-S2-C4', 'P17-S2-C4', NULL, NULL, 20, 0, '2026-01-02 09:00:00'),
  (219, 17, 2, 3, 'P17-S2-C3', 'P17-S2-C3', NULL, NULL, 19, 0, '2026-01-02 09:00:00'),
  (220, 17, 2, 8, 'P17-S2-C8', 'P17-S2-C8', NULL, NULL, 23, 0, '2026-01-02 09:00:00'),
  (221, 17, 3, 4, 'P17-S3-C4', 'P17-S3-C4', NULL, NULL, 34, 0, '2026-01-02 09:00:00'),
  (222, 17, 3, 3, 'P17-S3-C3', 'P17-S3-C3', NULL, NULL, 27, 0, '2026-01-02 09:00:00'),
  (223, 17, 3, 8, 'P17-S3-C8', 'P17-S3-C8', NULL, NULL, 36, 0, '2026-01-02 09:00:00'),
  (224, 18, 1, 10, 'P18-S1-C10', 'P18-S1-C10', NULL, NULL, 30, 0, '2026-01-05 09:00:00'),
  (225, 18, 1, 6, 'P18-S1-C6', 'P18-S1-C6', NULL, NULL, 34, 0, '2026-01-05 09:00:00'),
  (226, 18, 1, 2, 'P18-S1-C2', 'P18-S1-C2', NULL, NULL, 33, 0, '2026-01-05 09:00:00'),
  (227, 18, 2, 10, 'P18-S2-C10', 'P18-S2-C10', 219000, NULL, 21, 0, '2026-01-05 09:00:00'),
  (228, 18, 2, 6, 'P18-S2-C6', 'P18-S2-C6', NULL, NULL, 33, 0, '2026-01-05 09:00:00'),
  (229, 18, 2, 2, 'P18-S2-C2', 'P18-S2-C2', NULL, NULL, 20, 0, '2026-01-05 09:00:00'),
  (230, 18, 3, 10, 'P18-S3-C10', 'P18-S3-C10', NULL, NULL, 19, 0, '2026-01-05 09:00:00'),
  (231, 18, 3, 6, 'P18-S3-C6', 'P18-S3-C6', NULL, NULL, 15, 0, '2026-01-05 09:00:00'),
  (232, 18, 3, 2, 'P18-S3-C2', 'P18-S3-C2', NULL, NULL, 13, 0, '2026-01-05 09:00:00'),
  (233, 19, 1, 4, 'P19-S1-C4', 'P19-S1-C4', 260000, NULL, 10, 0, '2026-01-06 09:00:00'),
  (234, 19, 1, 1, 'P19-S1-C1', 'P19-S1-C1', NULL, NULL, 20, 0, '2026-01-06 09:00:00'),
  (235, 19, 1, 6, 'P19-S1-C6', 'P19-S1-C6', NULL, NULL, 21, 0, '2026-01-06 09:00:00'),
  (236, 19, 2, 4, 'P19-S2-C4', 'P19-S2-C4', 280000, NULL, 25, 0, '2026-01-06 09:00:00'),
  (237, 19, 2, 1, 'P19-S2-C1', 'P19-S2-C1', NULL, NULL, 31, 0, '2026-01-06 09:00:00'),
  (238, 19, 2, 6, 'P19-S2-C6', 'P19-S2-C6', NULL, NULL, 30, 0, '2026-01-06 09:00:00'),
  (239, 19, 3, 4, 'P19-S3-C4', 'P19-S3-C4', NULL, NULL, 24, 0, '2026-01-06 09:00:00'),
  (240, 19, 3, 1, 'P19-S3-C1', 'P19-S3-C1', NULL, NULL, 12, 0, '2026-01-06 09:00:00'),
  (241, 19, 3, 6, 'P19-S3-C6', 'P19-S3-C6', NULL, NULL, 34, 0, '2026-01-06 09:00:00'),
  (242, 20, 1, 5, 'P20-S1-C5', 'P20-S1-C5', NULL, NULL, 28, 0, '2026-01-02 09:00:00'),
  (243, 20, 1, 10, 'P20-S1-C10', 'P20-S1-C10', NULL, NULL, 0, 0, '2026-01-02 09:00:00'),
  (244, 20, 1, 3, 'P20-S1-C3', 'P20-S1-C3', NULL, NULL, 11, 0, '2026-01-02 09:00:00'),
  (245, 20, 2, 5, 'P20-S2-C5', 'P20-S2-C5', NULL, NULL, 13, 0, '2026-01-02 09:00:00'),
  (246, 20, 2, 10, 'P20-S2-C10', 'P20-S2-C10', NULL, NULL, 34, 0, '2026-01-02 09:00:00'),
  (247, 20, 2, 3, 'P20-S2-C3', 'P20-S2-C3', NULL, NULL, 16, 0, '2026-01-02 09:00:00'),
  (248, 20, 3, 5, 'P20-S3-C5', 'P20-S3-C5', NULL, NULL, 33, 0, '2026-01-02 09:00:00'),
  (249, 20, 3, 10, 'P20-S3-C10', 'P20-S3-C10', 150000, NULL, 27, 0, '2026-01-02 09:00:00'),
  (250, 20, 3, 3, 'P20-S3-C3', 'P20-S3-C3', NULL, NULL, 28, 0, '2026-01-02 09:00:00'),
  (251, 21, 30, 1, 'P21-S30-C1', 'P21-S30-C1', 570000, NULL, 21, 0, '2026-01-01 09:00:00'),
  (252, 21, 30, 2, 'P21-S30-C2', 'P21-S30-C2', NULL, NULL, 27, 0, '2026-01-01 09:00:00'),
  (253, 21, 30, 3, 'P21-S30-C3', 'P21-S30-C3', NULL, NULL, 23, 0, '2026-01-01 09:00:00'),
  (254, 21, 31, 1, 'P21-S31-C1', 'P21-S31-C1', NULL, NULL, 12, 0, '2026-01-01 09:00:00'),
  (255, 21, 31, 2, 'P21-S31-C2', 'P21-S31-C2', NULL, NULL, 4, 0, '2026-01-01 09:00:00'),
  (256, 21, 31, 3, 'P21-S31-C3', 'P21-S31-C3', NULL, NULL, 38, 0, '2026-01-01 09:00:00'),
  (257, 21, 32, 1, 'P21-S32-C1', 'P21-S32-C1', NULL, NULL, 26, 0, '2026-01-01 09:00:00'),
  (258, 21, 32, 2, 'P21-S32-C2', 'P21-S32-C2', NULL, NULL, 29, 0, '2026-01-01 09:00:00'),
  (259, 21, 32, 3, 'P21-S32-C3', 'P21-S32-C3', NULL, NULL, 14, 0, '2026-01-01 09:00:00'),
  (260, 21, 33, 1, 'P21-S33-C1', 'P21-S33-C1', NULL, NULL, 35, 0, '2026-01-01 09:00:00'),
  (261, 21, 33, 2, 'P21-S33-C2', 'P21-S33-C2', NULL, NULL, 25, 0, '2026-01-01 09:00:00'),
  (262, 21, 33, 3, 'P21-S33-C3', 'P21-S33-C3', NULL, NULL, 27, 0, '2026-01-01 09:00:00'),
  (263, 21, 34, 1, 'P21-S34-C1', 'P21-S34-C1', NULL, NULL, 21, 0, '2026-01-01 09:00:00'),
  (264, 21, 34, 2, 'P21-S34-C2', 'P21-S34-C2', NULL, NULL, 35, 0, '2026-01-01 09:00:00'),
  (265, 21, 34, 3, 'P21-S34-C3', 'P21-S34-C3', NULL, NULL, 30, 0, '2026-01-01 09:00:00'),
  (266, 21, 35, 1, 'P21-S35-C1', 'P21-S35-C1', NULL, NULL, 31, 0, '2026-01-01 09:00:00'),
  (267, 21, 35, 2, 'P21-S35-C2', 'P21-S35-C2', NULL, NULL, 25, 0, '2026-01-01 09:00:00'),
  (268, 21, 35, 3, 'P21-S35-C3', 'P21-S35-C3', NULL, NULL, 33, 0, '2026-01-01 09:00:00'),
  (269, 21, 36, 1, 'P21-S36-C1', 'P21-S36-C1', NULL, NULL, 19, 0, '2026-01-01 09:00:00'),
  (270, 21, 36, 2, 'P21-S36-C2', 'P21-S36-C2', NULL, NULL, 30, 0, '2026-01-01 09:00:00'),
  (271, 21, 36, 3, 'P21-S36-C3', 'P21-S36-C3', NULL, NULL, 17, 0, '2026-01-01 09:00:00'),
  (272, 22, 30, 2, 'P22-S30-C2', 'P22-S30-C2', NULL, NULL, 15, 0, '2026-01-05 09:00:00'),
  (273, 22, 30, 10, 'P22-S30-C10', 'P22-S30-C10', NULL, NULL, 34, 0, '2026-01-05 09:00:00'),
  (274, 22, 30, 1, 'P22-S30-C1', 'P22-S30-C1', NULL, NULL, 23, 0, '2026-01-05 09:00:00'),
  (275, 22, 31, 2, 'P22-S31-C2', 'P22-S31-C2', NULL, NULL, 21, 0, '2026-01-05 09:00:00'),
  (276, 22, 31, 10, 'P22-S31-C10', 'P22-S31-C10', NULL, NULL, 22, 0, '2026-01-05 09:00:00'),
  (277, 22, 31, 1, 'P22-S31-C1', 'P22-S31-C1', 509000, NULL, 21, 0, '2026-01-05 09:00:00'),
  (278, 22, 32, 2, 'P22-S32-C2', 'P22-S32-C2', 489000, NULL, 21, 0, '2026-01-05 09:00:00'),
  (279, 22, 32, 10, 'P22-S32-C10', 'P22-S32-C10', NULL, NULL, 33, 0, '2026-01-05 09:00:00'),
  (280, 22, 32, 1, 'P22-S32-C1', 'P22-S32-C1', NULL, NULL, 15, 0, '2026-01-05 09:00:00'),
  (281, 22, 33, 2, 'P22-S33-C2', 'P22-S33-C2', NULL, NULL, 31, 0, '2026-01-05 09:00:00'),
  (282, 22, 33, 10, 'P22-S33-C10', 'P22-S33-C10', NULL, NULL, 17, 0, '2026-01-05 09:00:00'),
  (283, 22, 33, 1, 'P22-S33-C1', 'P22-S33-C1', NULL, NULL, 19, 0, '2026-01-05 09:00:00'),
  (284, 22, 34, 2, 'P22-S34-C2', 'P22-S34-C2', NULL, NULL, 17, 0, '2026-01-05 09:00:00'),
  (285, 22, 34, 10, 'P22-S34-C10', 'P22-S34-C10', NULL, NULL, 23, 0, '2026-01-05 09:00:00'),
  (286, 22, 34, 1, 'P22-S34-C1', 'P22-S34-C1', NULL, NULL, 34, 0, '2026-01-05 09:00:00'),
  (287, 22, 35, 2, 'P22-S35-C2', 'P22-S35-C2', NULL, NULL, 27, 0, '2026-01-05 09:00:00'),
  (288, 22, 35, 10, 'P22-S35-C10', 'P22-S35-C10', NULL, NULL, 26, 0, '2026-01-05 09:00:00'),
  (289, 22, 35, 1, 'P22-S35-C1', 'P22-S35-C1', NULL, NULL, 28, 0, '2026-01-05 09:00:00'),
  (290, 22, 36, 2, 'P22-S36-C2', 'P22-S36-C2', NULL, NULL, 21, 0, '2026-01-05 09:00:00'),
  (291, 22, 36, 10, 'P22-S36-C10', 'P22-S36-C10', NULL, NULL, 24, 0, '2026-01-05 09:00:00'),
  (292, 22, 36, 1, 'P22-S36-C1', 'P22-S36-C1', 509000, NULL, 25, 0, '2026-01-05 09:00:00'),
  (293, 23, 30, 1, 'P23-S30-C1', 'P23-S30-C1', NULL, NULL, 16, 0, '2026-01-04 09:00:00'),
  (294, 23, 30, 9, 'P23-S30-C9', 'P23-S30-C9', NULL, NULL, 28, 0, '2026-01-04 09:00:00'),
  (295, 23, 31, 1, 'P23-S31-C1', 'P23-S31-C1', NULL, NULL, 29, 0, '2026-01-04 09:00:00'),
  (296, 23, 31, 9, 'P23-S31-C9', 'P23-S31-C9', NULL, NULL, 20, 0, '2026-01-04 09:00:00'),
  (297, 23, 32, 1, 'P23-S32-C1', 'P23-S32-C1', 680000, NULL, 26, 0, '2026-01-04 09:00:00'),
  (298, 23, 32, 9, 'P23-S32-C9', 'P23-S32-C9', NULL, NULL, 32, 0, '2026-01-04 09:00:00'),
  (299, 23, 33, 1, 'P23-S33-C1', 'P23-S33-C1', NULL, NULL, 31, 0, '2026-01-04 09:00:00'),
  (300, 23, 33, 9, 'P23-S33-C9', 'P23-S33-C9', NULL, NULL, 26, 0, '2026-01-04 09:00:00'),
  (301, 23, 34, 1, 'P23-S34-C1', 'P23-S34-C1', NULL, NULL, 29, 0, '2026-01-04 09:00:00'),
  (302, 23, 34, 9, 'P23-S34-C9', 'P23-S34-C9', NULL, NULL, 33, 0, '2026-01-04 09:00:00'),
  (303, 23, 35, 1, 'P23-S35-C1', 'P23-S35-C1', NULL, NULL, 18, 0, '2026-01-04 09:00:00'),
  (304, 23, 35, 9, 'P23-S35-C9', 'P23-S35-C9', NULL, NULL, 35, 0, '2026-01-04 09:00:00'),
  (305, 23, 36, 1, 'P23-S36-C1', 'P23-S36-C1', NULL, NULL, 32, 0, '2026-01-04 09:00:00'),
  (306, 23, 36, 9, 'P23-S36-C9', 'P23-S36-C9', NULL, NULL, 37, 0, '2026-01-04 09:00:00'),
  (307, 24, 30, 8, 'P24-S30-C8', 'P24-S30-C8', NULL, NULL, 34, 0, '2026-01-04 09:00:00'),
  (308, 24, 30, 1, 'P24-S30-C1', 'P24-S30-C1', NULL, NULL, 19, 0, '2026-01-04 09:00:00'),
  (309, 24, 30, 9, 'P24-S30-C9', 'P24-S30-C9', NULL, NULL, 32, 0, '2026-01-04 09:00:00'),
  (310, 24, 31, 8, 'P24-S31-C8', 'P24-S31-C8', NULL, NULL, 23, 0, '2026-01-04 09:00:00'),
  (311, 24, 31, 1, 'P24-S31-C1', 'P24-S31-C1', NULL, NULL, 18, 0, '2026-01-04 09:00:00'),
  (312, 24, 31, 9, 'P24-S31-C9', 'P24-S31-C9', 310000, NULL, 14, 0, '2026-01-04 09:00:00'),
  (313, 24, 32, 8, 'P24-S32-C8', 'P24-S32-C8', NULL, NULL, 22, 0, '2026-01-04 09:00:00'),
  (314, 24, 32, 1, 'P24-S32-C1', 'P24-S32-C1', NULL, NULL, 37, 0, '2026-01-04 09:00:00'),
  (315, 24, 32, 9, 'P24-S32-C9', 'P24-S32-C9', 310000, NULL, 29, 0, '2026-01-04 09:00:00'),
  (316, 24, 33, 8, 'P24-S33-C8', 'P24-S33-C8', NULL, NULL, 36, 0, '2026-01-04 09:00:00'),
  (317, 24, 33, 1, 'P24-S33-C1', 'P24-S33-C1', NULL, NULL, 33, 0, '2026-01-04 09:00:00'),
  (318, 24, 33, 9, 'P24-S33-C9', 'P24-S33-C9', NULL, NULL, 17, 0, '2026-01-04 09:00:00'),
  (319, 24, 34, 8, 'P24-S34-C8', 'P24-S34-C8', 340000, NULL, 19, 0, '2026-01-04 09:00:00'),
  (320, 24, 34, 1, 'P24-S34-C1', 'P24-S34-C1', NULL, NULL, 30, 0, '2026-01-04 09:00:00'),
  (321, 24, 34, 9, 'P24-S34-C9', 'P24-S34-C9', NULL, NULL, 22, 0, '2026-01-04 09:00:00'),
  (322, 24, 35, 8, 'P24-S35-C8', 'P24-S35-C8', NULL, NULL, 12, 0, '2026-01-04 09:00:00'),
  (323, 24, 35, 1, 'P24-S35-C1', 'P24-S35-C1', NULL, NULL, 25, 0, '2026-01-04 09:00:00'),
  (324, 24, 35, 9, 'P24-S35-C9', 'P24-S35-C9', NULL, NULL, 21, 0, '2026-01-04 09:00:00'),
  (325, 24, 36, 8, 'P24-S36-C8', 'P24-S36-C8', NULL, NULL, 33, 0, '2026-01-04 09:00:00'),
  (326, 24, 36, 1, 'P24-S36-C1', 'P24-S36-C1', NULL, NULL, 24, 0, '2026-01-04 09:00:00'),
  (327, 24, 36, 9, 'P24-S36-C9', 'P24-S36-C9', NULL, NULL, 32, 0, '2026-01-04 09:00:00'),
  (328, 25, 30, 1, 'P25-S30-C1', 'P25-S30-C1', NULL, NULL, 15, 0, '2026-01-06 09:00:00'),
  (329, 25, 30, 9, 'P25-S30-C9', 'P25-S30-C9', NULL, NULL, 27, 0, '2026-01-06 09:00:00'),
  (330, 25, 31, 1, 'P25-S31-C1', 'P25-S31-C1', 609000, NULL, 18, 0, '2026-01-06 09:00:00'),
  (331, 25, 31, 9, 'P25-S31-C9', 'P25-S31-C9', NULL, NULL, 28, 0, '2026-01-06 09:00:00'),
  (332, 25, 32, 1, 'P25-S32-C1', 'P25-S32-C1', NULL, NULL, 31, 0, '2026-01-06 09:00:00'),
  (333, 25, 32, 9, 'P25-S32-C9', 'P25-S32-C9', NULL, NULL, 30, 0, '2026-01-06 09:00:00'),
  (334, 25, 33, 1, 'P25-S33-C1', 'P25-S33-C1', NULL, NULL, 0, 0, '2026-01-06 09:00:00'),
  (335, 25, 33, 9, 'P25-S33-C9', 'P25-S33-C9', NULL, NULL, 20, 0, '2026-01-06 09:00:00'),
  (336, 25, 34, 1, 'P25-S34-C1', 'P25-S34-C1', NULL, NULL, 15, 0, '2026-01-06 09:00:00'),
  (337, 25, 34, 9, 'P25-S34-C9', 'P25-S34-C9', NULL, NULL, 30, 0, '2026-01-06 09:00:00'),
  (338, 25, 35, 1, 'P25-S35-C1', 'P25-S35-C1', 619000, NULL, 21, 0, '2026-01-06 09:00:00'),
  (339, 25, 35, 9, 'P25-S35-C9', 'P25-S35-C9', 589000, NULL, 13, 0, '2026-01-06 09:00:00'),
  (340, 25, 36, 1, 'P25-S36-C1', 'P25-S36-C1', NULL, NULL, 28, 0, '2026-01-06 09:00:00'),
  (341, 25, 36, 9, 'P25-S36-C9', 'P25-S36-C9', NULL, NULL, 13, 0, '2026-01-06 09:00:00'),
  (342, 26, NULL, 1, 'P26-SX-C1', 'P26-SX-C1', NULL, NULL, 30, 0, '2026-01-03 09:00:00'),
  (343, 26, NULL, 4, 'P26-SX-C4', 'P26-SX-C4', NULL, NULL, 30, 0, '2026-01-03 09:00:00'),
  (344, 26, NULL, 6, 'P26-SX-C6', 'P26-SX-C6', NULL, NULL, 29, 0, '2026-01-03 09:00:00'),
  (345, 26, NULL, 2, 'P26-SX-C2', 'P26-SX-C2', NULL, NULL, 22, 0, '2026-01-03 09:00:00'),
  (346, 27, NULL, 1, 'P27-SX-C1', 'P27-SX-C1', NULL, NULL, 24, 0, '2026-01-06 09:00:00'),
  (347, 27, NULL, 9, 'P27-SX-C9', 'P27-SX-C9', NULL, NULL, 15, 0, '2026-01-06 09:00:00'),
  (348, 28, NULL, 3, 'P28-SX-C3', 'P28-SX-C3', NULL, NULL, 31, 0, '2026-01-04 09:00:00'),
  (349, 28, NULL, 4, 'P28-SX-C4', 'P28-SX-C4', 110000, NULL, 13, 0, '2026-01-04 09:00:00'),
  (350, 28, NULL, 6, 'P28-SX-C6', 'P28-SX-C6', NULL, NULL, 30, 0, '2026-01-04 09:00:00'),
  (351, 28, NULL, 8, 'P28-SX-C8', 'P28-SX-C8', NULL, NULL, 19, 0, '2026-01-04 09:00:00'),
  (352, 29, NULL, 1, 'P29-SX-C1', 'P29-SX-C1', NULL, NULL, 31, 0, '2026-01-02 09:00:00'),
  (353, 29, NULL, 9, 'P29-SX-C9', 'P29-SX-C9', NULL, NULL, 27, 0, '2026-01-02 09:00:00'),
  (354, 29, NULL, 8, 'P29-SX-C8', 'P29-SX-C8', NULL, NULL, 18, 0, '2026-01-02 09:00:00'),
  (355, 30, NULL, 1, 'P30-SX-C1', 'P30-SX-C1', NULL, NULL, 20, 0, '2026-01-06 09:00:00'),
  (356, 30, NULL, 9, 'P30-SX-C9', 'P30-SX-C9', NULL, NULL, 15, 0, '2026-01-06 09:00:00'),
  (357, 31, 2, 1, 'P31-S2-C1', 'P31-S2-C1', NULL, NULL, 35, 0, '2026-01-06 09:00:00'),
  (358, 31, 2, 4, 'P31-S2-C4', 'P31-S2-C4', NULL, NULL, 23, 0, '2026-01-06 09:00:00'),
  (359, 31, 2, 3, 'P31-S2-C3', 'P31-S2-C3', NULL, NULL, 23, 0, '2026-01-06 09:00:00'),
  (360, 31, 3, 1, 'P31-S3-C1', 'P31-S3-C1', NULL, NULL, 15, 0, '2026-01-06 09:00:00'),
  (361, 31, 3, 4, 'P31-S3-C4', 'P31-S3-C4', NULL, NULL, 22, 0, '2026-01-06 09:00:00'),
  (362, 31, 3, 3, 'P31-S3-C3', 'P31-S3-C3', NULL, NULL, 32, 0, '2026-01-06 09:00:00'),
  (363, 31, 4, 1, 'P31-S4-C1', 'P31-S4-C1', NULL, NULL, 17, 0, '2026-01-06 09:00:00'),
  (364, 31, 4, 4, 'P31-S4-C4', 'P31-S4-C4', NULL, NULL, 12, 0, '2026-01-06 09:00:00'),
  (365, 31, 4, 3, 'P31-S4-C3', 'P31-S4-C3', NULL, NULL, 14, 0, '2026-01-06 09:00:00'),
  (366, 31, 5, 1, 'P31-S5-C1', 'P31-S5-C1', NULL, NULL, 21, 0, '2026-01-06 09:00:00'),
  (367, 31, 5, 4, 'P31-S5-C4', 'P31-S5-C4', 460000, NULL, 33, 0, '2026-01-06 09:00:00'),
  (368, 31, 5, 3, 'P31-S5-C3', 'P31-S5-C3', NULL, NULL, 32, 0, '2026-01-06 09:00:00'),
  (369, 32, 2, 1, 'P32-S2-C1', 'P32-S2-C1', 160000, NULL, 28, 0, '2026-01-03 09:00:00'),
  (370, 32, 2, 4, 'P32-S2-C4', 'P32-S2-C4', NULL, NULL, 25, 0, '2026-01-03 09:00:00'),
  (371, 32, 2, 6, 'P32-S2-C6', 'P32-S2-C6', NULL, NULL, 21, 0, '2026-01-03 09:00:00'),
  (372, 32, 3, 1, 'P32-S3-C1', 'P32-S3-C1', NULL, NULL, 38, 0, '2026-01-03 09:00:00'),
  (373, 32, 3, 4, 'P32-S3-C4', 'P32-S3-C4', NULL, NULL, 24, 0, '2026-01-03 09:00:00'),
  (374, 32, 3, 6, 'P32-S3-C6', 'P32-S3-C6', NULL, NULL, 9, 0, '2026-01-03 09:00:00'),
  (375, 32, 4, 1, 'P32-S4-C1', 'P32-S4-C1', NULL, NULL, 32, 0, '2026-01-03 09:00:00'),
  (376, 32, 4, 4, 'P32-S4-C4', 'P32-S4-C4', NULL, NULL, 33, 0, '2026-01-03 09:00:00'),
  (377, 32, 4, 6, 'P32-S4-C6', 'P32-S4-C6', NULL, NULL, 24, 0, '2026-01-03 09:00:00'),
  (378, 32, 5, 1, 'P32-S5-C1', 'P32-S5-C1', NULL, NULL, 17, 0, '2026-01-03 09:00:00'),
  (379, 32, 5, 4, 'P32-S5-C4', 'P32-S5-C4', NULL, NULL, 15, 0, '2026-01-03 09:00:00'),
  (380, 32, 5, 6, 'P32-S5-C6', 'P32-S5-C6', NULL, NULL, 34, 0, '2026-01-03 09:00:00'),
  (381, 33, 2, 1, 'P33-S2-C1', 'P33-S2-C1', NULL, NULL, 31, 0, '2026-01-01 09:00:00'),
  (382, 33, 2, 3, 'P33-S2-C3', 'P33-S2-C3', NULL, NULL, 13, 0, '2026-01-01 09:00:00'),
  (383, 33, 2, 4, 'P33-S2-C4', 'P33-S2-C4', 170000, NULL, 10, 0, '2026-01-01 09:00:00'),
  (384, 33, 3, 1, 'P33-S3-C1', 'P33-S3-C1', NULL, NULL, 30, 0, '2026-01-01 09:00:00'),
  (385, 33, 3, 3, 'P33-S3-C3', 'P33-S3-C3', NULL, NULL, 19, 0, '2026-01-01 09:00:00'),
  (386, 33, 3, 4, 'P33-S3-C4', 'P33-S3-C4', NULL, NULL, 26, 0, '2026-01-01 09:00:00'),
  (387, 33, 4, 1, 'P33-S4-C1', 'P33-S4-C1', NULL, NULL, 33, 0, '2026-01-01 09:00:00'),
  (388, 33, 4, 3, 'P33-S4-C3', 'P33-S4-C3', NULL, NULL, 17, 0, '2026-01-01 09:00:00'),
  (389, 33, 4, 4, 'P33-S4-C4', 'P33-S4-C4', NULL, NULL, 29, 0, '2026-01-01 09:00:00'),
  (390, 34, 2, 1, 'P34-S2-C1', 'P34-S2-C1', NULL, NULL, 16, 0, '2026-01-04 09:00:00'),
  (391, 34, 2, 2, 'P34-S2-C2', 'P34-S2-C2', NULL, NULL, 29, 0, '2026-01-04 09:00:00'),
  (392, 34, 2, 5, 'P34-S2-C5', 'P34-S2-C5', NULL, NULL, 32, 0, '2026-01-04 09:00:00'),
  (393, 34, 3, 1, 'P34-S3-C1', 'P34-S3-C1', NULL, NULL, 13, 0, '2026-01-04 09:00:00'),
  (394, 34, 3, 2, 'P34-S3-C2', 'P34-S3-C2', 110000, NULL, 26, 0, '2026-01-04 09:00:00'),
  (395, 34, 3, 5, 'P34-S3-C5', 'P34-S3-C5', NULL, NULL, 23, 0, '2026-01-04 09:00:00'),
  (396, 34, 4, 1, 'P34-S4-C1', 'P34-S4-C1', NULL, NULL, 17, 0, '2026-01-04 09:00:00'),
  (397, 34, 4, 2, 'P34-S4-C2', 'P34-S4-C2', NULL, NULL, 15, 0, '2026-01-04 09:00:00'),
  (398, 34, 4, 5, 'P34-S4-C5', 'P34-S4-C5', NULL, NULL, 30, 0, '2026-01-04 09:00:00'),
  (399, 34, 5, 1, 'P34-S5-C1', 'P34-S5-C1', NULL, NULL, 22, 0, '2026-01-04 09:00:00'),
  (400, 34, 5, 2, 'P34-S5-C2', 'P34-S5-C2', NULL, NULL, 37, 0, '2026-01-04 09:00:00');
INSERT INTO variants (id, product_id, size_id, color_id, sku, barcode, price_cents, cost_cents, stock, archived, created_at) VALUES
  (401, 34, 5, 5, 'P34-S5-C5', 'P34-S5-C5', NULL, NULL, 24, 0, '2026-01-04 09:00:00'),
  (402, 35, 2, 1, 'P35-S2-C1', 'P35-S2-C1', NULL, NULL, 19, 0, '2026-01-03 09:00:00'),
  (403, 35, 2, 4, 'P35-S2-C4', 'P35-S2-C4', 400000, NULL, 25, 0, '2026-01-03 09:00:00'),
  (404, 35, 3, 1, 'P35-S3-C1', 'P35-S3-C1', NULL, NULL, 15, 0, '2026-01-03 09:00:00'),
  (405, 35, 3, 4, 'P35-S3-C4', 'P35-S3-C4', NULL, NULL, 25, 0, '2026-01-03 09:00:00'),
  (406, 35, 4, 1, 'P35-S4-C1', 'P35-S4-C1', NULL, NULL, 28, 0, '2026-01-03 09:00:00'),
  (407, 35, 4, 4, 'P35-S4-C4', 'P35-S4-C4', NULL, NULL, 15, 0, '2026-01-03 09:00:00'),
  (408, 35, 5, 1, 'P35-S5-C1', 'P35-S5-C1', NULL, NULL, 32, 0, '2026-01-03 09:00:00'),
  (409, 35, 5, 4, 'P35-S5-C4', 'P35-S5-C4', NULL, NULL, 31, 0, '2026-01-03 09:00:00'),
  (410, 36, NULL, 1, 'P36-SX-C1', 'P36-SX-C1', 95000, NULL, 18, 0, '2026-01-04 09:00:00'),
  (411, 36, NULL, 2, 'P36-SX-C2', 'P36-SX-C2', NULL, NULL, 11, 0, '2026-01-04 09:00:00'),
  (412, 36, NULL, 3, 'P36-SX-C3', 'P36-SX-C3', NULL, NULL, 20, 0, '2026-01-04 09:00:00'),
  (413, 37, 2, 1, 'P37-S2-C1', 'P37-S2-C1', 100000, NULL, 24, 0, '2026-01-03 09:00:00'),
  (414, 37, 2, 4, 'P37-S2-C4', 'P37-S2-C4', NULL, NULL, 30, 0, '2026-01-03 09:00:00'),
  (415, 37, 3, 1, 'P37-S3-C1', 'P37-S3-C1', NULL, NULL, 18, 0, '2026-01-03 09:00:00'),
  (416, 37, 3, 4, 'P37-S3-C4', 'P37-S3-C4', NULL, NULL, 25, 0, '2026-01-03 09:00:00'),
  (417, 37, 4, 1, 'P37-S4-C1', 'P37-S4-C1', NULL, NULL, 13, 0, '2026-01-03 09:00:00'),
  (418, 37, 4, 4, 'P37-S4-C4', 'P37-S4-C4', NULL, NULL, 31, 0, '2026-01-03 09:00:00'),
  (419, 37, 5, 1, 'P37-S5-C1', 'P37-S5-C1', NULL, NULL, 32, 0, '2026-01-03 09:00:00'),
  (420, 37, 5, 4, 'P37-S5-C4', 'P37-S5-C4', NULL, NULL, 19, 0, '2026-01-03 09:00:00'),
  (421, 38, 2, 1, 'P38-S2-C1', 'P38-S2-C1', NULL, NULL, 32, 0, '2026-01-06 09:00:00'),
  (422, 38, 2, 2, 'P38-S2-C2', 'P38-S2-C2', NULL, NULL, 19, 0, '2026-01-06 09:00:00'),
  (423, 38, 2, 10, 'P38-S2-C10', 'P38-S2-C10', NULL, NULL, 34, 0, '2026-01-06 09:00:00'),
  (424, 38, 2, 8, 'P38-S2-C8', 'P38-S2-C8', NULL, NULL, 16, 0, '2026-01-06 09:00:00'),
  (425, 38, 3, 1, 'P38-S3-C1', 'P38-S3-C1', NULL, NULL, 24, 0, '2026-01-06 09:00:00'),
  (426, 38, 3, 2, 'P38-S3-C2', 'P38-S3-C2', NULL, NULL, 19, 0, '2026-01-06 09:00:00'),
  (427, 38, 3, 10, 'P38-S3-C10', 'P38-S3-C10', NULL, NULL, 13, 0, '2026-01-06 09:00:00'),
  (428, 38, 3, 8, 'P38-S3-C8', 'P38-S3-C8', NULL, NULL, 17, 0, '2026-01-06 09:00:00'),
  (429, 38, 4, 1, 'P38-S4-C1', 'P38-S4-C1', 109000, NULL, 32, 0, '2026-01-06 09:00:00'),
  (430, 38, 4, 2, 'P38-S4-C2', 'P38-S4-C2', NULL, NULL, 18, 0, '2026-01-06 09:00:00'),
  (431, 38, 4, 10, 'P38-S4-C10', 'P38-S4-C10', NULL, NULL, 26, 0, '2026-01-06 09:00:00'),
  (432, 38, 4, 8, 'P38-S4-C8', 'P38-S4-C8', NULL, NULL, 16, 0, '2026-01-06 09:00:00'),
  (433, 39, 2, 2, 'P39-S2-C2', 'P39-S2-C2', NULL, NULL, 12, 0, '2026-01-02 09:00:00'),
  (434, 39, 2, 3, 'P39-S2-C3', 'P39-S2-C3', NULL, NULL, 20, 0, '2026-01-02 09:00:00'),
  (435, 39, 3, 2, 'P39-S3-C2', 'P39-S3-C2', NULL, NULL, 33, 0, '2026-01-02 09:00:00'),
  (436, 39, 3, 3, 'P39-S3-C3', 'P39-S3-C3', NULL, NULL, 21, 0, '2026-01-02 09:00:00'),
  (437, 39, 4, 2, 'P39-S4-C2', 'P39-S4-C2', NULL, NULL, 14, 0, '2026-01-02 09:00:00'),
  (438, 39, 4, 3, 'P39-S4-C3', 'P39-S4-C3', NULL, NULL, 25, 0, '2026-01-02 09:00:00'),
  (439, 39, 5, 2, 'P39-S5-C2', 'P39-S5-C2', NULL, NULL, 35, 0, '2026-01-02 09:00:00'),
  (440, 39, 5, 3, 'P39-S5-C3', 'P39-S5-C3', NULL, NULL, 37, 0, '2026-01-02 09:00:00'),
  (441, 40, 2, 10, 'P40-S2-C10', 'P40-S2-C10', NULL, NULL, 0, 1, '2026-01-05 09:00:00'),
  (442, 40, 2, 3, 'P40-S2-C3', 'P40-S2-C3', NULL, NULL, 0, 1, '2026-01-05 09:00:00'),
  (443, 40, 2, 4, 'P40-S2-C4', 'P40-S2-C4', NULL, NULL, 0, 1, '2026-01-05 09:00:00'),
  (444, 40, 3, 10, 'P40-S3-C10', 'P40-S3-C10', NULL, NULL, 0, 1, '2026-01-05 09:00:00'),
  (445, 40, 3, 3, 'P40-S3-C3', 'P40-S3-C3', NULL, NULL, 0, 1, '2026-01-05 09:00:00'),
  (446, 40, 3, 4, 'P40-S3-C4', 'P40-S3-C4', NULL, NULL, 0, 1, '2026-01-05 09:00:00'),
  (447, 40, 4, 10, 'P40-S4-C10', 'P40-S4-C10', NULL, NULL, 0, 1, '2026-01-05 09:00:00'),
  (448, 40, 4, 3, 'P40-S4-C3', 'P40-S4-C3', NULL, NULL, 0, 1, '2026-01-05 09:00:00'),
  (449, 40, 4, 4, 'P40-S4-C4', 'P40-S4-C4', NULL, NULL, 0, 1, '2026-01-05 09:00:00'),
  (450, 41, 2, 1, 'P41-S2-C1', 'P41-S2-C1', NULL, NULL, 17, 0, '2026-01-02 09:00:00'),
  (451, 41, 2, 9, 'P41-S2-C9', 'P41-S2-C9', 1180000, NULL, 20, 0, '2026-01-02 09:00:00'),
  (452, 41, 3, 1, 'P41-S3-C1', 'P41-S3-C1', 1200000, NULL, 8, 0, '2026-01-02 09:00:00'),
  (453, 41, 3, 9, 'P41-S3-C9', 'P41-S3-C9', NULL, NULL, 26, 0, '2026-01-02 09:00:00'),
  (454, 41, 4, 1, 'P41-S4-C1', 'P41-S4-C1', NULL, NULL, 12, 0, '2026-01-02 09:00:00'),
  (455, 41, 4, 9, 'P41-S4-C9', 'P41-S4-C9', NULL, NULL, 32, 0, '2026-01-02 09:00:00'),
  (456, 41, 5, 1, 'P41-S5-C1', 'P41-S5-C1', NULL, NULL, 22, 0, '2026-01-02 09:00:00'),
  (457, 41, 5, 9, 'P41-S5-C9', 'P41-S5-C9', NULL, NULL, 25, 0, '2026-01-02 09:00:00'),
  (458, 42, 2, 1, 'P42-S2-C1', 'P42-S2-C1', NULL, NULL, 0, 0, '2026-01-02 09:00:00'),
  (459, 42, 2, 8, 'P42-S2-C8', 'P42-S2-C8', NULL, NULL, 24, 0, '2026-01-02 09:00:00'),
  (460, 42, 2, 4, 'P42-S2-C4', 'P42-S2-C4', NULL, NULL, 31, 0, '2026-01-02 09:00:00'),
  (461, 42, 3, 1, 'P42-S3-C1', 'P42-S3-C1', NULL, NULL, 24, 0, '2026-01-02 09:00:00'),
  (462, 42, 3, 8, 'P42-S3-C8', 'P42-S3-C8', 1000000, NULL, 25, 0, '2026-01-02 09:00:00'),
  (463, 42, 3, 4, 'P42-S3-C4', 'P42-S3-C4', NULL, NULL, 20, 0, '2026-01-02 09:00:00'),
  (464, 42, 4, 1, 'P42-S4-C1', 'P42-S4-C1', NULL, NULL, 29, 0, '2026-01-02 09:00:00'),
  (465, 42, 4, 8, 'P42-S4-C8', 'P42-S4-C8', NULL, NULL, 26, 0, '2026-01-02 09:00:00'),
  (466, 42, 4, 4, 'P42-S4-C4', 'P42-S4-C4', NULL, NULL, 30, 0, '2026-01-02 09:00:00'),
  (467, 42, 5, 1, 'P42-S5-C1', 'P42-S5-C1', NULL, NULL, 19, 0, '2026-01-02 09:00:00'),
  (468, 42, 5, 8, 'P42-S5-C8', 'P42-S5-C8', NULL, NULL, 11, 0, '2026-01-02 09:00:00'),
  (469, 42, 5, 4, 'P42-S5-C4', 'P42-S5-C4', NULL, NULL, 21, 0, '2026-01-02 09:00:00'),
  (470, 43, 1, 1, 'P43-S1-C1', 'P43-S1-C1', NULL, NULL, 32, 0, '2026-01-02 09:00:00'),
  (471, 43, 1, 4, 'P43-S1-C4', 'P43-S1-C4', NULL, NULL, 17, 0, '2026-01-02 09:00:00'),
  (472, 43, 1, 3, 'P43-S1-C3', 'P43-S1-C3', NULL, NULL, 26, 0, '2026-01-02 09:00:00'),
  (473, 43, 2, 1, 'P43-S2-C1', 'P43-S2-C1', NULL, NULL, 19, 0, '2026-01-02 09:00:00'),
  (474, 43, 2, 4, 'P43-S2-C4', 'P43-S2-C4', NULL, NULL, 15, 0, '2026-01-02 09:00:00'),
  (475, 43, 2, 3, 'P43-S2-C3', 'P43-S2-C3', NULL, NULL, 36, 0, '2026-01-02 09:00:00'),
  (476, 43, 3, 1, 'P43-S3-C1', 'P43-S3-C1', NULL, NULL, 33, 0, '2026-01-02 09:00:00'),
  (477, 43, 3, 4, 'P43-S3-C4', 'P43-S3-C4', NULL, NULL, 28, 0, '2026-01-02 09:00:00'),
  (478, 43, 3, 3, 'P43-S3-C3', 'P43-S3-C3', NULL, NULL, 8, 0, '2026-01-02 09:00:00'),
  (479, 43, 4, 1, 'P43-S4-C1', 'P43-S4-C1', NULL, NULL, 16, 0, '2026-01-02 09:00:00'),
  (480, 43, 4, 4, 'P43-S4-C4', 'P43-S4-C4', 860000, NULL, 24, 0, '2026-01-02 09:00:00'),
  (481, 43, 4, 3, 'P43-S4-C3', 'P43-S4-C3', NULL, NULL, 11, 0, '2026-01-02 09:00:00'),
  (482, 43, 5, 1, 'P43-S5-C1', 'P43-S5-C1', 880000, NULL, 25, 0, '2026-01-02 09:00:00'),
  (483, 43, 5, 4, 'P43-S5-C4', 'P43-S5-C4', NULL, NULL, 34, 0, '2026-01-02 09:00:00'),
  (484, 43, 5, 3, 'P43-S5-C3', 'P43-S5-C3', 880000, NULL, 4, 0, '2026-01-02 09:00:00'),
  (485, 43, 6, 1, 'P43-S6-C1', 'P43-S6-C1', NULL, NULL, 15, 0, '2026-01-02 09:00:00'),
  (486, 43, 6, 4, 'P43-S6-C4', 'P43-S6-C4', NULL, NULL, 33, 0, '2026-01-02 09:00:00'),
  (487, 43, 6, 3, 'P43-S6-C3', 'P43-S6-C3', NULL, NULL, 15, 0, '2026-01-02 09:00:00'),
  (488, 44, 2, 4, 'P44-S2-C4', 'P44-S2-C4', NULL, NULL, 19, 0, '2026-01-05 09:00:00'),
  (489, 44, 2, 1, 'P44-S2-C1', 'P44-S2-C1', NULL, NULL, 15, 0, '2026-01-05 09:00:00'),
  (490, 44, 2, 3, 'P44-S2-C3', 'P44-S2-C3', NULL, NULL, 29, 0, '2026-01-05 09:00:00'),
  (491, 44, 3, 4, 'P44-S3-C4', 'P44-S3-C4', 760000, NULL, 20, 0, '2026-01-05 09:00:00'),
  (492, 44, 3, 1, 'P44-S3-C1', 'P44-S3-C1', NULL, NULL, 23, 0, '2026-01-05 09:00:00'),
  (493, 44, 3, 3, 'P44-S3-C3', 'P44-S3-C3', 770000, NULL, 19, 0, '2026-01-05 09:00:00'),
  (494, 44, 4, 4, 'P44-S4-C4', 'P44-S4-C4', NULL, NULL, 27, 0, '2026-01-05 09:00:00'),
  (495, 44, 4, 1, 'P44-S4-C1', 'P44-S4-C1', NULL, NULL, 25, 0, '2026-01-05 09:00:00'),
  (496, 44, 4, 3, 'P44-S4-C3', 'P44-S4-C3', NULL, NULL, 20, 0, '2026-01-05 09:00:00'),
  (497, 44, 5, 4, 'P44-S5-C4', 'P44-S5-C4', NULL, NULL, 13, 0, '2026-01-05 09:00:00'),
  (498, 44, 5, 1, 'P44-S5-C1', 'P44-S5-C1', NULL, NULL, 17, 0, '2026-01-05 09:00:00'),
  (499, 44, 5, 3, 'P44-S5-C3', 'P44-S5-C3', NULL, NULL, 15, 0, '2026-01-05 09:00:00'),
  (500, 45, 2, 8, 'P45-S2-C8', 'P45-S2-C8', NULL, NULL, 25, 0, '2026-01-02 09:00:00'),
  (501, 45, 2, 1, 'P45-S2-C1', 'P45-S2-C1', NULL, NULL, 32, 0, '2026-01-02 09:00:00'),
  (502, 45, 3, 8, 'P45-S3-C8', 'P45-S3-C8', NULL, NULL, 16, 0, '2026-01-02 09:00:00'),
  (503, 45, 3, 1, 'P45-S3-C1', 'P45-S3-C1', NULL, NULL, 36, 0, '2026-01-02 09:00:00'),
  (504, 45, 4, 8, 'P45-S4-C8', 'P45-S4-C8', NULL, NULL, 28, 0, '2026-01-02 09:00:00'),
  (505, 45, 4, 1, 'P45-S4-C1', 'P45-S4-C1', NULL, NULL, 10, 0, '2026-01-02 09:00:00'),
  (506, 45, 5, 8, 'P45-S5-C8', 'P45-S5-C8', NULL, NULL, 25, 0, '2026-01-02 09:00:00'),
  (507, 45, 5, 1, 'P45-S5-C1', 'P45-S5-C1', NULL, NULL, 26, 0, '2026-01-02 09:00:00'),
  (508, 46, 2, 7, 'P46-S2-C7', 'P46-S2-C7', NULL, NULL, 27, 0, '2026-01-04 09:00:00'),
  (509, 46, 2, 4, 'P46-S2-C4', 'P46-S2-C4', NULL, NULL, 27, 0, '2026-01-04 09:00:00'),
  (510, 46, 2, 1, 'P46-S2-C1', 'P46-S2-C1', NULL, NULL, 27, 0, '2026-01-04 09:00:00'),
  (511, 46, 3, 7, 'P46-S3-C7', 'P46-S3-C7', NULL, NULL, 18, 0, '2026-01-04 09:00:00'),
  (512, 46, 3, 4, 'P46-S3-C4', 'P46-S3-C4', NULL, NULL, 27, 0, '2026-01-04 09:00:00'),
  (513, 46, 3, 1, 'P46-S3-C1', 'P46-S3-C1', NULL, NULL, 15, 0, '2026-01-04 09:00:00'),
  (514, 46, 4, 7, 'P46-S4-C7', 'P46-S4-C7', NULL, NULL, 20, 0, '2026-01-04 09:00:00'),
  (515, 46, 4, 4, 'P46-S4-C4', 'P46-S4-C4', 870000, NULL, 33, 0, '2026-01-04 09:00:00'),
  (516, 46, 4, 1, 'P46-S4-C1', 'P46-S4-C1', NULL, NULL, 27, 0, '2026-01-04 09:00:00'),
  (517, 46, 5, 7, 'P46-S5-C7', 'P46-S5-C7', NULL, NULL, 23, 0, '2026-01-04 09:00:00'),
  (518, 46, 5, 4, 'P46-S5-C4', 'P46-S5-C4', NULL, NULL, 32, 0, '2026-01-04 09:00:00'),
  (519, 46, 5, 1, 'P46-S5-C1', 'P46-S5-C1', 860000, NULL, 27, 0, '2026-01-04 09:00:00'),
  (520, 47, 2, 1, 'P47-S2-C1', 'P47-S2-C1', NULL, NULL, 28, 0, '2026-01-04 09:00:00'),
  (521, 47, 2, 3, 'P47-S2-C3', 'P47-S2-C3', NULL, NULL, 26, 0, '2026-01-04 09:00:00'),
  (522, 47, 2, 4, 'P47-S2-C4', 'P47-S2-C4', 510000, NULL, 29, 0, '2026-01-04 09:00:00'),
  (523, 47, 3, 1, 'P47-S3-C1', 'P47-S3-C1', NULL, NULL, 22, 0, '2026-01-04 09:00:00'),
  (524, 47, 3, 3, 'P47-S3-C3', 'P47-S3-C3', NULL, NULL, 19, 0, '2026-01-04 09:00:00'),
  (525, 47, 3, 4, 'P47-S3-C4', 'P47-S3-C4', NULL, NULL, 37, 0, '2026-01-04 09:00:00'),
  (526, 47, 4, 1, 'P47-S4-C1', 'P47-S4-C1', 480000, NULL, 30, 0, '2026-01-04 09:00:00'),
  (527, 47, 4, 3, 'P47-S4-C3', 'P47-S4-C3', NULL, NULL, 13, 0, '2026-01-04 09:00:00'),
  (528, 47, 4, 4, 'P47-S4-C4', 'P47-S4-C4', NULL, NULL, 26, 0, '2026-01-04 09:00:00'),
  (529, 47, 5, 1, 'P47-S5-C1', 'P47-S5-C1', NULL, NULL, 27, 0, '2026-01-04 09:00:00'),
  (530, 47, 5, 3, 'P47-S5-C3', 'P47-S5-C3', NULL, NULL, 14, 0, '2026-01-04 09:00:00'),
  (531, 47, 5, 4, 'P47-S5-C4', 'P47-S5-C4', NULL, NULL, 12, 0, '2026-01-04 09:00:00'),
  (532, 48, NULL, 3, 'P48-SX-C3', 'P48-SX-C3', NULL, NULL, 23, 0, '2026-01-04 09:00:00'),
  (533, 48, NULL, 1, 'P48-SX-C1', 'P48-SX-C1', NULL, NULL, 14, 0, '2026-01-04 09:00:00'),
  (534, 48, NULL, 4, 'P48-SX-C4', 'P48-SX-C4', NULL, NULL, 22, 0, '2026-01-04 09:00:00'),
  (535, 48, NULL, 6, 'P48-SX-C6', 'P48-SX-C6', NULL, NULL, 18, 0, '2026-01-04 09:00:00'),
  (536, 49, NULL, 1, 'P49-SX-C1', 'P49-SX-C1', NULL, NULL, 30, 0, '2026-01-04 09:00:00'),
  (537, 49, NULL, 9, 'P49-SX-C9', 'P49-SX-C9', NULL, NULL, 14, 0, '2026-01-04 09:00:00'),
  (538, 50, NULL, 6, 'P50-SX-C6', 'P50-SX-C6', NULL, NULL, 35, 0, '2026-01-06 09:00:00'),
  (539, 50, NULL, 10, 'P50-SX-C10', 'P50-SX-C10', NULL, NULL, 23, 0, '2026-01-06 09:00:00'),
  (540, 50, NULL, 8, 'P50-SX-C8', 'P50-SX-C8', NULL, NULL, 29, 0, '2026-01-06 09:00:00'),
  (541, 50, NULL, 4, 'P50-SX-C4', 'P50-SX-C4', NULL, NULL, 21, 0, '2026-01-06 09:00:00');

-- Purchases (achats) + lines
INSERT INTO purchases (id, code, supplier_id, status, purchase_date, invoice_ref, note, tva_enabled, tva_rate, subtotal_ht_cents, tva_cents, total_ttc_cents, paid_cents, payment_terms, created_at, confirmed_at) VALUES
  (1, 'A-000001', 1, 'confirmed', '2026-01-02', 'F-3592/26', 'Stock d''ouverture', 1, 19, 73950000, 14050500, 88000500, 0, 'credit', '2026-01-02 10:00:00', '2026-01-02 10:00:00'),
  (2, 'A-000002', 2, 'confirmed', '2026-01-02', 'F-3222/26', 'Stock d''ouverture', 1, 19, 258860000, 49183400, 308043400, 0, 'cash', '2026-01-02 10:00:00', '2026-01-02 10:00:00'),
  (3, 'A-000003', 3, 'confirmed', '2026-01-02', 'F-2084/26', 'Stock d''ouverture', 1, 19, 173795000, 33021050, 206816050, 0, 'partial', '2026-01-02 10:00:00', '2026-01-02 10:00:00'),
  (4, 'A-000004', 4, 'confirmed', '2026-01-02', 'F-4720/26', 'Stock d''ouverture', 1, 19, 210840000, 40059600, 250899600, 250899600, 'credit', '2026-01-02 10:00:00', '2026-01-02 10:00:00'),
  (5, 'A-000005', 5, 'confirmed', '2026-01-02', 'F-8735/26', 'Stock d''ouverture', 0, 0, 356860000, 0, 356860000, 142744000, 'partial', '2026-01-02 10:00:00', '2026-01-02 10:00:00'),
  (6, 'A-000006', 6, 'confirmed', '2026-01-02', 'F-8557/26', 'Stock d''ouverture', 1, 19, 371360000, 70558400, 441918400, 220959200, 'cash', '2026-01-02 10:00:00', '2026-01-02 10:00:00'),
  (7, 'A-000007', 7, 'confirmed', '2026-01-02', 'F-6823/26', 'Stock d''ouverture', 0, 0, 239680000, 0, 239680000, 239680000, 'credit', '2026-01-02 10:00:00', '2026-01-02 10:00:00'),
  (8, 'A-000008', 8, 'confirmed', '2026-01-02', 'F-4247/26', 'Stock d''ouverture', 0, 0, 43815000, 0, 43815000, 43815000, 'partial', '2026-01-02 10:00:00', '2026-01-02 10:00:00'),
  (9, 'A-000009', 10, 'confirmed', '2026-01-02', 'F-3338/26', 'Stock d''ouverture', 0, 0, 802800000, 0, 802800000, 802800000, 'cash', '2026-01-02 10:00:00', '2026-01-02 10:00:00'),
  (10, 'A-000010', 4, 'confirmed', '2026-02-10', 'F-1315/26', 'Réapprovisionnement', 0, 0, 6720000, 0, 6720000, 4032000, 'partial', '2026-02-10 09:00:00', '2026-02-10 09:00:00'),
  (11, 'A-000011', 2, 'confirmed', '2026-03-04', 'F-2110/26', 'Réapprovisionnement', 0, 0, 11040000, 0, 11040000, 0, 'cash', '2026-03-04 09:00:00', '2026-03-04 09:00:00'),
  (12, 'A-000012', 5, 'confirmed', '2026-03-26', 'F-8074/26', 'Réapprovisionnement', 0, 0, 9900000, 0, 9900000, 0, 'partial', '2026-03-26 09:00:00', '2026-03-26 09:00:00'),
  (13, 'A-000013', 3, 'confirmed', '2026-05-31', 'F-8685/26', 'Réapprovisionnement', 1, 19, 9800000, 1862000, 11662000, 5831000, 'partial', '2026-05-31 09:00:00', '2026-05-31 09:00:00'),
  (14, NULL, 8, 'draft', '2026-06-16', NULL, 'Brouillon — à confirmer', 0, 19, 3720000, 0, 3720000, 0, 'credit', '2026-06-16 19:00:00', NULL),
  (15, NULL, 10, 'cancelled', '2026-03-02', NULL, 'Annulé — fournisseur en rupture', 0, 19, 6460000, 0, 6460000, 0, 'credit', '2026-03-02 09:00:00', NULL);
INSERT INTO purchase_items (id, purchase_id, variant_id, description, qty, unit, unit_cost_ht_cents, line_total_ht_cents) VALUES
  (1, 1, 1, 'T-shirt Homme Col Rond / S / Black', 28, 'u', 70000, 1960000),
  (2, 1, 2, 'T-shirt Homme Col Rond / S / White', 20, 'u', 70000, 1400000),
  (3, 1, 3, 'T-shirt Homme Col Rond / S / Navy', 16, 'u', 70000, 1120000),
  (4, 1, 4, 'T-shirt Homme Col Rond / S / Grey', 26, 'u', 70000, 1820000),
  (5, 1, 5, 'T-shirt Homme Col Rond / M / Black', 18, 'u', 70000, 1260000),
  (6, 1, 6, 'T-shirt Homme Col Rond / M / White', 20, 'u', 70000, 1400000),
  (7, 1, 7, 'T-shirt Homme Col Rond / M / Navy', 18, 'u', 70000, 1260000),
  (8, 1, 8, 'T-shirt Homme Col Rond / M / Grey', 28, 'u', 70000, 1960000),
  (9, 1, 9, 'T-shirt Homme Col Rond / L / Black', 36, 'u', 70000, 2520000),
  (10, 1, 10, 'T-shirt Homme Col Rond / L / White', 29, 'u', 70000, 2030000),
  (11, 1, 11, 'T-shirt Homme Col Rond / L / Navy', 23, 'u', 70000, 1610000),
  (12, 1, 12, 'T-shirt Homme Col Rond / L / Grey', 28, 'u', 70000, 1960000),
  (13, 1, 13, 'T-shirt Homme Col Rond / XL / Black', 36, 'u', 70000, 2520000),
  (14, 1, 14, 'T-shirt Homme Col Rond / XL / White', 22, 'u', 70000, 1540000),
  (15, 1, 15, 'T-shirt Homme Col Rond / XL / Navy', 29, 'u', 70000, 2030000),
  (16, 1, 16, 'T-shirt Homme Col Rond / XL / Grey', 26, 'u', 70000, 1820000),
  (17, 1, 29, 'Polo Homme Piqué / S / Navy', 29, 'u', 95000, 2755000),
  (18, 1, 30, 'Polo Homme Piqué / S / White', 28, 'u', 95000, 2660000),
  (19, 1, 31, 'Polo Homme Piqué / S / Red', 26, 'u', 95000, 2470000),
  (20, 1, 32, 'Polo Homme Piqué / S / Green', 15, 'u', 95000, 1425000),
  (21, 1, 33, 'Polo Homme Piqué / M / Navy', 17, 'u', 95000, 1615000),
  (22, 1, 34, 'Polo Homme Piqué / M / White', 24, 'u', 95000, 2280000),
  (23, 1, 35, 'Polo Homme Piqué / M / Red', 14, 'u', 95000, 1330000),
  (24, 1, 36, 'Polo Homme Piqué / M / Green', 29, 'u', 95000, 2755000),
  (25, 1, 37, 'Polo Homme Piqué / L / Navy', 20, 'u', 95000, 1900000),
  (26, 1, 38, 'Polo Homme Piqué / L / White', 18, 'u', 95000, 1710000),
  (27, 1, 39, 'Polo Homme Piqué / L / Red', 14, 'u', 95000, 1330000),
  (28, 1, 40, 'Polo Homme Piqué / L / Green', 16, 'u', 95000, 1520000),
  (29, 1, 41, 'Polo Homme Piqué / XL / Navy', 18, 'u', 95000, 1710000),
  (30, 1, 42, 'Polo Homme Piqué / XL / White', 18, 'u', 95000, 1710000),
  (31, 1, 43, 'Polo Homme Piqué / XL / Red', 22, 'u', 95000, 2090000),
  (32, 1, 44, 'Polo Homme Piqué / XL / Green', 20, 'u', 95000, 1900000),
  (33, 1, 203, 'T-shirt Enfant Imprimé / XS / White', 29, 'u', 45000, 1305000),
  (34, 1, 204, 'T-shirt Enfant Imprimé / XS / Blue', 27, 'u', 45000, 1215000),
  (35, 1, 205, 'T-shirt Enfant Imprimé / XS / Red', 25, 'u', 45000, 1125000),
  (36, 1, 206, 'T-shirt Enfant Imprimé / XS / Pink', 28, 'u', 45000, 1260000),
  (37, 1, 207, 'T-shirt Enfant Imprimé / S / White', 28, 'u', 45000, 1260000),
  (38, 1, 208, 'T-shirt Enfant Imprimé / S / Blue', 30, 'u', 45000, 1350000),
  (39, 1, 209, 'T-shirt Enfant Imprimé / S / Red', 31, 'u', 45000, 1395000),
  (40, 1, 210, 'T-shirt Enfant Imprimé / S / Pink', 22, 'u', 45000, 990000),
  (41, 1, 211, 'T-shirt Enfant Imprimé / M / White', 16, 'u', 45000, 720000),
  (42, 1, 212, 'T-shirt Enfant Imprimé / M / Blue', 23, 'u', 45000, 1035000),
  (43, 1, 213, 'T-shirt Enfant Imprimé / M / Red', 35, 'u', 45000, 1575000),
  (44, 1, 214, 'T-shirt Enfant Imprimé / M / Pink', 30, 'u', 45000, 1350000),
  (45, 2, 17, 'Chemise Homme Manches Longues / S / White', 15, 'u', 140000, 2100000),
  (46, 2, 18, 'Chemise Homme Manches Longues / S / Blue', 17, 'u', 140000, 2380000),
  (47, 2, 19, 'Chemise Homme Manches Longues / S / Navy', 16, 'u', 140000, 2240000),
  (48, 2, 20, 'Chemise Homme Manches Longues / M / White', 15, 'u', 140000, 2100000),
  (49, 2, 21, 'Chemise Homme Manches Longues / M / Blue', 24, 'u', 140000, 3360000),
  (50, 2, 22, 'Chemise Homme Manches Longues / M / Navy', 38, 'u', 140000, 5320000),
  (51, 2, 23, 'Chemise Homme Manches Longues / L / White', 19, 'u', 140000, 2660000),
  (52, 2, 24, 'Chemise Homme Manches Longues / L / Blue', 32, 'u', 140000, 4480000),
  (53, 2, 25, 'Chemise Homme Manches Longues / L / Navy', 22, 'u', 140000, 3080000),
  (54, 2, 26, 'Chemise Homme Manches Longues / XL / White', 38, 'u', 140000, 5320000),
  (55, 2, 27, 'Chemise Homme Manches Longues / XL / Blue', 16, 'u', 140000, 2240000),
  (56, 2, 28, 'Chemise Homme Manches Longues / XL / Navy', 27, 'u', 140000, 3780000),
  (57, 2, 63, 'Pantalon Chino Homme / S / Beige', 18, 'u', 160000, 2880000),
  (58, 2, 64, 'Pantalon Chino Homme / S / Navy', 15, 'u', 160000, 2400000),
  (59, 2, 65, 'Pantalon Chino Homme / S / Black', 20, 'u', 160000, 3200000),
  (60, 2, 66, 'Pantalon Chino Homme / M / Beige', 33, 'u', 160000, 5280000),
  (61, 2, 67, 'Pantalon Chino Homme / M / Navy', 18, 'u', 160000, 2880000),
  (62, 2, 68, 'Pantalon Chino Homme / M / Black', 35, 'u', 160000, 5600000),
  (63, 2, 69, 'Pantalon Chino Homme / L / Beige', 21, 'u', 160000, 3360000),
  (64, 2, 70, 'Pantalon Chino Homme / L / Navy', 17, 'u', 160000, 2720000),
  (65, 2, 71, 'Pantalon Chino Homme / L / Black', 20, 'u', 160000, 3200000),
  (66, 2, 72, 'Pantalon Chino Homme / XL / Beige', 22, 'u', 160000, 3520000),
  (67, 2, 73, 'Pantalon Chino Homme / XL / Navy', 27, 'u', 160000, 4320000),
  (68, 2, 74, 'Pantalon Chino Homme / XL / Black', 18, 'u', 160000, 2880000),
  (69, 2, 99, 'Short Homme / S / Beige', 29, 'u', 80000, 2320000),
  (70, 2, 100, 'Short Homme / S / Navy', 29, 'u', 80000, 2320000),
  (71, 2, 101, 'Short Homme / S / Black', 35, 'u', 80000, 2800000),
  (72, 2, 102, 'Short Homme / M / Beige', 31, 'u', 80000, 2480000),
  (73, 2, 103, 'Short Homme / M / Navy', 18, 'u', 80000, 1440000),
  (74, 2, 104, 'Short Homme / M / Black', 27, 'u', 80000, 2160000),
  (75, 2, 105, 'Short Homme / L / Beige', 27, 'u', 80000, 2160000),
  (76, 2, 106, 'Short Homme / L / Navy', 37, 'u', 80000, 2960000),
  (77, 2, 107, 'Short Homme / L / Black', 25, 'u', 80000, 2000000),
  (78, 2, 108, 'Short Homme / XL / Beige', 25, 'u', 80000, 2000000),
  (79, 2, 109, 'Short Homme / XL / Navy', 21, 'u', 80000, 1680000),
  (80, 2, 110, 'Short Homme / XL / Black', 25, 'u', 80000, 2000000),
  (81, 2, 127, 'Blouse Femme / S / White', 14, 'u', 120000, 1680000),
  (82, 2, 128, 'Blouse Femme / S / Pink', 16, 'u', 120000, 1920000),
  (83, 2, 129, 'Blouse Femme / S / Beige', 19, 'u', 120000, 2280000),
  (84, 2, 130, 'Blouse Femme / M / White', 24, 'u', 120000, 2880000),
  (85, 2, 131, 'Blouse Femme / M / Pink', 38, 'u', 120000, 4560000),
  (86, 2, 132, 'Blouse Femme / M / Beige', 19, 'u', 120000, 2280000),
  (87, 2, 133, 'Blouse Femme / L / White', 23, 'u', 120000, 2760000),
  (88, 2, 134, 'Blouse Femme / L / Pink', 26, 'u', 120000, 3120000),
  (89, 2, 135, 'Blouse Femme / L / Beige', 34, 'u', 120000, 4080000),
  (90, 2, 136, 'Blouse Femme / XL / White', 20, 'u', 120000, 2400000),
  (91, 2, 137, 'Blouse Femme / XL / Pink', 30, 'u', 120000, 3600000),
  (92, 2, 138, 'Blouse Femme / XL / Beige', 22, 'u', 120000, 2640000),
  (93, 2, 215, 'Pantalon Enfant / XS / Navy', 34, 'u', 70000, 2380000),
  (94, 2, 216, 'Pantalon Enfant / XS / Grey', 33, 'u', 70000, 2310000),
  (95, 2, 217, 'Pantalon Enfant / XS / Beige', 31, 'u', 70000, 2170000),
  (96, 2, 218, 'Pantalon Enfant / S / Navy', 28, 'u', 70000, 1960000),
  (97, 2, 219, 'Pantalon Enfant / S / Grey', 19, 'u', 70000, 1330000),
  (98, 2, 220, 'Pantalon Enfant / S / Beige', 23, 'u', 70000, 1610000),
  (99, 2, 221, 'Pantalon Enfant / M / Navy', 36, 'u', 70000, 2520000),
  (100, 2, 222, 'Pantalon Enfant / M / Grey', 28, 'u', 70000, 1960000),
  (101, 2, 223, 'Pantalon Enfant / M / Beige', 36, 'u', 70000, 2520000),
  (102, 2, 488, 'Blazer Homme / S / Navy', 22, 'u', 360000, 7920000),
  (103, 2, 489, 'Blazer Homme / S / Black', 18, 'u', 360000, 6480000),
  (104, 2, 490, 'Blazer Homme / S / Grey', 17, 'u', 360000, 6120000),
  (105, 2, 491, 'Blazer Homme / M / Navy', 24, 'u', 360000, 8640000),
  (106, 2, 492, 'Blazer Homme / M / Black', 25, 'u', 360000, 9000000),
  (107, 2, 493, 'Blazer Homme / M / Grey', 19, 'u', 360000, 6840000),
  (108, 2, 494, 'Blazer Homme / L / Navy', 29, 'u', 360000, 10440000),
  (109, 2, 495, 'Blazer Homme / L / Black', 25, 'u', 360000, 9000000),
  (110, 2, 496, 'Blazer Homme / L / Grey', 29, 'u', 360000, 10440000),
  (111, 2, 497, 'Blazer Homme / XL / Navy', 17, 'u', 360000, 6120000),
  (112, 2, 498, 'Blazer Homme / XL / Black', 29, 'u', 360000, 10440000),
  (113, 2, 499, 'Blazer Homme / XL / Grey', 19, 'u', 360000, 6840000),
  (114, 3, 45, 'Jean Slim Homme / XS / Navy', 19, 'u', 190000, 3610000),
  (115, 3, 46, 'Jean Slim Homme / XS / Black', 24, 'u', 190000, 4560000),
  (116, 3, 47, 'Jean Slim Homme / XS / Blue', 21, 'u', 190000, 3990000),
  (117, 3, 48, 'Jean Slim Homme / S / Navy', 37, 'u', 190000, 7030000),
  (118, 3, 49, 'Jean Slim Homme / S / Black', 22, 'u', 190000, 4180000),
  (119, 3, 50, 'Jean Slim Homme / S / Blue', 24, 'u', 190000, 4560000),
  (120, 3, 51, 'Jean Slim Homme / M / Navy', 16, 'u', 190000, 3040000),
  (121, 3, 52, 'Jean Slim Homme / M / Black', 14, 'u', 190000, 2660000),
  (122, 3, 53, 'Jean Slim Homme / M / Blue', 35, 'u', 190000, 6650000),
  (123, 3, 54, 'Jean Slim Homme / L / Navy', 33, 'u', 190000, 6270000),
  (124, 3, 55, 'Jean Slim Homme / L / Black', 16, 'u', 190000, 3040000),
  (125, 3, 56, 'Jean Slim Homme / L / Blue', 32, 'u', 190000, 6080000),
  (126, 3, 57, 'Jean Slim Homme / XL / Navy', 22, 'u', 190000, 4180000),
  (127, 3, 58, 'Jean Slim Homme / XL / Black', 16, 'u', 190000, 3040000),
  (128, 3, 59, 'Jean Slim Homme / XL / Blue', 18, 'u', 190000, 3420000),
  (129, 3, 60, 'Jean Slim Homme / XXL / Navy', 22, 'u', 190000, 4180000),
  (130, 3, 61, 'Jean Slim Homme / XXL / Black', 35, 'u', 190000, 6650000),
  (131, 3, 62, 'Jean Slim Homme / XXL / Blue', 17, 'u', 190000, 3230000),
  (132, 3, 151, 'Jean Femme Skinny / XS / Blue', 29, 'u', 185000, 5365000),
  (133, 3, 152, 'Jean Femme Skinny / XS / Black', 34, 'u', 185000, 6290000),
  (134, 3, 153, 'Jean Femme Skinny / XS / Navy', 33, 'u', 185000, 6105000),
  (135, 3, 154, 'Jean Femme Skinny / S / Blue', 36, 'u', 185000, 6660000),
  (136, 3, 155, 'Jean Femme Skinny / S / Black', 15, 'u', 185000, 2775000),
  (137, 3, 156, 'Jean Femme Skinny / S / Navy', 30, 'u', 185000, 5550000),
  (138, 3, 157, 'Jean Femme Skinny / M / Blue', 38, 'u', 185000, 7030000),
  (139, 3, 158, 'Jean Femme Skinny / M / Black', 19, 'u', 185000, 3515000),
  (140, 3, 159, 'Jean Femme Skinny / M / Navy', 19, 'u', 185000, 3515000),
  (141, 3, 160, 'Jean Femme Skinny / L / Blue', 26, 'u', 185000, 4810000),
  (142, 3, 161, 'Jean Femme Skinny / L / Black', 34, 'u', 185000, 6290000),
  (143, 3, 162, 'Jean Femme Skinny / L / Navy', 29, 'u', 185000, 5365000),
  (144, 3, 163, 'Jean Femme Skinny / XL / Blue', 18, 'u', 185000, 3330000),
  (145, 3, 164, 'Jean Femme Skinny / XL / Black', 33, 'u', 185000, 6105000),
  (146, 3, 165, 'Jean Femme Skinny / XL / Navy', 35, 'u', 185000, 6475000),
  (147, 3, 166, 'Jean Femme Skinny / XXL / Blue', 31, 'u', 185000, 5735000),
  (148, 3, 167, 'Jean Femme Skinny / XXL / Black', 30, 'u', 185000, 5550000),
  (149, 3, 168, 'Jean Femme Skinny / XXL / Navy', 16, 'u', 185000, 2960000),
  (150, 4, 111, 'Robe Femme Évasée / S / Black', 36, 'u', 210000, 7560000),
  (151, 4, 112, 'Robe Femme Évasée / S / Red', 32, 'u', 210000, 6720000),
  (152, 4, 113, 'Robe Femme Évasée / S / Navy', 33, 'u', 210000, 6930000),
  (153, 4, 114, 'Robe Femme Évasée / S / Pink', 16, 'u', 210000, 3360000),
  (154, 4, 115, 'Robe Femme Évasée / M / Black', 25, 'u', 210000, 5250000),
  (155, 4, 116, 'Robe Femme Évasée / M / Red', 16, 'u', 210000, 3360000),
  (156, 4, 117, 'Robe Femme Évasée / M / Navy', 32, 'u', 210000, 6720000),
  (157, 4, 118, 'Robe Femme Évasée / M / Pink', 22, 'u', 210000, 4620000),
  (158, 4, 119, 'Robe Femme Évasée / L / Black', 34, 'u', 210000, 7140000),
  (159, 4, 120, 'Robe Femme Évasée / L / Red', 31, 'u', 210000, 6510000),
  (160, 4, 121, 'Robe Femme Évasée / L / Navy', 20, 'u', 210000, 4200000),
  (161, 4, 122, 'Robe Femme Évasée / L / Pink', 36, 'u', 210000, 7560000),
  (162, 4, 123, 'Robe Femme Évasée / XL / Black', 17, 'u', 210000, 3570000),
  (163, 4, 124, 'Robe Femme Évasée / XL / Red', 14, 'u', 210000, 2940000),
  (164, 4, 125, 'Robe Femme Évasée / XL / Navy', 36, 'u', 210000, 7560000),
  (165, 4, 126, 'Robe Femme Évasée / XL / Pink', 24, 'u', 210000, 5040000),
  (166, 4, 139, 'Jupe Femme Plissée / S / Black', 21, 'u', 130000, 2730000),
  (167, 4, 140, 'Jupe Femme Plissée / S / Navy', 30, 'u', 130000, 3900000),
  (168, 4, 141, 'Jupe Femme Plissée / S / Grey', 35, 'u', 130000, 4550000),
  (169, 4, 142, 'Jupe Femme Plissée / M / Black', 25, 'u', 130000, 3250000),
  (170, 4, 143, 'Jupe Femme Plissée / M / Navy', 33, 'u', 130000, 4290000),
  (171, 4, 144, 'Jupe Femme Plissée / M / Grey', 19, 'u', 130000, 2470000),
  (172, 4, 145, 'Jupe Femme Plissée / L / Black', 26, 'u', 130000, 3380000),
  (173, 4, 146, 'Jupe Femme Plissée / L / Navy', 18, 'u', 130000, 2340000),
  (174, 4, 147, 'Jupe Femme Plissée / L / Grey', 26, 'u', 130000, 3380000),
  (175, 4, 148, 'Jupe Femme Plissée / XL / Black', 31, 'u', 130000, 4030000),
  (176, 4, 149, 'Jupe Femme Plissée / XL / Navy', 30, 'u', 130000, 3900000),
  (177, 4, 150, 'Jupe Femme Plissée / XL / Grey', 27, 'u', 130000, 3510000),
  (178, 4, 197, 'Robe Soirée Femme / S / Black', 38, 'u', 320000, 12160000),
  (179, 4, 198, 'Robe Soirée Femme / S / Red', 25, 'u', 320000, 8000000),
  (180, 4, 199, 'Robe Soirée Femme / M / Black', 30, 'u', 320000, 9600000),
  (181, 4, 200, 'Robe Soirée Femme / M / Red', 22, 'u', 320000, 7040000),
  (182, 4, 201, 'Robe Soirée Femme / L / Black', 24, 'u', 320000, 7680000),
  (183, 4, 202, 'Robe Soirée Femme / L / Red', 35, 'u', 320000, 11200000),
  (184, 4, 224, 'Robe Fille / XS / Pink', 29, 'u', 90000, 2610000),
  (185, 4, 225, 'Robe Fille / XS / Red', 34, 'u', 90000, 3060000),
  (186, 4, 226, 'Robe Fille / XS / White', 33, 'u', 90000, 2970000),
  (187, 4, 227, 'Robe Fille / S / Pink', 22, 'u', 90000, 1980000),
  (188, 4, 228, 'Robe Fille / S / Red', 17, 'u', 90000, 1530000),
  (189, 4, 229, 'Robe Fille / S / White', 20, 'u', 90000, 1800000),
  (190, 4, 230, 'Robe Fille / M / Pink', 23, 'u', 90000, 2070000),
  (191, 4, 231, 'Robe Fille / M / Red', 18, 'u', 90000, 1620000),
  (192, 4, 232, 'Robe Fille / M / White', 16, 'u', 90000, 1440000),
  (193, 4, 538, 'Foulard Femme / Red', 35, 'u', 45000, 1575000),
  (194, 4, 539, 'Foulard Femme / Pink', 26, 'u', 45000, 1170000),
  (195, 4, 540, 'Foulard Femme / Beige', 31, 'u', 45000, 1395000),
  (196, 4, 541, 'Foulard Femme / Navy', 26, 'u', 45000, 1170000),
  (197, 5, 251, 'Baskets Homme Running / 38 / Black', 21, 'u', 260000, 5460000),
  (198, 5, 252, 'Baskets Homme Running / 38 / White', 31, 'u', 260000, 8060000),
  (199, 5, 253, 'Baskets Homme Running / 38 / Grey', 17, 'u', 260000, 4420000),
  (200, 5, 254, 'Baskets Homme Running / 39 / Black', 14, 'u', 260000, 3640000);
INSERT INTO purchase_items (id, purchase_id, variant_id, description, qty, unit, unit_cost_ht_cents, line_total_ht_cents) VALUES
  (201, 5, 255, 'Baskets Homme Running / 39 / White', 17, 'u', 260000, 4420000),
  (202, 5, 256, 'Baskets Homme Running / 39 / Grey', 38, 'u', 260000, 9880000),
  (203, 5, 257, 'Baskets Homme Running / 40 / Black', 26, 'u', 260000, 6760000),
  (204, 5, 258, 'Baskets Homme Running / 40 / White', 29, 'u', 260000, 7540000),
  (205, 5, 259, 'Baskets Homme Running / 40 / Grey', 16, 'u', 260000, 4160000),
  (206, 5, 260, 'Baskets Homme Running / 41 / Black', 35, 'u', 260000, 9100000),
  (207, 5, 261, 'Baskets Homme Running / 41 / White', 31, 'u', 260000, 8060000),
  (208, 5, 262, 'Baskets Homme Running / 41 / Grey', 27, 'u', 260000, 7020000),
  (209, 5, 263, 'Baskets Homme Running / 42 / Black', 25, 'u', 260000, 6500000),
  (210, 5, 264, 'Baskets Homme Running / 42 / White', 36, 'u', 260000, 9360000),
  (211, 5, 265, 'Baskets Homme Running / 42 / Grey', 32, 'u', 260000, 8320000),
  (212, 5, 266, 'Baskets Homme Running / 43 / Black', 32, 'u', 260000, 8320000),
  (213, 5, 267, 'Baskets Homme Running / 43 / White', 27, 'u', 260000, 7020000),
  (214, 5, 268, 'Baskets Homme Running / 43 / Grey', 38, 'u', 260000, 9880000),
  (215, 5, 269, 'Baskets Homme Running / 44 / Black', 21, 'u', 260000, 5460000),
  (216, 5, 270, 'Baskets Homme Running / 44 / White', 36, 'u', 260000, 9360000),
  (217, 5, 271, 'Baskets Homme Running / 44 / Grey', 17, 'u', 260000, 4420000),
  (218, 5, 272, 'Baskets Femme Sneakers / 38 / White', 15, 'u', 240000, 3600000),
  (219, 5, 273, 'Baskets Femme Sneakers / 38 / Pink', 37, 'u', 240000, 8880000),
  (220, 5, 274, 'Baskets Femme Sneakers / 38 / Black', 25, 'u', 240000, 6000000),
  (221, 5, 275, 'Baskets Femme Sneakers / 39 / White', 25, 'u', 240000, 6000000),
  (222, 5, 276, 'Baskets Femme Sneakers / 39 / Pink', 23, 'u', 240000, 5520000),
  (223, 5, 277, 'Baskets Femme Sneakers / 39 / Black', 22, 'u', 240000, 5280000),
  (224, 5, 278, 'Baskets Femme Sneakers / 40 / White', 23, 'u', 240000, 5520000),
  (225, 5, 279, 'Baskets Femme Sneakers / 40 / Pink', 34, 'u', 240000, 8160000),
  (226, 5, 280, 'Baskets Femme Sneakers / 40 / Black', 19, 'u', 240000, 4560000),
  (227, 5, 281, 'Baskets Femme Sneakers / 41 / White', 31, 'u', 240000, 7440000),
  (228, 5, 282, 'Baskets Femme Sneakers / 41 / Pink', 19, 'u', 240000, 4560000),
  (229, 5, 283, 'Baskets Femme Sneakers / 41 / Black', 19, 'u', 240000, 4560000),
  (230, 5, 284, 'Baskets Femme Sneakers / 42 / White', 17, 'u', 240000, 4080000),
  (231, 5, 285, 'Baskets Femme Sneakers / 42 / Pink', 23, 'u', 240000, 5520000),
  (232, 5, 286, 'Baskets Femme Sneakers / 42 / Black', 36, 'u', 240000, 8640000),
  (233, 5, 287, 'Baskets Femme Sneakers / 43 / White', 28, 'u', 240000, 6720000),
  (234, 5, 288, 'Baskets Femme Sneakers / 43 / Pink', 30, 'u', 240000, 7200000),
  (235, 5, 289, 'Baskets Femme Sneakers / 43 / Black', 28, 'u', 240000, 6720000),
  (236, 5, 290, 'Baskets Femme Sneakers / 44 / White', 23, 'u', 240000, 5520000),
  (237, 5, 291, 'Baskets Femme Sneakers / 44 / Pink', 14, 'u', 240000, 3360000),
  (238, 5, 292, 'Baskets Femme Sneakers / 44 / Black', 29, 'u', 240000, 6960000),
  (239, 5, 307, 'Sandales Femme / 38 / Beige', 36, 'u', 150000, 5400000),
  (240, 5, 308, 'Sandales Femme / 38 / Black', 19, 'u', 150000, 2850000),
  (241, 5, 309, 'Sandales Femme / 38 / Brown', 34, 'u', 150000, 5100000),
  (242, 5, 310, 'Sandales Femme / 39 / Beige', 29, 'u', 150000, 4350000),
  (243, 5, 311, 'Sandales Femme / 39 / Black', 19, 'u', 150000, 2850000),
  (244, 5, 312, 'Sandales Femme / 39 / Brown', 17, 'u', 150000, 2550000),
  (245, 5, 313, 'Sandales Femme / 40 / Beige', 24, 'u', 150000, 3600000),
  (246, 5, 314, 'Sandales Femme / 40 / Black', 38, 'u', 150000, 5700000),
  (247, 5, 315, 'Sandales Femme / 40 / Brown', 14, 'u', 150000, 2100000),
  (248, 5, 316, 'Sandales Femme / 41 / Beige', 36, 'u', 150000, 5400000),
  (249, 5, 317, 'Sandales Femme / 41 / Black', 38, 'u', 150000, 5700000),
  (250, 5, 318, 'Sandales Femme / 41 / Brown', 17, 'u', 150000, 2550000),
  (251, 5, 319, 'Sandales Femme / 42 / Beige', 27, 'u', 150000, 4050000),
  (252, 5, 320, 'Sandales Femme / 42 / Black', 33, 'u', 150000, 4950000),
  (253, 5, 321, 'Sandales Femme / 42 / Brown', 26, 'u', 150000, 3900000),
  (254, 5, 322, 'Sandales Femme / 43 / Beige', 15, 'u', 150000, 2250000),
  (255, 5, 323, 'Sandales Femme / 43 / Black', 27, 'u', 150000, 4050000),
  (256, 5, 324, 'Sandales Femme / 43 / Brown', 24, 'u', 150000, 3600000),
  (257, 5, 325, 'Sandales Femme / 44 / Beige', 33, 'u', 150000, 4950000),
  (258, 5, 326, 'Sandales Femme / 44 / Black', 24, 'u', 150000, 3600000),
  (259, 5, 327, 'Sandales Femme / 44 / Brown', 36, 'u', 150000, 5400000),
  (260, 6, 293, 'Chaussures Ville Homme / 38 / Black', 20, 'u', 320000, 6400000),
  (261, 6, 294, 'Chaussures Ville Homme / 38 / Brown', 35, 'u', 320000, 11200000),
  (262, 6, 295, 'Chaussures Ville Homme / 39 / Black', 29, 'u', 320000, 9280000),
  (263, 6, 296, 'Chaussures Ville Homme / 39 / Brown', 23, 'u', 320000, 7360000),
  (264, 6, 297, 'Chaussures Ville Homme / 40 / Black', 27, 'u', 320000, 8640000),
  (265, 6, 298, 'Chaussures Ville Homme / 40 / Brown', 33, 'u', 320000, 10560000),
  (266, 6, 299, 'Chaussures Ville Homme / 41 / Black', 32, 'u', 320000, 10240000),
  (267, 6, 300, 'Chaussures Ville Homme / 41 / Brown', 33, 'u', 320000, 10560000),
  (268, 6, 301, 'Chaussures Ville Homme / 42 / Black', 30, 'u', 320000, 9600000),
  (269, 6, 302, 'Chaussures Ville Homme / 42 / Brown', 34, 'u', 320000, 10880000),
  (270, 6, 303, 'Chaussures Ville Homme / 43 / Black', 20, 'u', 320000, 6400000),
  (271, 6, 304, 'Chaussures Ville Homme / 43 / Brown', 35, 'u', 320000, 11200000),
  (272, 6, 305, 'Chaussures Ville Homme / 44 / Black', 34, 'u', 320000, 10880000),
  (273, 6, 306, 'Chaussures Ville Homme / 44 / Brown', 38, 'u', 320000, 12160000),
  (274, 6, 328, 'Bottines Femme / 38 / Black', 18, 'u', 290000, 5220000),
  (275, 6, 329, 'Bottines Femme / 38 / Brown', 29, 'u', 290000, 8410000),
  (276, 6, 330, 'Bottines Femme / 39 / Black', 18, 'u', 290000, 5220000),
  (277, 6, 331, 'Bottines Femme / 39 / Brown', 31, 'u', 290000, 8990000),
  (278, 6, 332, 'Bottines Femme / 40 / Black', 37, 'u', 290000, 10730000),
  (279, 6, 333, 'Bottines Femme / 40 / Brown', 30, 'u', 290000, 8700000),
  (280, 6, 334, 'Bottines Femme / 41 / Black', 15, 'u', 290000, 4350000),
  (281, 6, 335, 'Bottines Femme / 41 / Brown', 23, 'u', 290000, 6670000),
  (282, 6, 336, 'Bottines Femme / 42 / Black', 15, 'u', 290000, 4350000),
  (283, 6, 337, 'Bottines Femme / 42 / Brown', 30, 'u', 290000, 8700000),
  (284, 6, 338, 'Bottines Femme / 43 / Black', 29, 'u', 290000, 8410000),
  (285, 6, 339, 'Bottines Femme / 43 / Brown', 16, 'u', 290000, 4640000),
  (286, 6, 340, 'Bottines Femme / 44 / Black', 32, 'u', 290000, 9280000),
  (287, 6, 341, 'Bottines Femme / 44 / Brown', 27, 'u', 290000, 7830000),
  (288, 6, 346, 'Ceinture en Cuir / Black', 29, 'u', 60000, 1740000),
  (289, 6, 347, 'Ceinture en Cuir / Brown', 21, 'u', 60000, 1260000),
  (290, 6, 352, 'Sac à Main Femme / Black', 35, 'u', 180000, 6300000),
  (291, 6, 353, 'Sac à Main Femme / Brown', 27, 'u', 180000, 4860000),
  (292, 6, 354, 'Sac à Main Femme / Beige', 23, 'u', 180000, 4140000),
  (293, 6, 355, 'Portefeuille Cuir / Black', 21, 'u', 70000, 1470000),
  (294, 6, 356, 'Portefeuille Cuir / Brown', 17, 'u', 70000, 1190000),
  (295, 6, 450, 'Veste en Cuir Homme / S / Black', 22, 'u', 550000, 12100000),
  (296, 6, 451, 'Veste en Cuir Homme / S / Brown', 22, 'u', 550000, 12100000),
  (297, 6, 452, 'Veste en Cuir Homme / M / Black', 30, 'u', 550000, 16500000),
  (298, 6, 453, 'Veste en Cuir Homme / M / Brown', 26, 'u', 550000, 14300000),
  (299, 6, 454, 'Veste en Cuir Homme / L / Black', 14, 'u', 550000, 7700000),
  (300, 6, 455, 'Veste en Cuir Homme / L / Brown', 34, 'u', 550000, 18700000),
  (301, 6, 456, 'Veste en Cuir Homme / XL / Black', 26, 'u', 550000, 14300000),
  (302, 6, 457, 'Veste en Cuir Homme / XL / Brown', 27, 'u', 550000, 14850000),
  (303, 6, 536, 'Gants Cuir / Black', 32, 'u', 65000, 2080000),
  (304, 6, 537, 'Gants Cuir / Brown', 14, 'u', 65000, 910000),
  (305, 7, 87, 'Sweat à Capuche Homme / S / Black', 30, 'u', 150000, 4500000),
  (306, 7, 88, 'Sweat à Capuche Homme / S / Grey', 35, 'u', 150000, 5250000),
  (307, 7, 89, 'Sweat à Capuche Homme / S / Navy', 22, 'u', 150000, 3300000),
  (308, 7, 90, 'Sweat à Capuche Homme / M / Black', 20, 'u', 150000, 3000000),
  (309, 7, 91, 'Sweat à Capuche Homme / M / Grey', 14, 'u', 150000, 2100000),
  (310, 7, 92, 'Sweat à Capuche Homme / M / Navy', 21, 'u', 150000, 3150000),
  (311, 7, 93, 'Sweat à Capuche Homme / L / Black', 18, 'u', 150000, 2700000),
  (312, 7, 94, 'Sweat à Capuche Homme / L / Grey', 16, 'u', 150000, 2400000),
  (313, 7, 95, 'Sweat à Capuche Homme / L / Navy', 20, 'u', 150000, 3000000),
  (314, 7, 96, 'Sweat à Capuche Homme / XL / Black', 31, 'u', 150000, 4650000),
  (315, 7, 97, 'Sweat à Capuche Homme / XL / Grey', 27, 'u', 150000, 4050000),
  (316, 7, 98, 'Sweat à Capuche Homme / XL / Navy', 30, 'u', 150000, 4500000),
  (317, 7, 233, 'Survêtement Enfant / XS / Navy', 21, 'u', 130000, 2730000),
  (318, 7, 234, 'Survêtement Enfant / XS / Black', 20, 'u', 130000, 2600000),
  (319, 7, 235, 'Survêtement Enfant / XS / Red', 25, 'u', 130000, 3250000),
  (320, 7, 236, 'Survêtement Enfant / S / Navy', 25, 'u', 130000, 3250000),
  (321, 7, 237, 'Survêtement Enfant / S / Black', 31, 'u', 130000, 4030000),
  (322, 7, 238, 'Survêtement Enfant / S / Red', 33, 'u', 130000, 4290000),
  (323, 7, 239, 'Survêtement Enfant / M / Navy', 24, 'u', 130000, 3120000),
  (324, 7, 240, 'Survêtement Enfant / M / Black', 16, 'u', 130000, 2080000),
  (325, 7, 241, 'Survêtement Enfant / M / Red', 36, 'u', 130000, 4680000),
  (326, 7, 342, 'Casquette / Black', 33, 'u', 35000, 1155000),
  (327, 7, 343, 'Casquette / Navy', 33, 'u', 35000, 1155000),
  (328, 7, 344, 'Casquette / Red', 32, 'u', 35000, 1120000),
  (329, 7, 345, 'Casquette / White', 25, 'u', 35000, 875000),
  (330, 7, 357, 'Survêtement Homme / S / Black', 35, 'u', 220000, 7700000),
  (331, 7, 358, 'Survêtement Homme / S / Navy', 23, 'u', 220000, 5060000),
  (332, 7, 359, 'Survêtement Homme / S / Grey', 29, 'u', 220000, 6380000),
  (333, 7, 360, 'Survêtement Homme / M / Black', 20, 'u', 220000, 4400000),
  (334, 7, 361, 'Survêtement Homme / M / Navy', 28, 'u', 220000, 6160000),
  (335, 7, 362, 'Survêtement Homme / M / Grey', 33, 'u', 220000, 7260000),
  (336, 7, 363, 'Survêtement Homme / L / Black', 20, 'u', 220000, 4400000),
  (337, 7, 364, 'Survêtement Homme / L / Navy', 15, 'u', 220000, 3300000),
  (338, 7, 365, 'Survêtement Homme / L / Grey', 26, 'u', 220000, 5720000),
  (339, 7, 366, 'Survêtement Homme / XL / Black', 22, 'u', 220000, 4840000),
  (340, 7, 367, 'Survêtement Homme / XL / Navy', 33, 'u', 220000, 7260000),
  (341, 7, 368, 'Survêtement Homme / XL / Grey', 33, 'u', 220000, 7260000),
  (342, 7, 369, 'Short Sport / S / Black', 28, 'u', 65000, 1820000),
  (343, 7, 370, 'Short Sport / S / Navy', 26, 'u', 65000, 1690000),
  (344, 7, 371, 'Short Sport / S / Red', 23, 'u', 65000, 1495000),
  (345, 7, 372, 'Short Sport / M / Black', 38, 'u', 65000, 2470000),
  (346, 7, 373, 'Short Sport / M / Navy', 24, 'u', 65000, 1560000),
  (347, 7, 374, 'Short Sport / M / Red', 18, 'u', 65000, 1170000),
  (348, 7, 375, 'Short Sport / L / Black', 33, 'u', 65000, 2145000),
  (349, 7, 376, 'Short Sport / L / Navy', 37, 'u', 65000, 2405000),
  (350, 7, 377, 'Short Sport / L / Red', 24, 'u', 65000, 1560000),
  (351, 7, 378, 'Short Sport / XL / Black', 20, 'u', 65000, 1300000),
  (352, 7, 379, 'Short Sport / XL / Navy', 15, 'u', 65000, 975000),
  (353, 7, 380, 'Short Sport / XL / Red', 37, 'u', 65000, 2405000),
  (354, 7, 381, 'Legging Femme Sport / S / Black', 33, 'u', 80000, 2640000),
  (355, 7, 382, 'Legging Femme Sport / S / Grey', 15, 'u', 80000, 1200000),
  (356, 7, 383, 'Legging Femme Sport / S / Navy', 15, 'u', 80000, 1200000),
  (357, 7, 384, 'Legging Femme Sport / M / Black', 30, 'u', 80000, 2400000),
  (358, 7, 385, 'Legging Femme Sport / M / Grey', 24, 'u', 80000, 1920000),
  (359, 7, 386, 'Legging Femme Sport / M / Navy', 27, 'u', 80000, 2160000),
  (360, 7, 387, 'Legging Femme Sport / L / Black', 38, 'u', 80000, 3040000),
  (361, 7, 388, 'Legging Femme Sport / L / Grey', 17, 'u', 80000, 1360000),
  (362, 7, 389, 'Legging Femme Sport / L / Navy', 33, 'u', 80000, 2640000),
  (363, 7, 390, 'Débardeur Sport / S / Black', 17, 'u', 50000, 850000),
  (364, 7, 391, 'Débardeur Sport / S / White', 31, 'u', 50000, 1550000),
  (365, 7, 392, 'Débardeur Sport / S / Blue', 35, 'u', 50000, 1750000),
  (366, 7, 393, 'Débardeur Sport / M / Black', 16, 'u', 50000, 800000),
  (367, 7, 394, 'Débardeur Sport / M / White', 26, 'u', 50000, 1300000),
  (368, 7, 395, 'Débardeur Sport / M / Blue', 27, 'u', 50000, 1350000),
  (369, 7, 396, 'Débardeur Sport / L / Black', 20, 'u', 50000, 1000000),
  (370, 7, 397, 'Débardeur Sport / L / White', 22, 'u', 50000, 1100000),
  (371, 7, 398, 'Débardeur Sport / L / Blue', 31, 'u', 50000, 1550000),
  (372, 7, 399, 'Débardeur Sport / XL / Black', 23, 'u', 50000, 1150000),
  (373, 7, 400, 'Débardeur Sport / XL / White', 37, 'u', 50000, 1850000),
  (374, 7, 401, 'Débardeur Sport / XL / Blue', 24, 'u', 50000, 1200000),
  (375, 7, 402, 'Veste de Sport / S / Black', 19, 'u', 190000, 3610000),
  (376, 7, 403, 'Veste de Sport / S / Navy', 25, 'u', 190000, 4750000),
  (377, 7, 404, 'Veste de Sport / M / Black', 16, 'u', 190000, 3040000),
  (378, 7, 405, 'Veste de Sport / M / Navy', 25, 'u', 190000, 4750000),
  (379, 7, 406, 'Veste de Sport / L / Black', 29, 'u', 190000, 5510000),
  (380, 7, 407, 'Veste de Sport / L / Navy', 16, 'u', 190000, 3040000),
  (381, 7, 408, 'Veste de Sport / XL / Black', 35, 'u', 190000, 6650000),
  (382, 7, 409, 'Veste de Sport / XL / Navy', 35, 'u', 190000, 6650000),
  (383, 8, 242, 'Pyjama Enfant / XS / Blue', 28, 'u', 60000, 1680000),
  (384, 8, 243, 'Pyjama Enfant / XS / Pink', 15, 'u', 60000, 900000),
  (385, 8, 244, 'Pyjama Enfant / XS / Grey', 16, 'u', 60000, 960000),
  (386, 8, 245, 'Pyjama Enfant / S / Blue', 15, 'u', 60000, 900000),
  (387, 8, 246, 'Pyjama Enfant / S / Pink', 34, 'u', 60000, 2040000),
  (388, 8, 247, 'Pyjama Enfant / S / Grey', 20, 'u', 60000, 1200000),
  (389, 8, 248, 'Pyjama Enfant / M / Blue', 33, 'u', 60000, 1980000),
  (390, 8, 249, 'Pyjama Enfant / M / Pink', 28, 'u', 60000, 1680000),
  (391, 8, 250, 'Pyjama Enfant / M / Grey', 33, 'u', 60000, 1980000),
  (392, 8, 410, 'Chaussettes (lot de 3) / Black', 24, 'u', 30000, 720000),
  (393, 8, 411, 'Chaussettes (lot de 3) / White', 16, 'u', 30000, 480000),
  (394, 8, 412, 'Chaussettes (lot de 3) / Grey', 24, 'u', 30000, 720000),
  (395, 8, 413, 'Boxer Homme (lot de 2) / S / Black', 24, 'u', 45000, 1080000),
  (396, 8, 414, 'Boxer Homme (lot de 2) / S / Navy', 32, 'u', 45000, 1440000),
  (397, 8, 415, 'Boxer Homme (lot de 2) / M / Black', 20, 'u', 45000, 900000),
  (398, 8, 416, 'Boxer Homme (lot de 2) / M / Navy', 26, 'u', 45000, 1170000),
  (399, 8, 417, 'Boxer Homme (lot de 2) / L / Black', 19, 'u', 45000, 855000),
  (400, 8, 418, 'Boxer Homme (lot de 2) / L / Navy', 34, 'u', 45000, 1530000);
INSERT INTO purchase_items (id, purchase_id, variant_id, description, qty, unit, unit_cost_ht_cents, line_total_ht_cents) VALUES
  (401, 8, 419, 'Boxer Homme (lot de 2) / XL / Black', 35, 'u', 45000, 1575000),
  (402, 8, 420, 'Boxer Homme (lot de 2) / XL / Navy', 19, 'u', 45000, 855000),
  (403, 8, 421, 'Sous-vêtement Femme / S / Black', 35, 'u', 40000, 1400000),
  (404, 8, 422, 'Sous-vêtement Femme / S / White', 19, 'u', 40000, 760000),
  (405, 8, 423, 'Sous-vêtement Femme / S / Pink', 34, 'u', 40000, 1360000),
  (406, 8, 424, 'Sous-vêtement Femme / S / Beige', 18, 'u', 40000, 720000),
  (407, 8, 425, 'Sous-vêtement Femme / M / Black', 24, 'u', 40000, 960000),
  (408, 8, 426, 'Sous-vêtement Femme / M / White', 22, 'u', 40000, 880000),
  (409, 8, 427, 'Sous-vêtement Femme / M / Pink', 16, 'u', 40000, 640000),
  (410, 8, 428, 'Sous-vêtement Femme / M / Beige', 17, 'u', 40000, 680000),
  (411, 8, 429, 'Sous-vêtement Femme / L / Black', 32, 'u', 40000, 1280000),
  (412, 8, 430, 'Sous-vêtement Femme / L / White', 19, 'u', 40000, 760000),
  (413, 8, 431, 'Sous-vêtement Femme / L / Pink', 31, 'u', 40000, 1240000),
  (414, 8, 432, 'Sous-vêtement Femme / L / Beige', 18, 'u', 40000, 720000),
  (415, 8, 433, 'Maillot de Corps / S / White', 18, 'u', 35000, 630000),
  (416, 8, 434, 'Maillot de Corps / S / Grey', 26, 'u', 35000, 910000),
  (417, 8, 435, 'Maillot de Corps / M / White', 37, 'u', 35000, 1295000),
  (418, 8, 436, 'Maillot de Corps / M / Grey', 24, 'u', 35000, 840000),
  (419, 8, 437, 'Maillot de Corps / L / White', 17, 'u', 35000, 595000),
  (420, 8, 438, 'Maillot de Corps / L / Grey', 25, 'u', 35000, 875000),
  (421, 8, 439, 'Maillot de Corps / XL / White', 38, 'u', 35000, 1330000),
  (422, 8, 440, 'Maillot de Corps / XL / Grey', 37, 'u', 35000, 1295000),
  (423, 9, 75, 'Pull Homme Col V / S / Grey', 29, 'u', 170000, 4930000),
  (424, 9, 76, 'Pull Homme Col V / S / Navy', 26, 'u', 170000, 4420000),
  (425, 9, 77, 'Pull Homme Col V / S / Brown', 29, 'u', 170000, 4930000),
  (426, 9, 78, 'Pull Homme Col V / M / Grey', 17, 'u', 170000, 2890000),
  (427, 9, 79, 'Pull Homme Col V / M / Navy', 16, 'u', 170000, 2720000),
  (428, 9, 80, 'Pull Homme Col V / M / Brown', 33, 'u', 170000, 5610000),
  (429, 9, 81, 'Pull Homme Col V / L / Grey', 25, 'u', 170000, 4250000),
  (430, 9, 82, 'Pull Homme Col V / L / Navy', 28, 'u', 170000, 4760000),
  (431, 9, 83, 'Pull Homme Col V / L / Brown', 16, 'u', 170000, 2720000),
  (432, 9, 84, 'Pull Homme Col V / XL / Grey', 21, 'u', 170000, 3570000),
  (433, 9, 85, 'Pull Homme Col V / XL / Navy', 27, 'u', 170000, 4590000),
  (434, 9, 86, 'Pull Homme Col V / XL / Brown', 17, 'u', 170000, 2890000),
  (435, 9, 169, 'Pull Femme Maille / S / Beige', 22, 'u', 160000, 3520000),
  (436, 9, 170, 'Pull Femme Maille / S / Pink', 16, 'u', 160000, 2560000),
  (437, 9, 171, 'Pull Femme Maille / S / Grey', 38, 'u', 160000, 6080000),
  (438, 9, 172, 'Pull Femme Maille / S / White', 28, 'u', 160000, 4480000),
  (439, 9, 173, 'Pull Femme Maille / M / Beige', 32, 'u', 160000, 5120000),
  (440, 9, 174, 'Pull Femme Maille / M / Pink', 26, 'u', 160000, 4160000),
  (441, 9, 175, 'Pull Femme Maille / M / Grey', 21, 'u', 160000, 3360000),
  (442, 9, 176, 'Pull Femme Maille / M / White', 32, 'u', 160000, 5120000),
  (443, 9, 177, 'Pull Femme Maille / L / Beige', 16, 'u', 160000, 2560000),
  (444, 9, 178, 'Pull Femme Maille / L / Pink', 30, 'u', 160000, 4800000),
  (445, 9, 179, 'Pull Femme Maille / L / Grey', 20, 'u', 160000, 3200000),
  (446, 9, 180, 'Pull Femme Maille / L / White', 32, 'u', 160000, 5120000),
  (447, 9, 181, 'Pull Femme Maille / XL / Beige', 24, 'u', 160000, 3840000),
  (448, 9, 182, 'Pull Femme Maille / XL / Pink', 29, 'u', 160000, 4640000),
  (449, 9, 183, 'Pull Femme Maille / XL / Grey', 36, 'u', 160000, 5760000),
  (450, 9, 184, 'Pull Femme Maille / XL / White', 27, 'u', 160000, 4320000),
  (451, 9, 185, 'Cardigan Femme / S / Grey', 37, 'u', 175000, 6475000),
  (452, 9, 186, 'Cardigan Femme / S / Black', 19, 'u', 175000, 3325000),
  (453, 9, 187, 'Cardigan Femme / S / Beige', 14, 'u', 175000, 2450000),
  (454, 9, 188, 'Cardigan Femme / M / Grey', 32, 'u', 175000, 5600000),
  (455, 9, 189, 'Cardigan Femme / M / Black', 26, 'u', 175000, 4550000),
  (456, 9, 190, 'Cardigan Femme / M / Beige', 18, 'u', 175000, 3150000),
  (457, 9, 191, 'Cardigan Femme / L / Grey', 16, 'u', 175000, 2800000),
  (458, 9, 192, 'Cardigan Femme / L / Black', 14, 'u', 175000, 2450000),
  (459, 9, 193, 'Cardigan Femme / L / Beige', 20, 'u', 175000, 3500000),
  (460, 9, 194, 'Cardigan Femme / XL / Grey', 38, 'u', 175000, 6650000),
  (461, 9, 195, 'Cardigan Femme / XL / Black', 38, 'u', 175000, 6650000),
  (462, 9, 196, 'Cardigan Femme / XL / Beige', 30, 'u', 175000, 5250000),
  (463, 9, 348, 'Écharpe / Grey', 31, 'u', 50000, 1550000),
  (464, 9, 349, 'Écharpe / Navy', 17, 'u', 50000, 850000),
  (465, 9, 350, 'Écharpe / Red', 30, 'u', 50000, 1500000),
  (466, 9, 351, 'Écharpe / Beige', 24, 'u', 50000, 1200000),
  (467, 9, 458, 'Manteau d''Hiver Femme / S / Black', 19, 'u', 480000, 9120000),
  (468, 9, 459, 'Manteau d''Hiver Femme / S / Beige', 26, 'u', 480000, 12480000),
  (469, 9, 460, 'Manteau d''Hiver Femme / S / Navy', 33, 'u', 480000, 15840000),
  (470, 9, 461, 'Manteau d''Hiver Femme / M / Black', 24, 'u', 480000, 11520000),
  (471, 9, 462, 'Manteau d''Hiver Femme / M / Beige', 33, 'u', 480000, 15840000),
  (472, 9, 463, 'Manteau d''Hiver Femme / M / Navy', 20, 'u', 480000, 9600000),
  (473, 9, 464, 'Manteau d''Hiver Femme / L / Black', 30, 'u', 480000, 14400000),
  (474, 9, 465, 'Manteau d''Hiver Femme / L / Beige', 26, 'u', 480000, 12480000),
  (475, 9, 466, 'Manteau d''Hiver Femme / L / Navy', 33, 'u', 480000, 15840000),
  (476, 9, 467, 'Manteau d''Hiver Femme / XL / Black', 22, 'u', 480000, 10560000),
  (477, 9, 468, 'Manteau d''Hiver Femme / XL / Beige', 16, 'u', 480000, 7680000),
  (478, 9, 469, 'Manteau d''Hiver Femme / XL / Navy', 22, 'u', 480000, 10560000),
  (479, 9, 470, 'Doudoune Homme / XS / Black', 35, 'u', 420000, 14700000),
  (480, 9, 471, 'Doudoune Homme / XS / Navy', 17, 'u', 420000, 7140000),
  (481, 9, 472, 'Doudoune Homme / XS / Grey', 34, 'u', 420000, 14280000),
  (482, 9, 473, 'Doudoune Homme / S / Black', 22, 'u', 420000, 9240000),
  (483, 9, 474, 'Doudoune Homme / S / Navy', 16, 'u', 420000, 6720000),
  (484, 9, 475, 'Doudoune Homme / S / Grey', 36, 'u', 420000, 15120000),
  (485, 9, 476, 'Doudoune Homme / M / Black', 37, 'u', 420000, 15540000),
  (486, 9, 477, 'Doudoune Homme / M / Navy', 28, 'u', 420000, 11760000),
  (487, 9, 478, 'Doudoune Homme / M / Grey', 16, 'u', 420000, 6720000),
  (488, 9, 479, 'Doudoune Homme / L / Black', 17, 'u', 420000, 7140000),
  (489, 9, 480, 'Doudoune Homme / L / Navy', 25, 'u', 420000, 10500000),
  (490, 9, 481, 'Doudoune Homme / L / Grey', 14, 'u', 420000, 5880000),
  (491, 9, 482, 'Doudoune Homme / XL / Black', 25, 'u', 420000, 10500000),
  (492, 9, 483, 'Doudoune Homme / XL / Navy', 34, 'u', 420000, 14280000),
  (493, 9, 484, 'Doudoune Homme / XL / Grey', 15, 'u', 420000, 6300000),
  (494, 9, 485, 'Doudoune Homme / XXL / Black', 19, 'u', 420000, 7980000),
  (495, 9, 486, 'Doudoune Homme / XXL / Navy', 37, 'u', 420000, 15540000),
  (496, 9, 487, 'Doudoune Homme / XXL / Grey', 16, 'u', 420000, 6720000),
  (497, 9, 500, 'Trench Femme / S / Beige', 29, 'u', 390000, 11310000),
  (498, 9, 501, 'Trench Femme / S / Black', 32, 'u', 390000, 12480000),
  (499, 9, 502, 'Trench Femme / M / Beige', 20, 'u', 390000, 7800000),
  (500, 9, 503, 'Trench Femme / M / Black', 36, 'u', 390000, 14040000),
  (501, 9, 504, 'Trench Femme / L / Beige', 30, 'u', 390000, 11700000),
  (502, 9, 505, 'Trench Femme / L / Black', 17, 'u', 390000, 6630000),
  (503, 9, 506, 'Trench Femme / XL / Beige', 25, 'u', 390000, 9750000),
  (504, 9, 507, 'Trench Femme / XL / Black', 36, 'u', 390000, 14040000),
  (505, 9, 508, 'Parka Homme / S / Green', 28, 'u', 410000, 11480000),
  (506, 9, 509, 'Parka Homme / S / Navy', 27, 'u', 410000, 11070000),
  (507, 9, 510, 'Parka Homme / S / Black', 28, 'u', 410000, 11480000),
  (508, 9, 511, 'Parka Homme / M / Green', 18, 'u', 410000, 7380000),
  (509, 9, 512, 'Parka Homme / M / Navy', 29, 'u', 410000, 11890000),
  (510, 9, 513, 'Parka Homme / M / Black', 17, 'u', 410000, 6970000),
  (511, 9, 514, 'Parka Homme / L / Green', 20, 'u', 410000, 8200000),
  (512, 9, 515, 'Parka Homme / L / Navy', 36, 'u', 410000, 14760000),
  (513, 9, 516, 'Parka Homme / L / Black', 29, 'u', 410000, 11890000),
  (514, 9, 517, 'Parka Homme / XL / Green', 28, 'u', 410000, 11480000),
  (515, 9, 518, 'Parka Homme / XL / Navy', 34, 'u', 410000, 13940000),
  (516, 9, 519, 'Parka Homme / XL / Black', 27, 'u', 410000, 11070000),
  (517, 9, 520, 'Gilet Sans Manches / S / Black', 28, 'u', 240000, 6720000),
  (518, 9, 521, 'Gilet Sans Manches / S / Grey', 28, 'u', 240000, 6720000),
  (519, 9, 522, 'Gilet Sans Manches / S / Navy', 36, 'u', 240000, 8640000),
  (520, 9, 523, 'Gilet Sans Manches / M / Black', 22, 'u', 240000, 5280000),
  (521, 9, 524, 'Gilet Sans Manches / M / Grey', 23, 'u', 240000, 5520000),
  (522, 9, 525, 'Gilet Sans Manches / M / Navy', 37, 'u', 240000, 8880000),
  (523, 9, 526, 'Gilet Sans Manches / L / Black', 33, 'u', 240000, 7920000),
  (524, 9, 527, 'Gilet Sans Manches / L / Grey', 16, 'u', 240000, 3840000),
  (525, 9, 528, 'Gilet Sans Manches / L / Navy', 27, 'u', 240000, 6480000),
  (526, 9, 529, 'Gilet Sans Manches / XL / Black', 27, 'u', 240000, 6480000),
  (527, 9, 530, 'Gilet Sans Manches / XL / Grey', 16, 'u', 240000, 3840000),
  (528, 9, 531, 'Gilet Sans Manches / XL / Navy', 15, 'u', 240000, 3600000),
  (529, 9, 532, 'Bonnet Laine / Grey', 24, 'u', 30000, 720000),
  (530, 9, 533, 'Bonnet Laine / Black', 15, 'u', 30000, 450000),
  (531, 9, 534, 'Bonnet Laine / Navy', 24, 'u', 30000, 720000),
  (532, 9, 535, 'Bonnet Laine / Red', 26, 'u', 30000, 780000),
  (533, 10, 114, 'Robe Femme Évasée / S / Pink', 14, 'u', 210000, 2940000),
  (534, 10, 224, 'Robe Fille / XS / Pink', 19, 'u', 90000, 1710000),
  (535, 10, 228, 'Robe Fille / S / Red', 23, 'u', 90000, 2070000),
  (536, 11, 128, 'Blouse Femme / S / Pink', 23, 'u', 120000, 2760000),
  (537, 11, 490, 'Blazer Homme / S / Grey', 23, 'u', 360000, 8280000),
  (538, 12, 253, 'Baskets Homme Running / 38 / Grey', 12, 'u', 260000, 3120000),
  (539, 12, 291, 'Baskets Femme Sneakers / 44 / Pink', 17, 'u', 240000, 4080000),
  (540, 12, 315, 'Sandales Femme / 40 / Brown', 18, 'u', 150000, 2700000),
  (541, 13, 52, 'Jean Slim Homme / M / Black', 14, 'u', 190000, 2660000),
  (542, 13, 62, 'Jean Slim Homme / XXL / Blue', 22, 'u', 190000, 4180000),
  (543, 13, 168, 'Jean Femme Skinny / XXL / Navy', 16, 'u', 185000, 2960000),
  (544, 14, 242, 'Pyjama Enfant / XS / Blue', 13, 'u', 60000, 780000),
  (545, 14, 243, 'Pyjama Enfant / XS / Pink', 17, 'u', 60000, 1020000),
  (546, 14, 244, 'Pyjama Enfant / XS / Grey', 19, 'u', 60000, 1140000),
  (547, 14, 245, 'Pyjama Enfant / S / Blue', 13, 'u', 60000, 780000),
  (548, 15, 75, 'Pull Homme Col V / S / Grey', 9, 'u', 170000, 1530000),
  (549, 15, 76, 'Pull Homme Col V / S / Navy', 14, 'u', 170000, 2380000),
  (550, 15, 77, 'Pull Homme Col V / S / Brown', 15, 'u', 170000, 2550000);

-- Sales + lines
INSERT INTO sales (id, code, subtotal_cents, cart_discount_cents, total_cents, cash_tendered_cents, change_cents, status, note, created_at, customer_id, tva_enabled, tva_rate, subtotal_ht_cents, tva_cents, total_ttc_cents, paid_cents, payment_method) VALUES
  (1, 'FAC-2026-0001', 820000, 0, 820000, 820000, 0, 'completed', NULL, '2026-01-01 23:40:03', NULL, 0, 0, 820000, 0, 820000, 820000, 'especes'),
  (2, 'FAC-2026-0002', 747000, 0, 747000, 747000, 0, 'completed', NULL, '2026-01-05 07:53:57', 20, 0, 0, 747000, 0, 747000, 747000, 'especes'),
  (3, 'FAC-2026-0003', 998000, 0, 998000, 998000, 0, 'completed', NULL, '2026-01-03 23:02:59', 16, 0, 0, 998000, 0, 998000, 998000, 'especes'),
  (4, 'FAC-2026-0004', 1549000, 0, 1549000, 1549000, 0, 'completed', NULL, '2026-01-05 20:04:39', NULL, 0, 0, 1549000, 0, 1549000, 1549000, 'especes'),
  (5, 'FAC-2026-0005', 2610000, 0, 2610000, 2610000, 0, 'completed', NULL, '2026-01-07 17:30:32', NULL, 0, 0, 2610000, 0, 2610000, 2610000, 'especes'),
  (6, 'FAC-2026-0006', 805000, 0, 805000, 805000, 0, 'completed', NULL, '2026-01-05 19:41:39', NULL, 0, 0, 805000, 0, 805000, 805000, 'cheque'),
  (7, 'FAC-2026-0007', 1767000, 0, 1767000, 0, 0, 'voided', 'Vente annulée', '2026-01-04 21:20:17', 4, 1, 19, 1484874, 282126, 1767000, 0, 'virement'),
  (8, 'FAC-2026-0008', 1290000, 0, 1290000, 1290000, 0, 'completed', NULL, '2026-01-03 05:15:02', NULL, 0, 0, 1290000, 0, 1290000, 1290000, 'especes'),
  (9, 'FAC-2026-0009', 3137000, 0, 3137000, 3137000, 0, 'completed', NULL, '2026-01-05 18:30:50', NULL, 0, 0, 3137000, 0, 3137000, 3137000, 'especes'),
  (10, 'FAC-2026-0010', 1500000, 0, 1500000, 0, 0, 'voided', 'Vente annulée', '2026-01-02 09:05:43', NULL, 0, 0, 1500000, 0, 1500000, 0, 'especes'),
  (11, 'FAC-2026-0011', 489000, 0, 489000, 489000, 0, 'completed', NULL, '2026-01-07 19:12:49', NULL, 0, 0, 489000, 0, 489000, 489000, 'cheque'),
  (12, 'FAC-2026-0012', 4098000, 0, 4098000, 4098000, 0, 'completed', NULL, '2026-01-07 19:16:45', 9, 0, 0, 4098000, 0, 4098000, 4098000, 'cheque'),
  (13, 'FAC-2026-0013', 630000, 0, 630000, 630000, 0, 'completed', NULL, '2026-01-02 08:05:38', 15, 0, 0, 630000, 0, 630000, 630000, 'especes'),
  (14, 'FAC-2026-0014', 2620000, 0, 2620000, 2620000, 0, 'completed', NULL, '2026-01-06 14:14:39', NULL, 0, 0, 2620000, 0, 2620000, 2620000, 'especes'),
  (15, 'FAC-2026-0015', 1708000, 0, 1708000, 1708000, 0, 'completed', NULL, '2026-01-11 10:12:35', NULL, 0, 0, 1708000, 0, 1708000, 1708000, 'especes'),
  (16, 'FAC-2026-0016', 2500000, 0, 2500000, 2500000, 0, 'completed', NULL, '2026-01-12 05:09:09', 17, 0, 0, 2500000, 0, 2500000, 2500000, 'especes'),
  (17, 'FAC-2026-0017', 398000, 0, 398000, 398000, 0, 'completed', NULL, '2026-01-14 03:18:17', 21, 0, 0, 398000, 0, 398000, 398000, 'especes'),
  (18, 'FAC-2026-0018', 957000, 0, 957000, 1057000, 100000, 'completed', NULL, '2026-01-13 07:05:45', NULL, 0, 0, 957000, 0, 957000, 957000, 'especes'),
  (19, 'FAC-2026-0019', 2360000, 0, 2360000, 2410000, 50000, 'completed', NULL, '2026-01-12 23:10:32', 19, 0, 0, 2360000, 0, 2360000, 2360000, 'especes'),
  (20, 'FAC-2026-0020', 760000, 0, 760000, 760000, 0, 'completed', NULL, '2026-01-12 17:19:27', 20, 0, 0, 760000, 0, 760000, 760000, 'cib'),
  (21, 'FAC-2026-0021', 1209000, 0, 1209000, 1209000, 0, 'completed', NULL, '2026-01-08 22:43:09', NULL, 0, 0, 1209000, 0, 1209000, 1209000, 'especes'),
  (22, 'FAC-2026-0022', 5962000, 0, 5962000, 5962000, 0, 'completed', 'Vente à crédit', '2026-01-09 17:32:01', 23, 0, 0, 5962000, 0, 5962000, 0, 'especes'),
  (23, 'FAC-2026-0023', 2760000, 0, 2760000, 2760000, 0, 'completed', 'Vente à crédit', '2026-01-11 21:19:31', 23, 0, 0, 2760000, 0, 2760000, 828000, 'especes'),
  (24, 'FAC-2026-0024', 1830000, 0, 1830000, 1830000, 0, 'completed', 'Vente à crédit', '2026-01-15 10:33:51', 5, 0, 0, 1830000, 0, 1830000, 1281000, 'especes'),
  (25, 'FAC-2026-0025', 2970000, 50000, 2920000, 2920000, 0, 'completed', NULL, '2026-01-15 23:10:39', 5, 1, 19, 2453782, 466218, 2920000, 2920000, 'cheque'),
  (26, 'FAC-2026-0026', 2000000, 0, 2000000, 2000000, 0, 'completed', NULL, '2026-01-18 01:05:26', NULL, 0, 0, 2000000, 0, 2000000, 2000000, 'especes'),
  (27, 'FAC-2026-0027', 3621000, 50000, 3571000, 3621000, 50000, 'completed', NULL, '2026-01-16 19:19:28', 21, 0, 0, 3571000, 0, 3571000, 3571000, 'especes'),
  (28, 'FAC-2026-0028', 1695000, 0, 1695000, 1186500, 0, 'completed', 'Vente à crédit', '2026-01-21 10:48:15', 5, 1, 19, 1424370, 270630, 1695000, 1186500, 'cheque'),
  (29, 'FAC-2026-0029', 4382000, 0, 4382000, 4482000, 100000, 'completed', NULL, '2026-01-21 03:41:47', NULL, 0, 0, 4382000, 0, 4382000, 4382000, 'especes'),
  (30, 'FAC-2026-0030', 760000, 0, 760000, 760000, 0, 'completed', NULL, '2026-01-21 00:06:12', 28, 0, 0, 760000, 0, 760000, 760000, 'especes'),
  (31, 'FAC-2026-0031', 3054000, 0, 3054000, 3054000, 0, 'completed', NULL, '2026-01-19 02:20:01', 3, 1, 19, 2566387, 487613, 3054000, 3054000, 'especes'),
  (32, 'FAC-2026-0032', 2685000, 0, 2685000, 2685000, 0, 'completed', NULL, '2026-01-18 06:27:50', NULL, 0, 0, 2685000, 0, 2685000, 2685000, 'cib'),
  (33, 'FAC-2026-0033', 1080000, 0, 1080000, 1080000, 0, 'completed', NULL, '2026-01-18 01:14:58', NULL, 0, 0, 1080000, 0, 1080000, 1080000, 'especes'),
  (34, 'FAC-2026-0034', 2255000, 0, 2255000, 2305000, 50000, 'completed', NULL, '2026-01-17 10:24:05', NULL, 0, 0, 2255000, 0, 2255000, 2255000, 'especes'),
  (35, 'FAC-2026-0035', 4410000, 0, 4410000, 4410000, 0, 'completed', NULL, '2026-01-21 14:32:23', NULL, 0, 0, 4410000, 0, 4410000, 4410000, 'cib'),
  (36, 'FAC-2026-0036', 870000, 0, 870000, 920000, 50000, 'completed', NULL, '2026-01-16 01:31:28', 16, 0, 0, 870000, 0, 870000, 870000, 'especes'),
  (37, 'FAC-2026-0037', 1882000, 0, 1882000, 1882000, 0, 'completed', NULL, '2026-01-17 12:36:53', NULL, 0, 0, 1882000, 0, 1882000, 1882000, 'cib'),
  (38, 'FAC-2026-0038', 3906000, 0, 3906000, 3906000, 0, 'completed', NULL, '2026-01-20 04:29:42', NULL, 0, 0, 3906000, 0, 3906000, 3906000, 'especes'),
  (39, 'FAC-2026-0039', 3990000, 0, 3990000, 4090000, 100000, 'completed', NULL, '2026-01-24 23:15:54', 5, 1, 19, 3352941, 637059, 3990000, 3990000, 'especes'),
  (40, 'FAC-2026-0040', 1087000, 0, 1087000, 1087000, 0, 'completed', 'Vente à crédit', '2026-01-25 11:49:27', 4, 1, 19, 913445, 173555, 1087000, 543500, 'especes'),
  (41, 'FAC-2026-0041', 2182000, 0, 2182000, 2182000, 0, 'completed', NULL, '2026-01-25 20:02:03', NULL, 0, 0, 2182000, 0, 2182000, 2182000, 'cib'),
  (42, 'FAC-2026-0042', 3435000, 0, 3435000, 3435000, 0, 'completed', NULL, '2026-01-24 16:34:21', NULL, 0, 0, 3435000, 0, 3435000, 3435000, 'cib'),
  (43, 'FAC-2026-0043', 450000, 0, 450000, 450000, 0, 'completed', NULL, '2026-01-24 09:02:52', NULL, 0, 0, 450000, 0, 450000, 450000, 'cheque'),
  (44, 'FAC-2026-0044', 2927000, 0, 2927000, 2927000, 0, 'completed', NULL, '2026-01-24 23:05:12', NULL, 0, 0, 2927000, 0, 2927000, 2927000, 'especes'),
  (45, 'FAC-2026-0045', 1467000, 50000, 1417000, 1417000, 0, 'completed', NULL, '2026-01-27 16:56:38', NULL, 0, 0, 1417000, 0, 1417000, 1417000, 'especes'),
  (46, 'FAC-2026-0046', 3770000, 0, 3770000, 3770000, 0, 'completed', NULL, '2026-01-25 08:24:36', NULL, 0, 0, 3770000, 0, 3770000, 3770000, 'cib'),
  (47, 'FAC-2026-0047', 1719000, 0, 1719000, 0, 0, 'voided', 'Vente annulée', '2026-01-23 17:04:30', NULL, 0, 0, 1719000, 0, 1719000, 0, 'especes'),
  (48, 'FAC-2026-0048', 510000, 0, 510000, 510000, 0, 'completed', NULL, '2026-01-28 17:44:30', NULL, 0, 0, 510000, 0, 510000, 510000, 'especes'),
  (49, 'FAC-2026-0049', 2550000, 0, 2550000, 2650000, 100000, 'completed', NULL, '2026-01-24 22:03:17', NULL, 0, 0, 2550000, 0, 2550000, 2550000, 'especes'),
  (50, 'FAC-2026-0050', 1725000, 0, 1725000, 1725000, 0, 'completed', NULL, '2026-01-25 08:53:17', NULL, 0, 0, 1725000, 0, 1725000, 1725000, 'especes'),
  (51, 'FAC-2026-0051', 1797000, 0, 1797000, 1797000, 0, 'completed', NULL, '2026-01-25 23:02:22', NULL, 0, 0, 1797000, 0, 1797000, 1797000, 'especes'),
  (52, 'FAC-2026-0052', 2953000, 0, 2953000, 2953000, 0, 'completed', NULL, '2026-02-04 11:34:38', NULL, 0, 0, 2953000, 0, 2953000, 2953000, 'cheque'),
  (53, 'FAC-2026-0053', 1489000, 0, 1489000, 0, 0, 'completed', 'Vente à crédit', '2026-01-31 09:19:10', 19, 0, 0, 1489000, 0, 1489000, 0, 'cib'),
  (54, 'FAC-2026-0054', 1450000, 20000, 1430000, 1430000, 0, 'completed', NULL, '2026-02-02 15:03:32', 9, 0, 0, 1430000, 0, 1430000, 1430000, 'cib'),
  (55, 'FAC-2026-0055', 2910000, 0, 2910000, 2910000, 0, 'completed', NULL, '2026-02-03 03:02:03', NULL, 0, 0, 2910000, 0, 2910000, 2910000, 'especes'),
  (56, 'FAC-2026-0056', 330000, 0, 330000, 330000, 0, 'completed', NULL, '2026-02-01 04:00:10', 21, 0, 0, 330000, 0, 330000, 330000, 'especes'),
  (57, 'FAC-2026-0057', 3488000, 0, 3488000, 3488000, 0, 'completed', NULL, '2026-02-03 22:01:13', 30, 0, 0, 3488000, 0, 3488000, 3488000, 'cib'),
  (58, 'FAC-2026-0058', 683000, 0, 683000, 683000, 0, 'completed', NULL, '2026-02-04 18:45:29', NULL, 0, 0, 683000, 0, 683000, 683000, 'cib'),
  (59, 'FAC-2026-0059', 1740000, 0, 1740000, 1740000, 0, 'completed', NULL, '2026-02-02 00:11:22', NULL, 0, 0, 1740000, 0, 1740000, 1740000, 'cheque'),
  (60, 'FAC-2026-0060', 760000, 0, 760000, 760000, 0, 'completed', NULL, '2026-02-01 19:30:50', NULL, 0, 0, 760000, 0, 760000, 760000, 'cheque'),
  (61, 'FAC-2026-0061', 420000, 0, 420000, 420000, 0, 'completed', NULL, '2026-01-30 01:53:36', NULL, 0, 0, 420000, 0, 420000, 420000, 'especes'),
  (62, 'FAC-2026-0062', 860000, 0, 860000, 860000, 0, 'completed', NULL, '2026-02-01 06:05:57', NULL, 0, 0, 860000, 0, 860000, 860000, 'cheque'),
  (63, 'FAC-2026-0063', 2999000, 0, 2999000, 0, 0, 'voided', 'Vente annulée', '2026-02-06 03:00:47', 6, 1, 19, 2520168, 478832, 2999000, 0, 'ccp'),
  (64, 'FAC-2026-0064', 800000, 20000, 780000, 234000, 0, 'completed', 'Vente à crédit', '2026-02-11 11:27:38', 1, 1, 19, 655462, 124538, 780000, 234000, 'virement'),
  (65, 'FAC-2026-0065', 2459000, 0, 2459000, 2459000, 0, 'completed', 'Vente à crédit', '2026-02-08 19:29:00', 24, 0, 0, 2459000, 0, 2459000, 1229500, 'especes'),
  (66, 'FAC-2026-0066', 1709000, 0, 1709000, 1709000, 0, 'completed', NULL, '2026-02-10 07:08:08', NULL, 0, 0, 1709000, 0, 1709000, 1709000, 'especes'),
  (67, 'FAC-2026-0067', 2188000, 0, 2188000, 2188000, 0, 'completed', NULL, '2026-02-10 23:06:18', NULL, 0, 0, 2188000, 0, 2188000, 2188000, 'especes'),
  (68, 'FAC-2026-0068', 930000, 0, 930000, 930000, 0, 'completed', NULL, '2026-02-06 17:53:53', 8, 0, 0, 930000, 0, 930000, 930000, 'especes'),
  (69, 'FAC-2026-0069', 1758000, 0, 1758000, 1758000, 0, 'completed', NULL, '2026-02-07 18:27:47', NULL, 0, 0, 1758000, 0, 1758000, 1758000, 'cheque'),
  (70, 'FAC-2026-0070', 390000, 30000, 360000, 360000, 0, 'completed', NULL, '2026-02-11 18:16:40', 11, 0, 0, 360000, 0, 360000, 360000, 'especes'),
  (71, 'FAC-2026-0071', 2770000, 0, 2770000, 2770000, 0, 'completed', NULL, '2026-02-07 05:11:35', NULL, 0, 0, 2770000, 0, 2770000, 2770000, 'especes'),
  (72, 'FAC-2026-0072', 3578000, 30000, 3548000, 3548000, 0, 'completed', NULL, '2026-02-10 10:13:27', NULL, 0, 0, 3548000, 0, 3548000, 3548000, 'especes'),
  (73, 'FAC-2026-0073', 1518000, 0, 1518000, 1518000, 0, 'completed', NULL, '2026-02-10 09:10:25', 5, 1, 19, 1275630, 242370, 1518000, 1518000, 'cheque'),
  (74, 'FAC-2026-0074', 3150000, 0, 3150000, 3150000, 0, 'completed', NULL, '2026-02-16 07:19:18', NULL, 0, 0, 3150000, 0, 3150000, 3150000, 'especes'),
  (75, 'FAC-2026-0075', 1362000, 0, 1362000, 1362000, 0, 'completed', NULL, '2026-02-17 17:52:00', NULL, 0, 0, 1362000, 0, 1362000, 1362000, 'cib'),
  (76, 'FAC-2026-0076', 3026000, 0, 3026000, 3026000, 0, 'completed', NULL, '2026-02-17 23:56:48', NULL, 0, 0, 3026000, 0, 3026000, 3026000, 'cib'),
  (77, 'FAC-2026-0077', 2120000, 0, 2120000, 2120000, 0, 'completed', NULL, '2026-02-15 23:12:36', NULL, 0, 0, 2120000, 0, 2120000, 2120000, 'cheque'),
  (78, 'FAC-2026-0078', 2310000, 30000, 2280000, 2280000, 0, 'completed', 'Vente à crédit', '2026-02-13 03:57:57', 15, 0, 0, 2280000, 0, 2280000, 0, 'especes'),
  (79, 'FAC-2026-0079', 580000, 0, 580000, 580000, 0, 'completed', NULL, '2026-02-14 18:26:47', NULL, 0, 0, 580000, 0, 580000, 580000, 'cib'),
  (80, 'FAC-2026-0080', 630000, 0, 630000, 630000, 0, 'completed', NULL, '2026-02-17 11:07:05', NULL, 0, 0, 630000, 0, 630000, 630000, 'especes'),
  (81, 'FAC-2026-0081', 4415000, 0, 4415000, 4415000, 0, 'completed', NULL, '2026-02-12 10:49:23', 24, 0, 0, 4415000, 0, 4415000, 4415000, 'cib'),
  (82, 'FAC-2026-0082', 225000, 0, 225000, 225000, 0, 'completed', NULL, '2026-02-16 00:38:14', NULL, 0, 0, 225000, 0, 225000, 225000, 'especes'),
  (83, 'FAC-2026-0083', 1190000, 0, 1190000, 1190000, 0, 'completed', NULL, '2026-02-13 05:21:39', NULL, 0, 0, 1190000, 0, 1190000, 1190000, 'especes'),
  (84, 'FAC-2026-0084', 1064000, 0, 1064000, 1064000, 0, 'completed', NULL, '2026-02-18 00:04:37', NULL, 0, 0, 1064000, 0, 1064000, 1064000, 'especes'),
  (85, 'FAC-2026-0085', 800000, 0, 800000, 800000, 0, 'completed', NULL, '2026-02-24 22:30:24', NULL, 0, 0, 800000, 0, 800000, 800000, 'especes'),
  (86, 'FAC-2026-0086', 255000, 0, 255000, 265000, 10000, 'completed', NULL, '2026-02-20 14:51:17', NULL, 0, 0, 255000, 0, 255000, 255000, 'especes'),
  (87, 'FAC-2026-0087', 305000, 0, 305000, 152500, 0, 'completed', 'Vente à crédit', '2026-02-25 18:42:15', 12, 0, 0, 305000, 0, 305000, 152500, 'cib'),
  (88, 'FAC-2026-0088', 1290000, 0, 1290000, 1290000, 0, 'completed', NULL, '2026-02-21 05:49:15', NULL, 0, 0, 1290000, 0, 1290000, 1290000, 'cib'),
  (89, 'FAC-2026-0089', 735000, 0, 735000, 735000, 0, 'completed', NULL, '2026-02-21 11:53:35', NULL, 0, 0, 735000, 0, 735000, 735000, 'especes'),
  (90, 'FAC-2026-0090', 1129000, 0, 1129000, 1129000, 0, 'completed', NULL, '2026-02-21 00:09:35', 24, 0, 0, 1129000, 0, 1129000, 1129000, 'especes'),
  (91, 'FAC-2026-0091', 99000, 0, 99000, 99000, 0, 'completed', NULL, '2026-02-21 08:48:20', NULL, 0, 0, 99000, 0, 99000, 99000, 'especes'),
  (92, 'FAC-2026-0092', 1725000, 50000, 1675000, 1675000, 0, 'completed', NULL, '2026-02-23 23:15:35', NULL, 0, 0, 1675000, 0, 1675000, 1675000, 'especes'),
  (93, 'FAC-2026-0093', 2937000, 0, 2937000, 2937000, 0, 'completed', NULL, '2026-02-23 03:35:02', 30, 0, 0, 2937000, 0, 2937000, 2937000, 'cheque'),
  (94, 'FAC-2026-0094', 1510000, 0, 1510000, 1560000, 50000, 'completed', NULL, '2026-03-01 09:15:42', NULL, 0, 0, 1510000, 0, 1510000, 1510000, 'especes'),
  (95, 'FAC-2026-0095', 5340000, 0, 5340000, 5340000, 0, 'completed', NULL, '2026-02-28 11:59:53', NULL, 0, 0, 5340000, 0, 5340000, 5340000, 'especes'),
  (96, 'FAC-2026-0096', 2409000, 0, 2409000, 0, 0, 'voided', 'Vente annulée', '2026-03-03 08:18:42', 24, 0, 0, 2409000, 0, 2409000, 0, 'especes'),
  (97, 'FAC-2026-0097', 2128000, 0, 2128000, 2128000, 0, 'completed', NULL, '2026-03-03 19:37:45', NULL, 0, 0, 2128000, 0, 2128000, 2128000, 'cib'),
  (98, 'FAC-2026-0098', 1320000, 0, 1320000, 660000, 0, 'completed', 'Vente à crédit', '2026-03-04 10:36:22', 19, 0, 0, 1320000, 0, 1320000, 660000, 'cheque'),
  (99, 'FAC-2026-0099', 1515000, 0, 1515000, 1525000, 10000, 'completed', NULL, '2026-02-28 15:54:46', 3, 0, 0, 1515000, 0, 1515000, 1515000, 'especes'),
  (100, 'FAC-2026-0100', 975000, 0, 975000, 975000, 0, 'completed', NULL, '2026-03-02 11:01:34', NULL, 0, 0, 975000, 0, 975000, 975000, 'especes'),
  (101, 'FAC-2026-0101', 755000, 0, 755000, 755000, 0, 'completed', NULL, '2026-02-26 17:12:40', 11, 0, 0, 755000, 0, 755000, 755000, 'especes'),
  (102, 'FAC-2026-0102', 240000, 30000, 210000, 310000, 100000, 'completed', NULL, '2026-03-01 06:25:05', NULL, 0, 0, 210000, 0, 210000, 210000, 'especes'),
  (103, 'FAC-2026-0103', 3550000, 0, 3550000, 3550000, 0, 'completed', NULL, '2026-03-03 06:48:56', 20, 0, 0, 3550000, 0, 3550000, 3550000, 'especes'),
  (104, 'FAC-2026-0104', 3998000, 0, 3998000, 3998000, 0, 'completed', NULL, '2026-03-04 01:11:02', NULL, 0, 0, 3998000, 0, 3998000, 3998000, 'especes'),
  (105, 'FAC-2026-0105', 750000, 0, 750000, 750000, 0, 'completed', NULL, '2026-03-02 22:16:41', NULL, 0, 0, 750000, 0, 750000, 750000, 'especes'),
  (106, 'FAC-2026-0106', 1600000, 0, 1600000, 1600000, 0, 'completed', NULL, '2026-02-28 14:31:18', NULL, 0, 0, 1600000, 0, 1600000, 1600000, 'especes'),
  (107, 'FAC-2026-0107', 617000, 0, 617000, 617000, 0, 'completed', NULL, '2026-03-02 23:14:38', NULL, 0, 0, 617000, 0, 617000, 617000, 'cib'),
  (108, 'FAC-2026-0108', 1797000, 0, 1797000, 1797000, 0, 'completed', NULL, '2026-03-02 10:29:37', NULL, 0, 0, 1797000, 0, 1797000, 1797000, 'cheque'),
  (109, 'FAC-2026-0109', 1165000, 0, 1165000, 1165000, 0, 'completed', NULL, '2026-03-01 12:04:39', NULL, 0, 0, 1165000, 0, 1165000, 1165000, 'especes'),
  (110, 'FAC-2026-0110', 3427000, 0, 3427000, 3427000, 0, 'completed', NULL, '2026-03-11 13:07:05', NULL, 0, 0, 3427000, 0, 3427000, 3427000, 'cib'),
  (111, 'FAC-2026-0111', 490000, 0, 490000, 490000, 0, 'completed', 'Vente à crédit', '2026-03-06 23:43:25', 28, 0, 0, 490000, 0, 490000, 343000, 'especes'),
  (112, 'FAC-2026-0112', 2303000, 30000, 2273000, 2273000, 0, 'completed', NULL, '2026-03-11 06:27:23', 10, 0, 0, 2273000, 0, 2273000, 2273000, 'especes'),
  (113, 'FAC-2026-0113', 280000, 0, 280000, 280000, 0, 'completed', NULL, '2026-03-11 16:29:03', 25, 0, 0, 280000, 0, 280000, 280000, 'especes'),
  (114, 'FAC-2026-0114', 960000, 0, 960000, 960000, 0, 'completed', NULL, '2026-03-10 02:11:11', 12, 0, 0, 960000, 0, 960000, 960000, 'especes'),
  (115, 'FAC-2026-0115', 740000, 0, 740000, 740000, 0, 'completed', NULL, '2026-03-06 18:30:11', NULL, 0, 0, 740000, 0, 740000, 740000, 'cib'),
  (116, 'FAC-2026-0116', 4119000, 0, 4119000, 4119000, 0, 'completed', NULL, '2026-03-05 15:05:07', NULL, 0, 0, 4119000, 0, 4119000, 4119000, 'cib'),
  (117, 'FAC-2026-0117', 660000, 10000, 650000, 700000, 50000, 'completed', NULL, '2026-03-10 01:53:12', NULL, 0, 0, 650000, 0, 650000, 650000, 'especes'),
  (118, 'FAC-2026-0118', 1068000, 0, 1068000, 1078000, 10000, 'completed', NULL, '2026-03-10 13:13:58', NULL, 0, 0, 1068000, 0, 1068000, 1068000, 'especes'),
  (119, 'FAC-2026-0119', 1320000, 0, 1320000, 1420000, 100000, 'completed', NULL, '2026-03-06 06:21:22', NULL, 0, 0, 1320000, 0, 1320000, 1320000, 'especes'),
  (120, 'FAC-2026-0120', 1830000, 0, 1830000, 1830000, 0, 'completed', NULL, '2026-03-06 01:37:24', NULL, 0, 0, 1830000, 0, 1830000, 1830000, 'especes'),
  (121, 'FAC-2026-0121', 2430000, 0, 2430000, 2430000, 0, 'completed', NULL, '2026-03-16 21:40:55', 23, 0, 0, 2430000, 0, 2430000, 2430000, 'cib'),
  (122, 'FAC-2026-0122', 1740000, 0, 1740000, 1740000, 0, 'completed', NULL, '2026-03-14 23:36:34', NULL, 0, 0, 1740000, 0, 1740000, 1740000, 'cheque'),
  (123, 'FAC-2026-0123', 3420000, 0, 3420000, 3420000, 0, 'completed', NULL, '2026-03-17 23:09:11', NULL, 0, 0, 3420000, 0, 3420000, 3420000, 'cheque'),
  (124, 'FAC-2026-0124', 390000, 0, 390000, 0, 0, 'voided', 'Vente annulée', '2026-03-14 23:07:32', NULL, 0, 0, 390000, 0, 390000, 0, 'cheque'),
  (125, 'FAC-2026-0125', 2764000, 0, 2764000, 2764000, 0, 'completed', NULL, '2026-03-13 19:35:00', NULL, 0, 0, 2764000, 0, 2764000, 2764000, 'cib'),
  (126, 'FAC-2026-0126', 3769000, 0, 3769000, 3769000, 0, 'completed', NULL, '2026-03-14 06:47:12', NULL, 0, 0, 3769000, 0, 3769000, 3769000, 'especes'),
  (127, 'FAC-2026-0127', 4420000, 0, 4420000, 4420000, 0, 'completed', NULL, '2026-03-14 23:19:27', NULL, 0, 0, 4420000, 0, 4420000, 4420000, 'especes'),
  (128, 'FAC-2026-0128', 3609000, 0, 3609000, 3609000, 0, 'completed', NULL, '2026-03-13 20:45:28', NULL, 0, 0, 3609000, 0, 3609000, 3609000, 'cheque'),
  (129, 'FAC-2026-0129', 870000, 0, 870000, 870000, 0, 'completed', NULL, '2026-03-16 07:23:43', NULL, 0, 0, 870000, 0, 870000, 870000, 'cheque'),
  (130, 'FAC-2026-0130', 3275000, 0, 3275000, 3275000, 0, 'completed', NULL, '2026-03-13 19:12:26', NULL, 0, 0, 3275000, 0, 3275000, 3275000, 'especes'),
  (131, 'FAC-2026-0131', 4680000, 0, 4680000, 4680000, 0, 'completed', NULL, '2026-03-16 06:37:25', NULL, 0, 0, 4680000, 0, 4680000, 4680000, 'cib'),
  (132, 'FAC-2026-0132', 2027000, 0, 2027000, 2077000, 50000, 'completed', NULL, '2026-03-22 08:58:49', NULL, 0, 0, 2027000, 0, 2027000, 2027000, 'especes'),
  (133, 'FAC-2026-0133', 540000, 0, 540000, 540000, 0, 'completed', NULL, '2026-03-22 05:21:13', 16, 0, 0, 540000, 0, 540000, 540000, 'cheque'),
  (134, 'FAC-2026-0134', 900000, 0, 900000, 900000, 0, 'completed', NULL, '2026-03-22 08:10:38', NULL, 0, 0, 900000, 0, 900000, 900000, 'cib'),
  (135, 'FAC-2026-0135', 640000, 0, 640000, 640000, 0, 'completed', NULL, '2026-03-22 01:09:06', NULL, 0, 0, 640000, 0, 640000, 640000, 'cheque'),
  (136, 'FAC-2026-0136', 760000, 0, 760000, 760000, 0, 'completed', NULL, '2026-03-22 14:39:07', NULL, 0, 0, 760000, 0, 760000, 760000, 'especes'),
  (137, 'FAC-2026-0137', 1419000, 0, 1419000, 1469000, 50000, 'completed', NULL, '2026-03-20 20:01:01', NULL, 0, 0, 1419000, 0, 1419000, 1419000, 'especes'),
  (138, 'FAC-2026-0138', 2850000, 0, 2850000, 2850000, 0, 'completed', NULL, '2026-03-23 21:31:16', 30, 0, 0, 2850000, 0, 2850000, 2850000, 'especes'),
  (139, 'FAC-2026-0139', 2250000, 0, 2250000, 2260000, 10000, 'completed', NULL, '2026-03-24 16:09:15', NULL, 0, 0, 2250000, 0, 2250000, 2250000, 'especes'),
  (140, 'FAC-2026-0140', 1364000, 0, 1364000, 1364000, 0, 'completed', NULL, '2026-03-27 18:29:40', 19, 0, 0, 1364000, 0, 1364000, 1364000, 'cheque'),
  (141, 'FAC-2026-0141', 3715000, 0, 3715000, 3715000, 0, 'completed', NULL, '2026-03-30 18:12:23', NULL, 0, 0, 3715000, 0, 3715000, 3715000, 'especes'),
  (142, 'FAC-2026-0142', 3805000, 30000, 3775000, 3775000, 0, 'completed', NULL, '2026-04-01 14:38:09', NULL, 0, 0, 3775000, 0, 3775000, 3775000, 'especes'),
  (143, 'FAC-2026-0143', 1375000, 0, 1375000, 1375000, 0, 'completed', NULL, '2026-04-01 07:23:14', 21, 0, 0, 1375000, 0, 1375000, 1375000, 'cheque'),
  (144, 'FAC-2026-0144', 3819000, 0, 3819000, 3819000, 0, 'completed', NULL, '2026-03-28 18:01:08', NULL, 0, 0, 3819000, 0, 3819000, 3819000, 'cib'),
  (145, 'FAC-2026-0145', 2570000, 10000, 2560000, 2560000, 0, 'completed', NULL, '2026-03-30 16:28:23', NULL, 0, 0, 2560000, 0, 2560000, 2560000, 'especes'),
  (146, 'FAC-2026-0146', 4753000, 0, 4753000, 4753000, 0, 'completed', NULL, '2026-03-28 00:14:11', NULL, 0, 0, 4753000, 0, 4753000, 4753000, 'especes'),
  (147, 'FAC-2026-0147', 2789000, 0, 2789000, 2789000, 0, 'completed', NULL, '2026-03-30 19:45:00', NULL, 0, 0, 2789000, 0, 2789000, 2789000, 'especes'),
  (148, 'FAC-2026-0148', 639000, 0, 639000, 639000, 0, 'completed', NULL, '2026-03-26 20:37:48', 23, 0, 0, 639000, 0, 639000, 639000, 'especes'),
  (149, 'FAC-2026-0149', 2360000, 0, 2360000, 2370000, 10000, 'completed', NULL, '2026-03-26 15:17:55', NULL, 0, 0, 2360000, 0, 2360000, 2360000, 'especes'),
  (150, 'FAC-2026-0150', 796000, 0, 796000, 796000, 0, 'completed', NULL, '2026-03-30 11:28:01', NULL, 0, 0, 796000, 0, 796000, 796000, 'especes'),
  (151, 'FAC-2026-0151', 800000, 0, 800000, 800000, 0, 'completed', NULL, '2026-03-31 23:10:09', NULL, 0, 0, 800000, 0, 800000, 800000, 'cib'),
  (152, 'FAC-2026-0152', 499000, 0, 499000, 499000, 0, 'completed', NULL, '2026-03-27 08:46:03', NULL, 0, 0, 499000, 0, 499000, 499000, 'cib'),
  (153, 'FAC-2026-0153', 4228000, 0, 4228000, 4228000, 0, 'completed', NULL, '2026-03-31 00:15:05', NULL, 0, 0, 4228000, 0, 4228000, 4228000, 'especes'),
  (154, 'FAC-2026-0154', 320000, 0, 320000, 320000, 0, 'completed', NULL, '2026-04-07 01:07:11', NULL, 0, 0, 320000, 0, 320000, 320000, 'especes'),
  (155, 'FAC-2026-0155', 310000, 0, 310000, 410000, 100000, 'completed', NULL, '2026-04-03 06:38:14', NULL, 0, 0, 310000, 0, 310000, 310000, 'especes'),
  (156, 'FAC-2026-0156', 1017000, 0, 1017000, 1017000, 0, 'completed', NULL, '2026-04-03 04:27:51', NULL, 0, 0, 1017000, 0, 1017000, 1017000, 'especes'),
  (157, 'FAC-2026-0157', 949000, 0, 949000, 949000, 0, 'completed', NULL, '2026-04-05 13:39:39', NULL, 0, 0, 949000, 0, 949000, 949000, 'cheque'),
  (158, 'FAC-2026-0158', 3533000, 0, 3533000, 3533000, 0, 'completed', NULL, '2026-04-02 13:35:45', NULL, 0, 0, 3533000, 0, 3533000, 3533000, 'cib'),
  (159, 'FAC-2026-0159', 660000, 0, 660000, 670000, 10000, 'completed', NULL, '2026-04-02 17:32:52', NULL, 0, 0, 660000, 0, 660000, 660000, 'especes'),
  (160, 'FAC-2026-0160', 1640000, 0, 1640000, 1640000, 0, 'completed', NULL, '2026-04-04 07:56:58', NULL, 0, 0, 1640000, 0, 1640000, 1640000, 'especes'),
  (161, 'FAC-2026-0161', 1030000, 0, 1030000, 1040000, 10000, 'completed', NULL, '2026-04-06 19:07:51', NULL, 0, 0, 1030000, 0, 1030000, 1030000, 'especes'),
  (162, 'FAC-2026-0162', 2430000, 0, 2430000, 2430000, 0, 'completed', NULL, '2026-04-06 07:03:37', NULL, 0, 0, 2430000, 0, 2430000, 2430000, 'cib'),
  (163, 'FAC-2026-0163', 2805000, 0, 2805000, 2805000, 0, 'completed', 'Vente à crédit', '2026-04-06 21:17:00', 1, 0, 0, 2805000, 0, 2805000, 1402500, 'especes'),
  (164, 'FAC-2026-0164', 6000000, 0, 6000000, 6000000, 0, 'completed', NULL, '2026-04-02 17:07:57', NULL, 0, 0, 6000000, 0, 6000000, 6000000, 'especes'),
  (165, 'FAC-2026-0165', 2600000, 0, 2600000, 2600000, 0, 'completed', NULL, '2026-04-04 20:39:10', 21, 0, 0, 2600000, 0, 2600000, 2600000, 'especes'),
  (166, 'FAC-2026-0166', 1830000, 0, 1830000, 1930000, 100000, 'completed', 'Vente à crédit', '2026-04-05 14:30:31', 6, 0, 0, 1830000, 0, 1830000, 915000, 'especes'),
  (167, 'FAC-2026-0167', 2356000, 0, 2356000, 2356000, 0, 'completed', NULL, '2026-04-11 20:42:21', NULL, 0, 0, 2356000, 0, 2356000, 2356000, 'especes'),
  (168, 'FAC-2026-0168', 2170000, 0, 2170000, 2170000, 0, 'completed', NULL, '2026-04-12 22:38:28', NULL, 0, 0, 2170000, 0, 2170000, 2170000, 'especes'),
  (169, 'FAC-2026-0169', 783000, 50000, 733000, 733000, 0, 'completed', NULL, '2026-04-13 19:30:32', 20, 0, 0, 733000, 0, 733000, 733000, 'cheque'),
  (170, 'FAC-2026-0170', 840000, 0, 840000, 850000, 10000, 'completed', NULL, '2026-04-11 05:57:48', NULL, 0, 0, 840000, 0, 840000, 840000, 'especes'),
  (171, 'FAC-2026-0171', 3545000, 0, 3545000, 3545000, 0, 'completed', NULL, '2026-04-09 12:44:31', 8, 0, 0, 3545000, 0, 3545000, 3545000, 'especes'),
  (172, 'FAC-2026-0172', 2130000, 0, 2130000, 2130000, 0, 'completed', NULL, '2026-04-12 05:33:55', NULL, 0, 0, 2130000, 0, 2130000, 2130000, 'especes'),
  (173, 'FAC-2026-0173', 1767000, 0, 1767000, 1767000, 0, 'completed', NULL, '2026-04-13 23:47:41', 4, 0, 0, 1767000, 0, 1767000, 1767000, 'cheque'),
  (174, 'FAC-2026-0174', 280000, 0, 280000, 330000, 50000, 'completed', NULL, '2026-04-10 21:59:14', NULL, 0, 0, 280000, 0, 280000, 280000, 'especes'),
  (175, 'FAC-2026-0175', 3509000, 0, 3509000, 3509000, 0, 'completed', NULL, '2026-04-10 09:18:48', NULL, 0, 0, 3509000, 0, 3509000, 3509000, 'especes'),
  (176, 'FAC-2026-0176', 2393000, 0, 2393000, 2393000, 0, 'completed', NULL, '2026-04-09 18:00:38', 5, 0, 0, 2393000, 0, 2393000, 2393000, 'cib'),
  (177, 'FAC-2026-0177', 3760000, 0, 3760000, 3760000, 0, 'completed', NULL, '2026-04-17 20:06:10', 17, 0, 0, 3760000, 0, 3760000, 3760000, 'especes'),
  (178, 'FAC-2026-0178', 2250000, 0, 2250000, 2350000, 100000, 'completed', NULL, '2026-04-19 21:07:49', NULL, 0, 0, 2250000, 0, 2250000, 2250000, 'especes'),
  (179, 'FAC-2026-0179', 1684000, 0, 1684000, 1684000, 0, 'completed', NULL, '2026-04-16 23:38:53', NULL, 0, 0, 1684000, 0, 1684000, 1684000, 'cheque'),
  (180, 'FAC-2026-0180', 618000, 0, 618000, 628000, 10000, 'completed', NULL, '2026-04-22 18:10:51', NULL, 0, 0, 618000, 0, 618000, 618000, 'especes'),
  (181, 'FAC-2026-0181', 170000, 0, 170000, 170000, 0, 'completed', 'Vente à crédit', '2026-04-16 18:49:19', 20, 0, 0, 170000, 0, 170000, 0, 'especes'),
  (182, 'FAC-2026-0182', 1439000, 50000, 1389000, 1389000, 0, 'completed', NULL, '2026-04-21 10:11:11', NULL, 0, 0, 1389000, 0, 1389000, 1389000, 'especes'),
  (183, 'FAC-2026-0183', 2122000, 0, 2122000, 2122000, 0, 'completed', NULL, '2026-04-18 20:11:39', NULL, 0, 0, 2122000, 0, 2122000, 2122000, 'especes'),
  (184, 'FAC-2026-0184', 1250000, 0, 1250000, 1250000, 0, 'completed', NULL, '2026-04-17 05:19:42', NULL, 0, 0, 1250000, 0, 1250000, 1250000, 'especes'),
  (185, 'FAC-2026-0185', 297000, 0, 297000, 297000, 0, 'completed', NULL, '2026-04-19 18:22:33', NULL, 0, 0, 297000, 0, 297000, 297000, 'cib'),
  (186, 'FAC-2026-0186', 1640000, 0, 1640000, 1640000, 0, 'completed', NULL, '2026-04-21 15:21:36', NULL, 0, 0, 1640000, 0, 1640000, 1640000, 'cib'),
  (187, 'FAC-2026-0187', 1645000, 0, 1645000, 1645000, 0, 'completed', NULL, '2026-04-18 07:08:36', NULL, 0, 0, 1645000, 0, 1645000, 1645000, 'cib'),
  (188, 'FAC-2026-0188', 789000, 0, 789000, 789000, 0, 'completed', NULL, '2026-04-18 11:08:01', 3, 0, 0, 789000, 0, 789000, 789000, 'cib'),
  (189, 'FAC-2026-0189', 597000, 0, 597000, 647000, 50000, 'completed', NULL, '2026-04-26 19:42:39', NULL, 0, 0, 597000, 0, 597000, 597000, 'especes'),
  (190, 'FAC-2026-0190', 2930000, 0, 2930000, 2930000, 0, 'completed', NULL, '2026-04-25 01:07:26', NULL, 0, 0, 2930000, 0, 2930000, 2930000, 'especes'),
  (191, 'FAC-2026-0191', 1690000, 0, 1690000, 1690000, 0, 'completed', NULL, '2026-04-23 15:56:32', NULL, 0, 0, 1690000, 0, 1690000, 1690000, 'especes'),
  (192, 'FAC-2026-0192', 1350000, 0, 1350000, 1350000, 0, 'completed', NULL, '2026-04-29 12:29:37', NULL, 0, 0, 1350000, 0, 1350000, 1350000, 'especes'),
  (193, 'FAC-2026-0193', 1194000, 0, 1194000, 1194000, 0, 'completed', NULL, '2026-04-24 15:11:04', NULL, 0, 0, 1194000, 0, 1194000, 1194000, 'cheque'),
  (194, 'FAC-2026-0194', 490000, 0, 490000, 500000, 10000, 'completed', NULL, '2026-04-24 02:30:58', NULL, 0, 0, 490000, 0, 490000, 490000, 'especes'),
  (195, 'FAC-2026-0195', 1460000, 0, 1460000, 1460000, 0, 'completed', NULL, '2026-04-29 00:52:37', 11, 0, 0, 1460000, 0, 1460000, 1460000, 'cheque'),
  (196, 'FAC-2026-0196', 2695000, 0, 2695000, 2695000, 0, 'completed', NULL, '2026-04-26 19:31:51', NULL, 0, 0, 2695000, 0, 2695000, 2695000, 'cheque'),
  (197, 'FAC-2026-0197', 3525000, 30000, 3495000, 3495000, 0, 'completed', NULL, '2026-04-25 01:26:18', NULL, 0, 0, 3495000, 0, 3495000, 3495000, 'especes'),
  (198, 'FAC-2026-0198', 1609000, 0, 1609000, 1609000, 0, 'completed', NULL, '2026-04-30 18:55:35', NULL, 0, 0, 1609000, 0, 1609000, 1609000, 'cheque'),
  (199, 'FAC-2026-0199', 348000, 0, 348000, 448000, 100000, 'completed', NULL, '2026-05-02 15:49:48', NULL, 0, 0, 348000, 0, 348000, 348000, 'especes'),
  (200, 'FAC-2026-0200', 1524000, 0, 1524000, 1534000, 10000, 'completed', NULL, '2026-05-02 03:06:26', NULL, 0, 0, 1524000, 0, 1524000, 1524000, 'especes');
INSERT INTO sales (id, code, subtotal_cents, cart_discount_cents, total_cents, cash_tendered_cents, change_cents, status, note, created_at, customer_id, tva_enabled, tva_rate, subtotal_ht_cents, tva_cents, total_ttc_cents, paid_cents, payment_method) VALUES
  (201, 'FAC-2026-0201', 1238000, 0, 1238000, 619000, 0, 'completed', 'Vente à crédit', '2026-05-04 02:32:02', 30, 0, 0, 1238000, 0, 1238000, 619000, 'cib'),
  (202, 'FAC-2026-0202', 1498000, 0, 1498000, 1498000, 0, 'completed', 'Vente à crédit', '2026-05-02 09:42:27', 19, 0, 0, 1498000, 0, 1498000, 1048600, 'especes'),
  (203, 'FAC-2026-0203', 3900000, 0, 3900000, 3900000, 0, 'completed', NULL, '2026-05-06 05:33:12', NULL, 0, 0, 3900000, 0, 3900000, 3900000, 'especes'),
  (204, 'FAC-2026-0204', 1209000, 0, 1209000, 1259000, 50000, 'completed', NULL, '2026-05-05 20:52:22', NULL, 0, 0, 1209000, 0, 1209000, 1209000, 'especes'),
  (205, 'FAC-2026-0205', 1170000, 0, 1170000, 351000, 0, 'completed', 'Vente à crédit', '2026-05-06 00:07:42', 10, 0, 0, 1170000, 0, 1170000, 351000, 'cheque'),
  (206, 'FAC-2026-0206', 2717000, 0, 2717000, 0, 0, 'voided', 'Vente annulée', '2026-05-03 06:26:50', NULL, 0, 0, 2717000, 0, 2717000, 0, 'especes'),
  (207, 'FAC-2026-0207', 3329000, 0, 3329000, 3329000, 0, 'completed', NULL, '2026-05-06 00:14:52', NULL, 0, 0, 3329000, 0, 3329000, 3329000, 'cib'),
  (208, 'FAC-2026-0208', 2770000, 0, 2770000, 2770000, 0, 'completed', NULL, '2026-05-13 01:32:43', NULL, 0, 0, 2770000, 0, 2770000, 2770000, 'cheque'),
  (209, 'FAC-2026-0209', 1985000, 0, 1985000, 1985000, 0, 'completed', NULL, '2026-05-12 16:45:47', NULL, 0, 0, 1985000, 0, 1985000, 1985000, 'especes'),
  (210, 'FAC-2026-0210', 1229000, 0, 1229000, 1229000, 0, 'completed', NULL, '2026-05-10 04:18:09', NULL, 0, 0, 1229000, 0, 1229000, 1229000, 'especes'),
  (211, 'FAC-2026-0211', 700000, 0, 700000, 700000, 0, 'completed', NULL, '2026-05-10 02:45:31', NULL, 0, 0, 700000, 0, 700000, 700000, 'especes'),
  (212, 'FAC-2026-0212', 3200000, 0, 3200000, 3200000, 0, 'completed', NULL, '2026-05-13 05:51:48', NULL, 0, 0, 3200000, 0, 3200000, 3200000, 'especes'),
  (213, 'FAC-2026-0213', 2600000, 0, 2600000, 2600000, 0, 'completed', NULL, '2026-05-08 03:22:17', NULL, 0, 0, 2600000, 0, 2600000, 2600000, 'cheque'),
  (214, 'FAC-2026-0214', 3320000, 0, 3320000, 3320000, 0, 'completed', 'Vente à crédit', '2026-05-13 13:21:42', 7, 0, 0, 3320000, 0, 3320000, 996000, 'especes'),
  (215, 'FAC-2026-0215', 2380000, 0, 2380000, 2390000, 10000, 'completed', NULL, '2026-05-08 04:51:43', 2, 1, 19, 2000000, 380000, 2380000, 2380000, 'especes'),
  (216, 'FAC-2026-0216', 1670000, 20000, 1650000, 0, 0, 'completed', 'Vente à crédit', '2026-05-11 20:03:55', 7, 0, 0, 1650000, 0, 1650000, 0, 'cib'),
  (217, 'FAC-2026-0217', 489000, 0, 489000, 589000, 100000, 'completed', NULL, '2026-05-12 23:41:19', NULL, 0, 0, 489000, 0, 489000, 489000, 'especes'),
  (218, 'FAC-2026-0218', 2320000, 0, 2320000, 2320000, 0, 'completed', NULL, '2026-05-20 18:44:10', NULL, 0, 0, 2320000, 0, 2320000, 2320000, 'cib'),
  (219, 'FAC-2026-0219', 1650000, 30000, 1620000, 1620000, 0, 'completed', NULL, '2026-05-15 20:18:36', NULL, 0, 0, 1620000, 0, 1620000, 1620000, 'especes'),
  (220, 'FAC-2026-0220', 3650000, 0, 3650000, 3650000, 0, 'completed', NULL, '2026-05-20 05:39:25', NULL, 0, 0, 3650000, 0, 3650000, 3650000, 'cib'),
  (221, 'FAC-2026-0221', 1455000, 0, 1455000, 1555000, 100000, 'completed', NULL, '2026-05-18 17:03:30', NULL, 0, 0, 1455000, 0, 1455000, 1455000, 'especes'),
  (222, 'FAC-2026-0222', 1590000, 10000, 1580000, 1580000, 0, 'completed', NULL, '2026-05-16 18:48:19', NULL, 0, 0, 1580000, 0, 1580000, 1580000, 'especes'),
  (223, 'FAC-2026-0223', 458000, 0, 458000, 458000, 0, 'completed', NULL, '2026-05-19 18:19:45', NULL, 0, 0, 458000, 0, 458000, 458000, 'cheque'),
  (224, 'FAC-2026-0224', 1000000, 0, 1000000, 1000000, 0, 'completed', NULL, '2026-05-18 17:01:51', NULL, 0, 0, 1000000, 0, 1000000, 1000000, 'cheque'),
  (225, 'FAC-2026-0225', 255000, 0, 255000, 255000, 0, 'completed', NULL, '2026-05-17 18:31:53', 11, 0, 0, 255000, 0, 255000, 255000, 'cib'),
  (226, 'FAC-2026-0226', 4765000, 0, 4765000, 4765000, 0, 'completed', NULL, '2026-05-15 07:13:51', 12, 0, 0, 4765000, 0, 4765000, 4765000, 'especes'),
  (227, 'FAC-2026-0227', 3942000, 0, 3942000, 3942000, 0, 'completed', NULL, '2026-05-18 13:17:54', 25, 0, 0, 3942000, 0, 3942000, 3942000, 'especes'),
  (228, 'FAC-2026-0228', 1450000, 0, 1450000, 1450000, 0, 'completed', NULL, '2026-05-14 09:15:49', NULL, 0, 0, 1450000, 0, 1450000, 1450000, 'cib'),
  (229, 'FAC-2026-0229', 6190000, 0, 6190000, 6190000, 0, 'completed', NULL, '2026-05-19 19:59:04', 29, 0, 0, 6190000, 0, 6190000, 6190000, 'cheque'),
  (230, 'FAC-2026-0230', 2671000, 0, 2671000, 2671000, 0, 'completed', NULL, '2026-05-19 22:11:59', NULL, 0, 0, 2671000, 0, 2671000, 2671000, 'especes'),
  (231, 'FAC-2026-0231', 3269000, 0, 3269000, 3269000, 0, 'completed', NULL, '2026-05-22 15:10:36', NULL, 0, 0, 3269000, 0, 3269000, 3269000, 'especes'),
  (232, 'FAC-2026-0232', 2925000, 0, 2925000, 2925000, 0, 'completed', NULL, '2026-05-27 07:17:34', 14, 0, 0, 2925000, 0, 2925000, 2925000, 'especes'),
  (233, 'FAC-2026-0233', 4110000, 0, 4110000, 4160000, 50000, 'completed', NULL, '2026-05-23 23:40:43', NULL, 0, 0, 4110000, 0, 4110000, 4110000, 'especes'),
  (234, 'FAC-2026-0234', 2087000, 0, 2087000, 2187000, 100000, 'completed', NULL, '2026-05-25 01:19:51', NULL, 0, 0, 2087000, 0, 2087000, 2087000, 'especes'),
  (235, 'FAC-2026-0235', 270000, 0, 270000, 270000, 0, 'completed', NULL, '2026-05-25 04:00:09', 15, 0, 0, 270000, 0, 270000, 270000, 'especes'),
  (236, 'FAC-2026-0236', 2185000, 0, 2185000, 655500, 0, 'completed', 'Vente à crédit', '2026-05-23 08:01:17', 4, 1, 19, 1836134, 348866, 2185000, 655500, 'cheque'),
  (237, 'FAC-2026-0237', 1380000, 0, 1380000, 1390000, 10000, 'completed', 'Vente à crédit', '2026-05-25 01:02:44', 15, 0, 0, 1380000, 0, 1380000, 966000, 'especes'),
  (238, 'FAC-2026-0238', 2060000, 0, 2060000, 2060000, 0, 'completed', NULL, '2026-05-23 08:38:38', NULL, 0, 0, 2060000, 0, 2060000, 2060000, 'cib'),
  (239, 'FAC-2026-0239', 79000, 0, 79000, 79000, 0, 'completed', NULL, '2026-05-23 09:00:30', NULL, 0, 0, 79000, 0, 79000, 79000, 'cib'),
  (240, 'FAC-2026-0240', 2070000, 0, 2070000, 621000, 0, 'completed', 'Vente à crédit', '2026-05-25 05:08:17', 18, 0, 0, 2070000, 0, 2070000, 621000, 'cheque'),
  (241, 'FAC-2026-0241', 2768000, 0, 2768000, 2768000, 0, 'completed', NULL, '2026-05-30 01:36:31', NULL, 0, 0, 2768000, 0, 2768000, 2768000, 'especes'),
  (242, 'FAC-2026-0242', 2250000, 0, 2250000, 2250000, 0, 'completed', NULL, '2026-05-30 00:25:02', NULL, 0, 0, 2250000, 0, 2250000, 2250000, 'cib'),
  (243, 'FAC-2026-0243', 2610000, 0, 2610000, 2620000, 10000, 'completed', NULL, '2026-06-02 16:55:25', 10, 0, 0, 2610000, 0, 2610000, 2610000, 'especes'),
  (244, 'FAC-2026-0244', 380000, 0, 380000, 390000, 10000, 'completed', NULL, '2026-06-03 07:47:10', 19, 0, 0, 380000, 0, 380000, 380000, 'especes'),
  (245, 'FAC-2026-0245', 685000, 0, 685000, 685000, 0, 'completed', NULL, '2026-06-02 16:10:05', NULL, 0, 0, 685000, 0, 685000, 685000, 'cheque'),
  (246, 'FAC-2026-0246', 3030000, 0, 3030000, 3030000, 0, 'completed', NULL, '2026-05-30 16:48:41', NULL, 0, 0, 3030000, 0, 3030000, 3030000, 'especes'),
  (247, 'FAC-2026-0247', 3095000, 0, 3095000, 3095000, 0, 'completed', 'Vente à crédit', '2026-06-02 19:23:43', 18, 0, 0, 3095000, 0, 3095000, 1547500, 'especes'),
  (248, 'FAC-2026-0248', 1839000, 0, 1839000, 1839000, 0, 'completed', NULL, '2026-06-02 09:23:10', NULL, 0, 0, 1839000, 0, 1839000, 1839000, 'especes'),
  (249, 'FAC-2026-0249', 2820000, 0, 2820000, 2920000, 100000, 'completed', NULL, '2026-05-30 11:04:46', NULL, 0, 0, 2820000, 0, 2820000, 2820000, 'especes'),
  (250, 'FAC-2026-0250', 1082000, 50000, 1032000, 1032000, 0, 'completed', NULL, '2026-06-02 05:45:37', NULL, 0, 0, 1032000, 0, 1032000, 1032000, 'cib'),
  (251, 'FAC-2026-0251', 1787000, 0, 1787000, 1787000, 0, 'completed', NULL, '2026-05-30 11:07:31', NULL, 0, 0, 1787000, 0, 1787000, 1787000, 'cheque'),
  (252, 'FAC-2026-0252', 2008000, 0, 2008000, 2008000, 0, 'completed', NULL, '2026-06-01 05:01:03', NULL, 0, 0, 2008000, 0, 2008000, 2008000, 'especes'),
  (253, 'FAC-2026-0253', 848000, 0, 848000, 848000, 0, 'completed', NULL, '2026-06-05 14:57:01', NULL, 0, 0, 848000, 0, 848000, 848000, 'cheque'),
  (254, 'FAC-2026-0254', 2710000, 0, 2710000, 0, 0, 'voided', 'Vente annulée', '2026-06-04 22:32:10', NULL, 0, 0, 2710000, 0, 2710000, 0, 'cheque'),
  (255, 'FAC-2026-0255', 5747000, 0, 5747000, 5747000, 0, 'completed', NULL, '2026-06-09 04:16:40', NULL, 0, 0, 5747000, 0, 5747000, 5747000, 'cib'),
  (256, 'FAC-2026-0256', 1043000, 0, 1043000, 1043000, 0, 'completed', NULL, '2026-06-06 05:27:53', NULL, 0, 0, 1043000, 0, 1043000, 1043000, 'cheque'),
  (257, 'FAC-2026-0257', 670000, 0, 670000, 720000, 50000, 'completed', NULL, '2026-06-08 00:35:39', NULL, 0, 0, 670000, 0, 670000, 670000, 'especes'),
  (258, 'FAC-2026-0258', 1020000, 0, 1020000, 1120000, 100000, 'completed', 'Vente à crédit', '2026-06-05 16:03:59', 25, 0, 0, 1020000, 0, 1020000, 714000, 'especes'),
  (259, 'FAC-2026-0259', 4070000, 10000, 4060000, 4160000, 100000, 'completed', NULL, '2026-06-10 03:04:31', 20, 0, 0, 4060000, 0, 4060000, 4060000, 'especes'),
  (260, 'FAC-2026-0260', 4840000, 0, 4840000, 4840000, 0, 'completed', NULL, '2026-06-08 05:00:33', NULL, 0, 0, 4840000, 0, 4840000, 4840000, 'especes'),
  (261, 'FAC-2026-0261', 3280000, 0, 3280000, 3280000, 0, 'completed', NULL, '2026-06-04 19:52:55', NULL, 0, 0, 3280000, 0, 3280000, 3280000, 'cheque'),
  (262, 'FAC-2026-0262', 867000, 0, 867000, 867000, 0, 'completed', NULL, '2026-06-05 11:58:52', NULL, 0, 0, 867000, 0, 867000, 867000, 'cheque'),
  (263, 'FAC-2026-0263', 2895000, 30000, 2865000, 2865000, 0, 'completed', NULL, '2026-06-10 04:48:01', NULL, 0, 0, 2865000, 0, 2865000, 2865000, 'especes'),
  (264, 'FAC-2026-0264', 1850000, 0, 1850000, 1850000, 0, 'completed', NULL, '2026-06-17 17:19:36', NULL, 0, 0, 1850000, 0, 1850000, 1850000, 'cib'),
  (265, 'FAC-2026-0265', 1390000, 0, 1390000, 1390000, 0, 'completed', NULL, '2026-06-15 07:17:28', NULL, 0, 0, 1390000, 0, 1390000, 1390000, 'especes'),
  (266, 'FAC-2026-0266', 3000000, 0, 3000000, 3000000, 0, 'completed', NULL, '2026-06-12 02:11:35', 4, 1, 19, 2521008, 478992, 3000000, 3000000, 'ccp'),
  (267, 'FAC-2026-0267', 2679000, 0, 2679000, 2729000, 50000, 'completed', NULL, '2026-06-15 03:04:20', NULL, 0, 0, 2679000, 0, 2679000, 2679000, 'especes'),
  (268, 'FAC-2026-0268', 770000, 0, 770000, 770000, 0, 'completed', NULL, '2026-06-17 15:32:07', NULL, 0, 0, 770000, 0, 770000, 770000, 'especes'),
  (269, 'FAC-2026-0269', 870000, 0, 870000, 870000, 0, 'completed', NULL, '2026-06-17 15:35:06', NULL, 0, 0, 870000, 0, 870000, 870000, 'cib'),
  (270, 'FAC-2026-0270', 2520000, 20000, 2500000, 2500000, 0, 'completed', NULL, '2026-06-14 01:22:35', NULL, 0, 0, 2500000, 0, 2500000, 2500000, 'cib'),
  (271, 'FAC-2026-0271', 381000, 0, 381000, 431000, 50000, 'completed', NULL, '2026-06-14 01:32:55', NULL, 0, 0, 381000, 0, 381000, 381000, 'especes'),
  (272, 'FAC-2026-0272', 880000, 0, 880000, 880000, 0, 'completed', NULL, '2026-06-16 17:57:25', NULL, 0, 0, 880000, 0, 880000, 880000, 'especes'),
  (273, 'FAC-2026-0273', 1955000, 0, 1955000, 1955000, 0, 'completed', NULL, '2026-06-14 10:00:59', NULL, 0, 0, 1955000, 0, 1955000, 1955000, 'cib'),
  (274, 'FAC-2026-0274', 2860000, 0, 2860000, 2860000, 0, 'completed', NULL, '2026-06-18 13:46:55', 15, 0, 0, 2860000, 0, 2860000, 2860000, 'cheque'),
  (275, 'FAC-2026-0275', 1860000, 0, 1860000, 1860000, 0, 'completed', NULL, '2026-06-20 08:37:02', 25, 0, 0, 1860000, 0, 1860000, 1860000, 'cib'),
  (276, 'FAC-2026-0276', 4120000, 50000, 4070000, 4070000, 0, 'completed', NULL, '2026-06-19 16:20:46', 12, 0, 0, 4070000, 0, 4070000, 4070000, 'especes'),
  (277, 'FAC-2026-0277', 2244000, 0, 2244000, 2244000, 0, 'completed', 'Vente à crédit', '2026-06-21 05:57:43', 7, 0, 0, 2244000, 0, 2244000, 673200, 'especes'),
  (278, 'FAC-2026-0278', 2489000, 0, 2489000, 2489000, 0, 'completed', NULL, '2026-06-18 11:41:07', NULL, 0, 0, 2489000, 0, 2489000, 2489000, 'cheque'),
  (279, 'FAC-2026-0279', 930000, 0, 930000, 930000, 0, 'completed', NULL, '2026-06-19 21:46:00', 1, 0, 0, 930000, 0, 930000, 930000, 'especes'),
  (280, 'FAC-2026-0280', 300000, 0, 300000, 300000, 0, 'completed', NULL, '2026-06-20 01:28:12', NULL, 0, 0, 300000, 0, 300000, 300000, 'cheque'),
  (281, 'FAC-2026-0281', 1519000, 0, 1519000, 1519000, 0, 'completed', 'Vente à crédit', '2026-06-19 13:45:04', 15, 0, 0, 1519000, 0, 1519000, 1063300, 'especes'),
  (282, 'FAC-2026-0282', 2129000, 0, 2129000, 2129000, 0, 'completed', NULL, '2026-06-21 12:03:46', NULL, 0, 0, 2129000, 0, 2129000, 2129000, 'cheque'),
  (283, 'FAC-2026-0283', 2528000, 0, 2528000, 2528000, 0, 'completed', NULL, '2026-06-18 16:35:49', 18, 0, 0, 2528000, 0, 2528000, 2528000, 'cib'),
  (284, 'FAC-2026-0284', 2210000, 0, 2210000, 2210000, 0, 'completed', NULL, '2026-06-19 12:14:07', NULL, 0, 0, 2210000, 0, 2210000, 2210000, 'especes'),
  (285, 'FAC-2026-0285', 450000, 0, 450000, 450000, 0, 'completed', NULL, '2026-06-21 16:46:37', NULL, 0, 0, 450000, 0, 450000, 450000, 'cib'),
  (286, 'FAC-2026-0286', 2283000, 0, 2283000, 2283000, 0, 'completed', NULL, '2026-06-20 19:24:29', NULL, 0, 0, 2283000, 0, 2283000, 2283000, 'cheque'),
  (287, 'FAC-2026-0287', 888000, 20000, 868000, 868000, 0, 'completed', NULL, '2026-06-19 06:43:44', NULL, 0, 0, 868000, 0, 868000, 868000, 'cheque');
INSERT INTO sale_items (id, sale_id, variant_id, description, qty, unit_price_cents, line_discount_cents, line_total_cents, qty_returned) VALUES
  (1, 1, 502, 'Trench Femme / M / Beige', 1, 820000, 0, 820000, 0),
  (2, 2, 213, 'T-shirt Enfant Imprimé / M / Red', 3, 99000, 0, 297000, 0),
  (3, 2, 349, 'Écharpe / Navy', 1, 110000, 0, 110000, 0),
  (4, 2, 181, 'Pull Femme Maille / XL / Beige', 1, 340000, 0, 340000, 1),
  (5, 3, 288, 'Baskets Femme Sneakers / 43 / Pink', 2, 499000, 0, 998000, 0),
  (6, 4, 300, 'Chaussures Ville Homme / 41 / Brown', 2, 690000, 0, 1380000, 0),
  (7, 4, 356, 'Portefeuille Cuir / Brown', 1, 169000, 0, 169000, 0),
  (8, 5, 186, 'Cardigan Femme / S / Black', 1, 360000, 0, 360000, 0),
  (9, 5, 499, 'Blazer Homme / XL / Grey', 3, 750000, 0, 2250000, 0),
  (10, 6, 505, 'Trench Femme / L / Black', 1, 820000, 15000, 805000, 0),
  (11, 7, 160, 'Jean Femme Skinny / L / Blue', 3, 380000, 0, 1140000, 0),
  (12, 7, 34, 'Polo Homme Piqué / M / White', 3, 209000, 0, 627000, 0),
  (13, 8, 87, 'Sweat à Capuche Homme / S / Black', 3, 320000, 0, 960000, 0),
  (14, 8, 415, 'Boxer Homme (lot de 2) / M / Black', 3, 110000, 0, 330000, 1),
  (15, 9, 12, 'T-shirt Homme Col Rond / L / Grey', 1, 150000, 0, 150000, 0),
  (16, 9, 516, 'Parka Homme / L / Black', 1, 850000, 0, 850000, 0),
  (17, 9, 340, 'Bottines Femme / 44 / Black', 3, 599000, 0, 1797000, 0),
  (18, 9, 108, 'Short Homme / XL / Beige', 2, 170000, 0, 340000, 0),
  (19, 10, 499, 'Blazer Homme / XL / Grey', 2, 750000, 0, 1500000, 0),
  (20, 11, 23, 'Chemise Homme Manches Longues / L / White', 1, 290000, 0, 290000, 0),
  (21, 11, 33, 'Polo Homme Piqué / M / Navy', 1, 199000, 0, 199000, 0),
  (22, 12, 360, 'Survêtement Homme / M / Black', 2, 450000, 0, 900000, 0),
  (23, 12, 341, 'Bottines Femme / 44 / Brown', 2, 599000, 0, 1198000, 0),
  (24, 12, 462, 'Manteau d''Hiver Femme / M / Beige', 2, 1000000, 0, 2000000, 0),
  (25, 13, 235, 'Survêtement Enfant / XS / Red', 1, 270000, 0, 270000, 0),
  (26, 13, 395, 'Débardeur Sport / M / Blue', 3, 120000, 0, 360000, 0),
  (27, 14, 216, 'Pantalon Enfant / XS / Grey', 2, 150000, 0, 300000, 0),
  (28, 14, 136, 'Blouse Femme / XL / White', 2, 280000, 0, 560000, 0),
  (29, 14, 201, 'Robe Soirée Femme / L / Black', 1, 690000, 20000, 670000, 0),
  (30, 14, 263, 'Baskets Homme Running / 42 / Black', 2, 550000, 10000, 1090000, 1),
  (31, 15, 522, 'Gilet Sans Manches / S / Navy', 2, 510000, 0, 1020000, 0),
  (32, 15, 40, 'Polo Homme Piqué / L / Green', 2, 199000, 0, 398000, 0),
  (33, 15, 28, 'Chemise Homme Manches Longues / XL / Navy', 1, 290000, 0, 290000, 0),
  (34, 16, 14, 'T-shirt Homme Col Rond / XL / White', 3, 150000, 0, 450000, 0),
  (35, 16, 174, 'Pull Femme Maille / M / Pink', 3, 340000, 0, 1020000, 0),
  (36, 16, 296, 'Chaussures Ville Homme / 39 / Brown', 1, 690000, 0, 690000, 0),
  (37, 16, 177, 'Pull Femme Maille / L / Beige', 1, 340000, 0, 340000, 0),
  (38, 17, 43, 'Polo Homme Piqué / XL / Red', 2, 199000, 0, 398000, 0),
  (39, 18, 232, 'Robe Fille / M / White', 3, 199000, 0, 597000, 0),
  (40, 18, 351, 'Écharpe / Beige', 3, 120000, 0, 360000, 0),
  (41, 19, 517, 'Parka Homme / XL / Green', 2, 850000, 0, 1700000, 0),
  (42, 19, 74, 'Pantalon Chino Homme / XL / Black', 2, 330000, 0, 660000, 0),
  (43, 20, 395, 'Débardeur Sport / M / Blue', 1, 120000, 0, 120000, 0),
  (44, 20, 327, 'Sandales Femme / 44 / Brown', 2, 320000, 0, 640000, 1),
  (45, 21, 430, 'Sous-vêtement Femme / L / White', 1, 99000, 0, 99000, 0),
  (46, 21, 257, 'Baskets Homme Running / 40 / Black', 1, 550000, 0, 550000, 1),
  (47, 21, 147, 'Jupe Femme Plissée / L / Grey', 2, 280000, 0, 560000, 0),
  (48, 22, 228, 'Robe Fille / S / Red', 3, 199000, 5000, 592000, 0),
  (49, 22, 473, 'Doudoune Homme / S / Black', 3, 870000, 0, 2610000, 0),
  (50, 22, 466, 'Manteau d''Hiver Femme / L / Navy', 2, 990000, 0, 1980000, 0),
  (51, 22, 62, 'Jean Slim Homme / XXL / Blue', 2, 390000, 0, 780000, 0),
  (52, 23, 459, 'Manteau d''Hiver Femme / S / Beige', 2, 990000, 0, 1980000, 0),
  (53, 23, 129, 'Blouse Femme / S / Beige', 3, 260000, 0, 780000, 0),
  (54, 24, 62, 'Jean Slim Homme / XXL / Blue', 3, 390000, 0, 1170000, 0),
  (55, 24, 65, 'Pantalon Chino Homme / S / Black', 2, 330000, 0, 660000, 0),
  (56, 25, 468, 'Manteau d''Hiver Femme / XL / Beige', 3, 990000, 0, 2970000, 0),
  (57, 26, 392, 'Débardeur Sport / S / Blue', 3, 120000, 0, 360000, 0),
  (58, 26, 507, 'Trench Femme / XL / Black', 2, 820000, 0, 1640000, 0),
  (59, 27, 270, 'Baskets Homme Running / 44 / White', 3, 550000, 0, 1650000, 0),
  (60, 27, 275, 'Baskets Femme Sneakers / 39 / White', 3, 499000, 0, 1497000, 0),
  (61, 27, 320, 'Sandales Femme / 42 / Black', 1, 320000, 0, 320000, 0),
  (62, 27, 355, 'Portefeuille Cuir / Black', 1, 169000, 15000, 154000, 0),
  (63, 28, 202, 'Robe Soirée Femme / L / Red', 1, 690000, 15000, 675000, 0),
  (64, 28, 319, 'Sandales Femme / 42 / Beige', 3, 340000, 0, 1020000, 0),
  (65, 29, 508, 'Parka Homme / S / Green', 1, 850000, 0, 850000, 0),
  (66, 29, 341, 'Bottines Femme / 44 / Brown', 3, 599000, 0, 1797000, 0),
  (67, 29, 361, 'Survêtement Homme / M / Navy', 3, 450000, 0, 1350000, 0),
  (68, 29, 250, 'Pyjama Enfant / M / Grey', 3, 130000, 5000, 385000, 0),
  (69, 30, 152, 'Jean Femme Skinny / XS / Black', 2, 380000, 0, 760000, 0),
  (70, 31, 221, 'Pantalon Enfant / M / Navy', 2, 150000, 0, 300000, 0),
  (71, 31, 34, 'Polo Homme Piqué / M / White', 3, 209000, 0, 627000, 0),
  (72, 31, 44, 'Polo Homme Piqué / XL / Green', 3, 199000, 0, 597000, 0),
  (73, 31, 522, 'Gilet Sans Manches / S / Navy', 3, 510000, 0, 1530000, 0),
  (74, 32, 171, 'Pull Femme Maille / S / Grey', 3, 340000, 0, 1020000, 0),
  (75, 32, 389, 'Legging Femme Sport / L / Navy', 3, 180000, 15000, 525000, 0),
  (76, 32, 161, 'Jean Femme Skinny / L / Black', 3, 380000, 0, 1140000, 0),
  (77, 33, 133, 'Blouse Femme / L / White', 2, 260000, 0, 520000, 0),
  (78, 33, 218, 'Pantalon Enfant / S / Navy', 2, 150000, 0, 300000, 0),
  (79, 33, 245, 'Pyjama Enfant / S / Blue', 2, 130000, 0, 260000, 0),
  (80, 34, 317, 'Sandales Femme / 41 / Black', 2, 320000, 0, 640000, 0),
  (81, 34, 469, 'Manteau d''Hiver Femme / XL / Navy', 1, 990000, 0, 990000, 0),
  (82, 34, 307, 'Sandales Femme / 38 / Beige', 1, 320000, 0, 320000, 0),
  (83, 34, 311, 'Sandales Femme / 39 / Black', 1, 320000, 15000, 305000, 0),
  (84, 35, 56, 'Jean Slim Homme / L / Blue', 1, 390000, 0, 390000, 0),
  (85, 35, 450, 'Veste en Cuir Homme / S / Black', 3, 1190000, 0, 3570000, 0),
  (86, 35, 113, 'Robe Femme Évasée / S / Navy', 1, 450000, 0, 450000, 1),
  (87, 36, 25, 'Chemise Homme Manches Longues / L / Navy', 3, 290000, 0, 870000, 0),
  (88, 37, 343, 'Casquette / Navy', 1, 85000, 0, 85000, 0),
  (89, 37, 332, 'Bottines Femme / 40 / Black', 3, 599000, 0, 1797000, 0),
  (90, 38, 292, 'Baskets Femme Sneakers / 44 / Black', 1, 509000, 0, 509000, 0),
  (91, 38, 208, 'T-shirt Enfant Imprimé / S / Blue', 3, 99000, 0, 297000, 1),
  (92, 38, 247, 'Pyjama Enfant / S / Grey', 1, 130000, 0, 130000, 0),
  (93, 38, 467, 'Manteau d''Hiver Femme / XL / Black', 3, 990000, 0, 2970000, 0),
  (94, 39, 293, 'Chaussures Ville Homme / 38 / Black', 1, 690000, 0, 690000, 0),
  (95, 39, 306, 'Chaussures Ville Homme / 44 / Brown', 1, 690000, 0, 690000, 0),
  (96, 39, 481, 'Doudoune Homme / L / Grey', 3, 870000, 0, 2610000, 0),
  (97, 40, 211, 'T-shirt Enfant Imprimé / M / White', 1, 99000, 0, 99000, 0),
  (98, 40, 291, 'Baskets Femme Sneakers / 44 / Pink', 2, 499000, 10000, 988000, 0),
  (99, 41, 346, 'Ceinture en Cuir / Black', 1, 149000, 5000, 144000, 0),
  (100, 41, 146, 'Jupe Femme Plissée / L / Navy', 3, 280000, 0, 840000, 0),
  (101, 41, 329, 'Bottines Femme / 38 / Brown', 2, 599000, 0, 1198000, 0),
  (102, 42, 500, 'Trench Femme / S / Beige', 2, 820000, 0, 1640000, 0),
  (103, 42, 116, 'Robe Femme Évasée / M / Red', 2, 460000, 5000, 915000, 0),
  (104, 42, 98, 'Sweat à Capuche Homme / XL / Navy', 2, 320000, 0, 640000, 0),
  (105, 42, 397, 'Débardeur Sport / L / White', 2, 120000, 0, 240000, 0),
  (106, 43, 365, 'Survêtement Homme / L / Grey', 1, 450000, 0, 450000, 0),
  (107, 44, 383, 'Legging Femme Sport / S / Navy', 1, 170000, 0, 170000, 0),
  (108, 44, 359, 'Survêtement Homme / S / Grey', 2, 450000, 0, 900000, 0),
  (109, 44, 338, 'Bottines Femme / 43 / Black', 3, 619000, 0, 1857000, 0),
  (110, 45, 487, 'Doudoune Homme / XXL / Grey', 1, 870000, 0, 870000, 0),
  (111, 45, 35, 'Polo Homme Piqué / M / Red', 3, 199000, 0, 597000, 0),
  (112, 46, 6, 'T-shirt Homme Col Rond / M / White', 1, 170000, 0, 170000, 0),
  (113, 46, 222, 'Pantalon Enfant / M / Grey', 1, 150000, 0, 150000, 0),
  (114, 46, 202, 'Robe Soirée Femme / L / Red', 2, 690000, 0, 1380000, 0),
  (115, 46, 294, 'Chaussures Ville Homme / 38 / Brown', 3, 690000, 0, 2070000, 0),
  (116, 47, 329, 'Bottines Femme / 38 / Brown', 1, 599000, 0, 599000, 0),
  (117, 47, 484, 'Doudoune Homme / XL / Grey', 1, 880000, 0, 880000, 0),
  (118, 47, 397, 'Débardeur Sport / L / White', 2, 120000, 0, 240000, 0),
  (119, 48, 106, 'Short Homme / L / Navy', 3, 170000, 0, 510000, 0),
  (120, 49, 517, 'Parka Homme / XL / Green', 3, 850000, 0, 2550000, 0),
  (121, 50, 268, 'Baskets Homme Running / 43 / Grey', 2, 550000, 0, 1100000, 0),
  (122, 50, 410, 'Chaussettes (lot de 3) / Black', 3, 95000, 0, 285000, 0),
  (123, 50, 107, 'Short Homme / L / Black', 2, 170000, 0, 340000, 0),
  (124, 51, 334, 'Bottines Femme / 41 / Black', 3, 599000, 0, 1797000, 0),
  (125, 52, 187, 'Cardigan Femme / S / Beige', 3, 360000, 0, 1080000, 0),
  (126, 52, 431, 'Sous-vêtement Femme / L / Pink', 2, 99000, 10000, 188000, 0),
  (127, 52, 512, 'Parka Homme / M / Navy', 2, 850000, 15000, 1685000, 0),
  (128, 53, 291, 'Baskets Femme Sneakers / 44 / Pink', 1, 499000, 0, 499000, 0),
  (129, 53, 67, 'Pantalon Chino Homme / M / Navy', 3, 330000, 0, 990000, 0),
  (130, 54, 361, 'Survêtement Homme / M / Navy', 3, 450000, 10000, 1340000, 0),
  (131, 54, 416, 'Boxer Homme (lot de 2) / M / Navy', 1, 110000, 0, 110000, 0),
  (132, 55, 132, 'Blouse Femme / M / Beige', 2, 260000, 0, 520000, 1),
  (133, 55, 95, 'Sweat à Capuche Homme / L / Navy', 1, 320000, 0, 320000, 0),
  (134, 55, 294, 'Chaussures Ville Homme / 38 / Brown', 3, 690000, 0, 2070000, 0),
  (135, 56, 541, 'Foulard Femme / Navy', 3, 110000, 0, 330000, 1),
  (136, 57, 496, 'Blazer Homme / L / Grey', 3, 750000, 0, 2250000, 0),
  (137, 57, 338, 'Bottines Femme / 43 / Black', 2, 619000, 0, 1238000, 0),
  (138, 58, 31, 'Polo Homme Piqué / S / Red', 1, 209000, 0, 209000, 0),
  (139, 58, 209, 'T-shirt Enfant Imprimé / S / Red', 1, 99000, 0, 99000, 0),
  (140, 58, 156, 'Jean Femme Skinny / S / Navy', 1, 380000, 5000, 375000, 0),
  (141, 59, 515, 'Parka Homme / L / Navy', 2, 870000, 0, 1740000, 0),
  (142, 60, 491, 'Blazer Homme / M / Navy', 1, 760000, 0, 760000, 0),
  (143, 61, 374, 'Short Sport / M / Red', 3, 140000, 0, 420000, 0),
  (144, 62, 387, 'Legging Femme Sport / L / Black', 3, 180000, 0, 540000, 0),
  (145, 62, 92, 'Sweat à Capuche Homme / M / Navy', 1, 320000, 0, 320000, 0),
  (146, 63, 41, 'Polo Homme Piqué / XL / Navy', 3, 209000, 5000, 622000, 0),
  (147, 63, 38, 'Polo Homme Piqué / L / White', 3, 199000, 0, 597000, 0),
  (148, 63, 503, 'Trench Femme / M / Black', 1, 820000, 0, 820000, 0),
  (149, 63, 307, 'Sandales Femme / 38 / Beige', 3, 320000, 0, 960000, 0),
  (150, 64, 47, 'Jean Slim Homme / XS / Blue', 2, 400000, 0, 800000, 1),
  (151, 65, 276, 'Baskets Femme Sneakers / 39 / Pink', 1, 499000, 0, 499000, 0),
  (152, 65, 233, 'Survêtement Enfant / XS / Navy', 2, 260000, 0, 520000, 0),
  (153, 65, 265, 'Baskets Homme Running / 42 / Grey', 2, 550000, 0, 1100000, 0),
  (154, 65, 105, 'Short Homme / L / Beige', 2, 170000, 0, 340000, 0),
  (155, 66, 327, 'Sandales Femme / 44 / Brown', 3, 320000, 0, 960000, 0),
  (156, 66, 341, 'Bottines Femme / 44 / Brown', 1, 599000, 0, 599000, 0),
  (157, 66, 14, 'T-shirt Homme Col Rond / XL / White', 1, 150000, 0, 150000, 0),
  (158, 67, 516, 'Parka Homme / L / Black', 1, 850000, 0, 850000, 0),
  (159, 67, 288, 'Baskets Femme Sneakers / 43 / Pink', 1, 499000, 0, 499000, 0),
  (160, 67, 228, 'Robe Fille / S / Red', 1, 199000, 0, 199000, 0),
  (161, 67, 309, 'Sandales Femme / 38 / Brown', 2, 320000, 0, 640000, 0),
  (162, 68, 315, 'Sandales Femme / 40 / Brown', 3, 310000, 0, 930000, 0),
  (163, 69, 233, 'Survêtement Enfant / XS / Navy', 3, 260000, 0, 780000, 0),
  (164, 69, 278, 'Baskets Femme Sneakers / 40 / White', 2, 489000, 0, 978000, 0),
  (165, 70, 166, 'Jean Femme Skinny / XXL / Blue', 1, 390000, 0, 390000, 1),
  (166, 71, 494, 'Blazer Homme / L / Navy', 2, 750000, 0, 1500000, 0),
  (167, 71, 497, 'Blazer Homme / XL / Navy', 1, 750000, 0, 750000, 0),
  (168, 71, 370, 'Short Sport / S / Navy', 1, 140000, 0, 140000, 1),
  (169, 71, 47, 'Jean Slim Homme / XS / Blue', 1, 400000, 20000, 380000, 0),
  (170, 72, 105, 'Short Homme / L / Beige', 1, 170000, 0, 170000, 0),
  (171, 72, 497, 'Blazer Homme / XL / Navy', 3, 750000, 20000, 2230000, 0),
  (172, 72, 535, 'Bonnet Laine / Red', 2, 79000, 0, 158000, 0),
  (173, 72, 522, 'Gilet Sans Manches / S / Navy', 2, 510000, 0, 1020000, 0),
  (174, 73, 173, 'Pull Femme Maille / M / Beige', 1, 340000, 0, 340000, 0),
  (175, 73, 230, 'Robe Fille / M / Pink', 2, 199000, 0, 398000, 0),
  (176, 73, 409, 'Veste de Sport / XL / Navy', 2, 390000, 0, 780000, 0),
  (177, 74, 303, 'Chaussures Ville Homme / 43 / Black', 2, 690000, 0, 1380000, 0),
  (178, 74, 140, 'Jupe Femme Plissée / S / Navy', 3, 280000, 0, 840000, 0),
  (179, 74, 197, 'Robe Soirée Femme / S / Black', 1, 710000, 0, 710000, 0),
  (180, 74, 414, 'Boxer Homme (lot de 2) / S / Navy', 2, 110000, 0, 220000, 0),
  (181, 75, 535, 'Bonnet Laine / Red', 3, 79000, 15000, 222000, 0),
  (182, 75, 360, 'Survêtement Homme / M / Black', 1, 450000, 0, 450000, 0),
  (183, 75, 299, 'Chaussures Ville Homme / 41 / Black', 1, 690000, 0, 690000, 0),
  (184, 76, 130, 'Blouse Femme / M / White', 3, 280000, 0, 840000, 0),
  (185, 76, 338, 'Bottines Femme / 43 / Black', 3, 619000, 0, 1857000, 0),
  (186, 76, 439, 'Maillot de Corps / XL / White', 3, 85000, 5000, 250000, 0),
  (187, 76, 535, 'Bonnet Laine / Red', 1, 79000, 0, 79000, 0),
  (188, 77, 83, 'Pull Homme Col V / L / Brown', 2, 350000, 0, 700000, 0),
  (189, 77, 146, 'Jupe Femme Plissée / L / Navy', 3, 280000, 0, 840000, 0),
  (190, 77, 173, 'Pull Femme Maille / M / Beige', 1, 340000, 0, 340000, 0),
  (191, 77, 397, 'Débardeur Sport / L / White', 2, 120000, 0, 240000, 0),
  (192, 78, 152, 'Jean Femme Skinny / XS / Black', 3, 380000, 0, 1140000, 0),
  (193, 78, 352, 'Sac à Main Femme / Black', 3, 390000, 0, 1170000, 0),
  (194, 79, 19, 'Chemise Homme Manches Longues / S / Navy', 1, 300000, 10000, 290000, 0),
  (195, 79, 27, 'Chemise Homme Manches Longues / XL / Blue', 1, 290000, 0, 290000, 0),
  (196, 80, 216, 'Pantalon Enfant / XS / Grey', 2, 150000, 0, 300000, 0),
  (197, 80, 417, 'Boxer Homme (lot de 2) / L / Black', 3, 110000, 0, 330000, 0),
  (198, 81, 158, 'Jean Femme Skinny / M / Black', 3, 400000, 0, 1200000, 0),
  (199, 81, 182, 'Pull Femme Maille / XL / Pink', 3, 340000, 5000, 1015000, 0),
  (200, 81, 507, 'Trench Femme / XL / Black', 2, 820000, 0, 1640000, 0);
INSERT INTO sale_items (id, sale_id, variant_id, description, qty, unit_price_cents, line_discount_cents, line_total_cents, qty_returned) VALUES
  (201, 81, 130, 'Blouse Femme / M / White', 2, 280000, 0, 560000, 0),
  (202, 82, 351, 'Écharpe / Beige', 2, 120000, 15000, 225000, 0),
  (203, 83, 450, 'Veste en Cuir Homme / S / Black', 1, 1190000, 0, 1190000, 0),
  (204, 84, 411, 'Chaussettes (lot de 3) / White', 3, 75000, 0, 225000, 0),
  (205, 84, 79, 'Pull Homme Col V / M / Navy', 1, 350000, 0, 350000, 0),
  (206, 84, 89, 'Sweat à Capuche Homme / S / Navy', 1, 320000, 0, 320000, 0),
  (207, 84, 356, 'Portefeuille Cuir / Brown', 1, 169000, 0, 169000, 0),
  (208, 85, 104, 'Short Homme / M / Black', 2, 170000, 0, 340000, 0),
  (209, 85, 116, 'Robe Femme Évasée / M / Red', 1, 460000, 0, 460000, 0),
  (210, 86, 433, 'Maillot de Corps / S / White', 3, 85000, 0, 255000, 0),
  (211, 87, 314, 'Sandales Femme / 40 / Black', 1, 320000, 15000, 305000, 0),
  (212, 88, 244, 'Pyjama Enfant / XS / Grey', 3, 130000, 0, 390000, 0),
  (213, 88, 121, 'Robe Femme Évasée / L / Navy', 2, 450000, 0, 900000, 0),
  (214, 89, 71, 'Pantalon Chino Homme / L / Black', 2, 330000, 0, 660000, 0),
  (215, 89, 412, 'Chaussettes (lot de 3) / Grey', 1, 75000, 0, 75000, 1),
  (216, 90, 532, 'Bonnet Laine / Grey', 1, 79000, 0, 79000, 0),
  (217, 90, 60, 'Jean Slim Homme / XXL / Navy', 2, 390000, 0, 780000, 0),
  (218, 90, 241, 'Survêtement Enfant / M / Red', 1, 270000, 0, 270000, 0),
  (219, 91, 205, 'T-shirt Enfant Imprimé / XS / Red', 1, 99000, 0, 99000, 0),
  (220, 92, 365, 'Survêtement Homme / L / Grey', 3, 450000, 15000, 1335000, 0),
  (221, 92, 406, 'Veste de Sport / L / Black', 1, 390000, 0, 390000, 0),
  (222, 93, 63, 'Pantalon Chino Homme / S / Beige', 2, 350000, 0, 700000, 0),
  (223, 93, 97, 'Sweat à Capuche Homme / XL / Grey', 2, 330000, 0, 660000, 0),
  (224, 93, 224, 'Robe Fille / XS / Pink', 3, 199000, 0, 597000, 0),
  (225, 93, 521, 'Gilet Sans Manches / S / Grey', 2, 490000, 0, 980000, 0),
  (226, 94, 294, 'Chaussures Ville Homme / 38 / Brown', 1, 690000, 0, 690000, 0),
  (227, 94, 375, 'Short Sport / L / Black', 1, 140000, 0, 140000, 0),
  (228, 94, 182, 'Pull Femme Maille / XL / Pink', 2, 340000, 0, 680000, 0),
  (229, 95, 75, 'Pull Homme Col V / S / Grey', 3, 350000, 0, 1050000, 0),
  (230, 95, 201, 'Robe Soirée Femme / L / Black', 2, 690000, 0, 1380000, 0),
  (231, 95, 486, 'Doudoune Homme / XXL / Navy', 3, 870000, 0, 2610000, 0),
  (232, 95, 16, 'T-shirt Homme Col Rond / XL / Grey', 2, 150000, 0, 300000, 0),
  (233, 96, 181, 'Pull Femme Maille / XL / Beige', 3, 340000, 0, 1020000, 0),
  (234, 96, 122, 'Robe Femme Évasée / L / Pink', 2, 450000, 0, 900000, 0),
  (235, 96, 280, 'Baskets Femme Sneakers / 40 / Black', 1, 499000, 10000, 489000, 0),
  (236, 97, 282, 'Baskets Femme Sneakers / 41 / Pink', 2, 499000, 0, 998000, 0),
  (237, 97, 149, 'Jupe Femme Plissée / XL / Navy', 3, 280000, 0, 840000, 0),
  (238, 97, 27, 'Chemise Homme Manches Longues / XL / Blue', 1, 290000, 0, 290000, 0),
  (239, 98, 479, 'Doudoune Homme / L / Black', 1, 870000, 0, 870000, 0),
  (240, 98, 5, 'T-shirt Homme Col Rond / M / Black', 3, 150000, 0, 450000, 0),
  (241, 99, 82, 'Pull Homme Col V / L / Navy', 2, 350000, 0, 700000, 0),
  (242, 99, 386, 'Legging Femme Sport / M / Navy', 1, 180000, 15000, 165000, 0),
  (243, 99, 55, 'Jean Slim Homme / L / Black', 1, 390000, 0, 390000, 0),
  (244, 99, 133, 'Blouse Femme / L / White', 1, 260000, 0, 260000, 0),
  (245, 100, 153, 'Jean Femme Skinny / XS / Navy', 1, 380000, 0, 380000, 0),
  (246, 100, 342, 'Casquette / Black', 3, 85000, 0, 255000, 0),
  (247, 100, 184, 'Pull Femme Maille / XL / White', 1, 340000, 0, 340000, 0),
  (248, 101, 224, 'Robe Fille / XS / Pink', 3, 199000, 0, 597000, 0),
  (249, 101, 534, 'Bonnet Laine / Navy', 2, 79000, 0, 158000, 0),
  (250, 102, 391, 'Débardeur Sport / S / White', 2, 120000, 0, 240000, 0),
  (251, 103, 107, 'Short Homme / L / Black', 1, 170000, 0, 170000, 0),
  (252, 103, 480, 'Doudoune Homme / L / Navy', 1, 860000, 0, 860000, 0),
  (253, 103, 52, 'Jean Slim Homme / M / Black', 3, 390000, 0, 1170000, 1),
  (254, 103, 119, 'Robe Femme Évasée / L / Black', 3, 450000, 0, 1350000, 0),
  (255, 104, 90, 'Sweat à Capuche Homme / M / Black', 2, 320000, 0, 640000, 0),
  (256, 104, 36, 'Polo Homme Piqué / M / Green', 2, 199000, 0, 398000, 0),
  (257, 104, 457, 'Veste en Cuir Homme / XL / Brown', 2, 1190000, 0, 2380000, 0),
  (258, 104, 26, 'Chemise Homme Manches Longues / XL / White', 2, 290000, 0, 580000, 0),
  (259, 105, 393, 'Débardeur Sport / M / Black', 3, 120000, 10000, 350000, 0),
  (260, 105, 50, 'Jean Slim Homme / S / Blue', 1, 400000, 0, 400000, 0),
  (261, 106, 80, 'Pull Homme Col V / M / Brown', 3, 350000, 0, 1050000, 0),
  (262, 106, 261, 'Baskets Homme Running / 41 / White', 1, 550000, 0, 550000, 0),
  (263, 107, 95, 'Sweat à Capuche Homme / L / Navy', 1, 320000, 0, 320000, 0),
  (264, 107, 205, 'T-shirt Enfant Imprimé / XS / Red', 3, 99000, 0, 297000, 0),
  (265, 108, 331, 'Bottines Femme / 39 / Brown', 3, 599000, 0, 1797000, 0),
  (266, 109, 11, 'T-shirt Homme Col Rond / L / Navy', 2, 150000, 0, 300000, 0),
  (267, 109, 28, 'Chemise Homme Manches Longues / XL / Navy', 3, 290000, 5000, 865000, 0),
  (268, 110, 376, 'Short Sport / L / Navy', 2, 140000, 0, 280000, 0),
  (269, 110, 148, 'Jupe Femme Plissée / XL / Black', 2, 280000, 0, 560000, 0),
  (270, 110, 263, 'Baskets Homme Running / 42 / Black', 2, 550000, 10000, 1090000, 0),
  (271, 110, 280, 'Baskets Femme Sneakers / 40 / Black', 3, 499000, 0, 1497000, 0),
  (272, 111, 524, 'Gilet Sans Manches / M / Grey', 1, 490000, 0, 490000, 0),
  (273, 112, 114, 'Robe Femme Évasée / S / Pink', 2, 450000, 20000, 880000, 0),
  (274, 112, 339, 'Bottines Femme / 43 / Brown', 2, 589000, 0, 1178000, 0),
  (275, 112, 344, 'Casquette / Red', 3, 85000, 10000, 245000, 0),
  (276, 113, 150, 'Jupe Femme Plissée / XL / Grey', 1, 280000, 0, 280000, 0),
  (277, 114, 310, 'Sandales Femme / 39 / Beige', 3, 320000, 0, 960000, 0),
  (278, 115, 149, 'Jupe Femme Plissée / XL / Navy', 2, 280000, 0, 560000, 0),
  (279, 115, 389, 'Legging Femme Sport / L / Navy', 1, 180000, 0, 180000, 0),
  (280, 116, 491, 'Blazer Homme / M / Navy', 2, 760000, 0, 1520000, 0),
  (281, 116, 359, 'Survêtement Homme / S / Grey', 3, 450000, 0, 1350000, 0),
  (282, 116, 36, 'Polo Homme Piqué / M / Green', 1, 199000, 0, 199000, 0),
  (283, 116, 81, 'Pull Homme Col V / L / Grey', 3, 350000, 0, 1050000, 0),
  (284, 117, 69, 'Pantalon Chino Homme / L / Beige', 2, 330000, 0, 660000, 0),
  (285, 118, 478, 'Doudoune Homme / M / Grey', 1, 870000, 0, 870000, 0),
  (286, 118, 427, 'Sous-vêtement Femme / M / Pink', 2, 99000, 0, 198000, 0),
  (287, 119, 114, 'Robe Femme Évasée / S / Pink', 2, 450000, 0, 900000, 0),
  (288, 119, 374, 'Short Sport / M / Red', 3, 140000, 0, 420000, 0),
  (289, 120, 183, 'Pull Femme Maille / XL / Grey', 1, 360000, 0, 360000, 0),
  (290, 120, 105, 'Short Homme / L / Beige', 2, 170000, 0, 340000, 0),
  (291, 120, 527, 'Gilet Sans Manches / L / Grey', 2, 490000, 0, 980000, 0),
  (292, 120, 14, 'T-shirt Homme Col Rond / XL / White', 1, 150000, 0, 150000, 0),
  (293, 121, 321, 'Sandales Femme / 42 / Brown', 1, 320000, 0, 320000, 0),
  (294, 121, 399, 'Débardeur Sport / XL / Black', 1, 120000, 0, 120000, 0),
  (295, 121, 121, 'Robe Femme Évasée / L / Navy', 3, 450000, 0, 1350000, 0),
  (296, 121, 313, 'Sandales Femme / 40 / Beige', 2, 320000, 0, 640000, 0),
  (297, 122, 470, 'Doudoune Homme / XS / Black', 2, 870000, 0, 1740000, 0),
  (298, 123, 499, 'Blazer Homme / XL / Grey', 1, 750000, 0, 750000, 0),
  (299, 123, 143, 'Jupe Femme Plissée / M / Navy', 2, 270000, 0, 540000, 0),
  (300, 123, 113, 'Robe Femme Évasée / S / Navy', 3, 450000, 0, 1350000, 0),
  (301, 123, 51, 'Jean Slim Homme / M / Navy', 2, 390000, 0, 780000, 0),
  (302, 124, 49, 'Jean Slim Homme / S / Black', 1, 390000, 0, 390000, 0),
  (303, 125, 464, 'Manteau d''Hiver Femme / L / Black', 1, 990000, 0, 990000, 0),
  (304, 125, 339, 'Bottines Femme / 43 / Brown', 1, 589000, 5000, 584000, 0),
  (305, 125, 345, 'Casquette / White', 2, 85000, 0, 170000, 0),
  (306, 125, 181, 'Pull Femme Maille / XL / Beige', 3, 340000, 0, 1020000, 0),
  (307, 126, 359, 'Survêtement Homme / S / Grey', 1, 450000, 0, 450000, 0),
  (308, 126, 65, 'Pantalon Chino Homme / S / Black', 3, 330000, 0, 990000, 0),
  (309, 126, 498, 'Blazer Homme / XL / Black', 3, 750000, 0, 2250000, 0),
  (310, 126, 533, 'Bonnet Laine / Black', 1, 79000, 0, 79000, 0),
  (311, 127, 186, 'Cardigan Femme / S / Black', 2, 360000, 0, 720000, 0),
  (312, 127, 472, 'Doudoune Homme / XS / Grey', 3, 870000, 0, 2610000, 0),
  (313, 127, 15, 'T-shirt Homme Col Rond / XL / Navy', 3, 150000, 0, 450000, 0),
  (314, 127, 87, 'Sweat à Capuche Homme / S / Black', 2, 320000, 0, 640000, 0),
  (315, 128, 507, 'Trench Femme / XL / Black', 3, 820000, 0, 2460000, 0),
  (316, 128, 266, 'Baskets Homme Running / 43 / Black', 1, 550000, 0, 550000, 0),
  (317, 128, 390, 'Débardeur Sport / S / Black', 1, 120000, 20000, 100000, 0),
  (318, 128, 274, 'Baskets Femme Sneakers / 38 / Black', 1, 499000, 0, 499000, 0),
  (319, 129, 24, 'Chemise Homme Manches Longues / L / Blue', 3, 290000, 0, 870000, 0),
  (320, 130, 378, 'Short Sport / XL / Black', 3, 140000, 0, 420000, 0),
  (321, 130, 341, 'Bottines Femme / 44 / Brown', 3, 599000, 0, 1797000, 0),
  (322, 130, 64, 'Pantalon Chino Homme / S / Navy', 2, 330000, 0, 660000, 0),
  (323, 130, 230, 'Robe Fille / M / Pink', 2, 199000, 0, 398000, 0),
  (324, 131, 300, 'Chaussures Ville Homme / 41 / Brown', 3, 690000, 0, 2070000, 0),
  (325, 131, 85, 'Pull Homme Col V / XL / Navy', 3, 350000, 0, 1050000, 0),
  (326, 131, 233, 'Survêtement Enfant / XS / Navy', 3, 260000, 0, 780000, 0),
  (327, 131, 52, 'Jean Slim Homme / M / Black', 2, 390000, 0, 780000, 0),
  (328, 132, 412, 'Chaussettes (lot de 3) / Grey', 3, 75000, 5000, 220000, 0),
  (329, 132, 176, 'Pull Femme Maille / M / White', 1, 340000, 0, 340000, 0),
  (330, 132, 171, 'Pull Femme Maille / S / Grey', 3, 340000, 0, 1020000, 0),
  (331, 132, 347, 'Ceinture en Cuir / Brown', 3, 149000, 0, 447000, 0),
  (332, 133, 264, 'Baskets Homme Running / 42 / White', 1, 550000, 10000, 540000, 0),
  (333, 134, 113, 'Robe Femme Évasée / S / Navy', 2, 450000, 0, 900000, 1),
  (334, 135, 92, 'Sweat à Capuche Homme / M / Navy', 2, 320000, 0, 640000, 1),
  (335, 136, 160, 'Jean Femme Skinny / L / Blue', 2, 380000, 0, 760000, 0),
  (336, 137, 292, 'Baskets Femme Sneakers / 44 / Black', 1, 509000, 0, 509000, 0),
  (337, 137, 140, 'Jupe Femme Plissée / S / Navy', 2, 280000, 0, 560000, 0),
  (338, 137, 75, 'Pull Homme Col V / S / Grey', 1, 350000, 0, 350000, 0),
  (339, 138, 132, 'Blouse Femme / M / Beige', 1, 260000, 0, 260000, 0),
  (340, 138, 176, 'Pull Femme Maille / M / White', 3, 340000, 0, 1020000, 0),
  (341, 138, 320, 'Sandales Femme / 42 / Black', 2, 320000, 0, 640000, 0),
  (342, 138, 312, 'Sandales Femme / 39 / Brown', 3, 310000, 0, 930000, 0),
  (343, 139, 489, 'Blazer Homme / S / Black', 3, 750000, 0, 2250000, 0),
  (344, 140, 434, 'Maillot de Corps / S / Grey', 3, 85000, 0, 255000, 0),
  (345, 140, 218, 'Pantalon Enfant / S / Navy', 3, 150000, 0, 450000, 0),
  (346, 140, 292, 'Baskets Femme Sneakers / 44 / Black', 1, 509000, 0, 509000, 0),
  (347, 140, 249, 'Pyjama Enfant / M / Pink', 1, 150000, 0, 150000, 0),
  (348, 141, 458, 'Manteau d''Hiver Femme / S / Black', 2, 990000, 0, 1980000, 0),
  (349, 141, 74, 'Pantalon Chino Homme / XL / Black', 2, 330000, 0, 660000, 0),
  (350, 141, 202, 'Robe Soirée Femme / L / Red', 1, 690000, 0, 690000, 0),
  (351, 141, 47, 'Jean Slim Homme / XS / Blue', 1, 400000, 15000, 385000, 0),
  (352, 142, 153, 'Jean Femme Skinny / XS / Navy', 2, 380000, 0, 760000, 0),
  (353, 142, 224, 'Robe Fille / XS / Pink', 3, 199000, 0, 597000, 0),
  (354, 142, 498, 'Blazer Homme / XL / Black', 3, 750000, 0, 2250000, 0),
  (355, 142, 213, 'T-shirt Enfant Imprimé / M / Red', 2, 99000, 0, 198000, 0),
  (356, 143, 300, 'Chaussures Ville Homme / 41 / Brown', 2, 690000, 5000, 1375000, 0),
  (357, 144, 340, 'Bottines Femme / 44 / Black', 1, 599000, 0, 599000, 0),
  (358, 144, 25, 'Chemise Homme Manches Longues / L / Navy', 2, 290000, 0, 580000, 0),
  (359, 144, 268, 'Baskets Homme Running / 43 / Grey', 3, 550000, 0, 1650000, 0),
  (360, 144, 69, 'Pantalon Chino Homme / L / Beige', 3, 330000, 0, 990000, 0),
  (361, 145, 539, 'Foulard Femme / Pink', 3, 110000, 15000, 315000, 0),
  (362, 145, 116, 'Robe Femme Évasée / M / Red', 1, 460000, 15000, 445000, 0),
  (363, 145, 540, 'Foulard Femme / Beige', 1, 110000, 0, 110000, 0),
  (364, 145, 513, 'Parka Homme / M / Black', 2, 850000, 0, 1700000, 0),
  (365, 146, 31, 'Polo Homme Piqué / S / Red', 2, 209000, 0, 418000, 0),
  (366, 146, 24, 'Chemise Homme Manches Longues / L / Blue', 3, 290000, 15000, 855000, 0),
  (367, 146, 502, 'Trench Femme / M / Beige', 3, 820000, 0, 2460000, 0),
  (368, 146, 180, 'Pull Femme Maille / L / White', 3, 340000, 0, 1020000, 0),
  (369, 147, 145, 'Jupe Femme Plissée / L / Black', 3, 280000, 0, 840000, 0),
  (370, 147, 31, 'Polo Homme Piqué / S / Red', 1, 209000, 0, 209000, 0),
  (371, 147, 476, 'Doudoune Homme / M / Black', 2, 870000, 0, 1740000, 0),
  (372, 148, 215, 'Pantalon Enfant / XS / Navy', 1, 150000, 0, 150000, 0),
  (373, 148, 49, 'Jean Slim Homme / S / Black', 1, 390000, 0, 390000, 0),
  (374, 148, 432, 'Sous-vêtement Femme / L / Beige', 1, 99000, 0, 99000, 0),
  (375, 149, 451, 'Veste en Cuir Homme / S / Brown', 2, 1180000, 0, 2360000, 0),
  (376, 150, 287, 'Baskets Femme Sneakers / 43 / White', 1, 499000, 0, 499000, 0),
  (377, 150, 421, 'Sous-vêtement Femme / S / Black', 3, 99000, 0, 297000, 0),
  (378, 151, 50, 'Jean Slim Homme / S / Blue', 2, 400000, 0, 800000, 0),
  (379, 152, 275, 'Baskets Femme Sneakers / 39 / White', 1, 499000, 0, 499000, 0),
  (380, 153, 530, 'Gilet Sans Manches / XL / Grey', 1, 490000, 0, 490000, 0),
  (381, 153, 332, 'Bottines Femme / 40 / Black', 2, 599000, 15000, 1183000, 0),
  (382, 153, 498, 'Blazer Homme / XL / Black', 3, 750000, 0, 2250000, 0),
  (383, 153, 87, 'Sweat à Capuche Homme / S / Black', 1, 320000, 15000, 305000, 0),
  (384, 154, 88, 'Sweat à Capuche Homme / S / Grey', 1, 320000, 0, 320000, 0),
  (385, 155, 419, 'Boxer Homme (lot de 2) / XL / Black', 3, 110000, 20000, 310000, 0),
  (386, 156, 279, 'Baskets Femme Sneakers / 40 / Pink', 1, 499000, 0, 499000, 0),
  (387, 156, 88, 'Sweat à Capuche Homme / S / Grey', 1, 320000, 0, 320000, 0),
  (388, 156, 203, 'T-shirt Enfant Imprimé / XS / White', 2, 99000, 0, 198000, 0),
  (389, 157, 259, 'Baskets Homme Running / 40 / Grey', 1, 550000, 20000, 530000, 0),
  (390, 157, 20, 'Chemise Homme Manches Longues / M / White', 1, 290000, 20000, 270000, 0),
  (391, 157, 346, 'Ceinture en Cuir / Black', 1, 149000, 0, 149000, 0),
  (392, 158, 541, 'Foulard Femme / Navy', 3, 110000, 0, 330000, 0),
  (393, 158, 536, 'Gants Cuir / Black', 2, 149000, 0, 298000, 0),
  (394, 158, 484, 'Doudoune Homme / XL / Grey', 3, 880000, 15000, 2625000, 0),
  (395, 158, 376, 'Short Sport / L / Navy', 2, 140000, 0, 280000, 0),
  (396, 159, 69, 'Pantalon Chino Homme / L / Beige', 2, 330000, 0, 660000, 0),
  (397, 160, 183, 'Pull Femme Maille / XL / Grey', 3, 360000, 0, 1080000, 0),
  (398, 160, 148, 'Jupe Femme Plissée / XL / Black', 2, 280000, 0, 560000, 0),
  (399, 161, 60, 'Jean Slim Homme / XXL / Navy', 1, 390000, 0, 390000, 1),
  (400, 161, 317, 'Sandales Femme / 41 / Black', 2, 320000, 0, 640000, 1);
INSERT INTO sale_items (id, sale_id, variant_id, description, qty, unit_price_cents, line_discount_cents, line_total_cents, qty_returned) VALUES
  (401, 162, 305, 'Chaussures Ville Homme / 44 / Black', 1, 690000, 0, 690000, 0),
  (402, 162, 476, 'Doudoune Homme / M / Black', 2, 870000, 0, 1740000, 0),
  (403, 163, 347, 'Ceinture en Cuir / Brown', 3, 149000, 0, 447000, 0),
  (404, 163, 341, 'Bottines Femme / 44 / Brown', 2, 599000, 0, 1198000, 0),
  (405, 163, 244, 'Pyjama Enfant / XS / Grey', 2, 130000, 0, 260000, 0),
  (406, 163, 126, 'Robe Femme Évasée / XL / Pink', 2, 450000, 0, 900000, 0),
  (407, 164, 171, 'Pull Femme Maille / S / Grey', 3, 340000, 0, 1020000, 0),
  (408, 164, 319, 'Sandales Femme / 42 / Beige', 3, 340000, 0, 1020000, 0),
  (409, 164, 310, 'Sandales Femme / 39 / Beige', 3, 320000, 0, 960000, 0),
  (410, 164, 462, 'Manteau d''Hiver Femme / M / Beige', 3, 1000000, 0, 3000000, 0),
  (411, 165, 24, 'Chemise Homme Manches Longues / L / Blue', 3, 290000, 10000, 860000, 0),
  (412, 165, 485, 'Doudoune Homme / XXL / Black', 2, 870000, 0, 1740000, 0),
  (413, 166, 526, 'Gilet Sans Manches / L / Black', 3, 480000, 0, 1440000, 0),
  (414, 166, 61, 'Jean Slim Homme / XXL / Black', 1, 390000, 0, 390000, 0),
  (415, 167, 424, 'Sous-vêtement Femme / S / Beige', 2, 99000, 0, 198000, 0),
  (416, 167, 341, 'Bottines Femme / 44 / Brown', 2, 599000, 0, 1198000, 0),
  (417, 167, 96, 'Sweat à Capuche Homme / XL / Black', 3, 320000, 0, 960000, 0),
  (418, 168, 168, 'Jean Femme Skinny / XXL / Navy', 2, 380000, 0, 760000, 0),
  (419, 168, 99, 'Short Homme / S / Beige', 3, 170000, 0, 510000, 0),
  (420, 168, 365, 'Survêtement Homme / L / Grey', 2, 450000, 0, 900000, 0),
  (421, 169, 332, 'Bottines Femme / 40 / Black', 1, 599000, 0, 599000, 0),
  (422, 169, 43, 'Polo Homme Piqué / XL / Red', 1, 199000, 15000, 184000, 0),
  (423, 170, 150, 'Jupe Femme Plissée / XL / Grey', 3, 280000, 0, 840000, 0),
  (424, 171, 456, 'Veste en Cuir Homme / XL / Black', 1, 1190000, 0, 1190000, 0),
  (425, 171, 410, 'Chaussettes (lot de 3) / Black', 3, 95000, 0, 285000, 0),
  (426, 171, 293, 'Chaussures Ville Homme / 38 / Black', 3, 690000, 0, 2070000, 0),
  (427, 172, 197, 'Robe Soirée Femme / S / Black', 3, 710000, 0, 2130000, 0),
  (428, 173, 54, 'Jean Slim Homme / L / Navy', 3, 390000, 0, 1170000, 0),
  (429, 173, 224, 'Robe Fille / XS / Pink', 3, 199000, 0, 597000, 0),
  (430, 174, 150, 'Jupe Femme Plissée / XL / Grey', 1, 280000, 0, 280000, 0),
  (431, 175, 468, 'Manteau d''Hiver Femme / XL / Beige', 2, 990000, 0, 1980000, 0),
  (432, 175, 84, 'Pull Homme Col V / XL / Grey', 2, 350000, 0, 700000, 0),
  (433, 175, 98, 'Sweat à Capuche Homme / XL / Navy', 1, 320000, 0, 320000, 0),
  (434, 175, 277, 'Baskets Femme Sneakers / 39 / Black', 1, 509000, 0, 509000, 0),
  (435, 176, 334, 'Bottines Femme / 41 / Black', 1, 599000, 0, 599000, 0),
  (436, 176, 363, 'Survêtement Homme / L / Black', 3, 450000, 0, 1350000, 0),
  (437, 176, 436, 'Maillot de Corps / M / Grey', 3, 85000, 0, 255000, 0),
  (438, 176, 39, 'Polo Homme Piqué / L / Red', 1, 189000, 0, 189000, 0),
  (439, 177, 365, 'Survêtement Homme / L / Grey', 2, 450000, 0, 900000, 0),
  (440, 177, 261, 'Baskets Homme Running / 41 / White', 2, 550000, 0, 1100000, 0),
  (441, 177, 81, 'Pull Homme Col V / L / Grey', 3, 350000, 0, 1050000, 0),
  (442, 177, 197, 'Robe Soirée Femme / S / Black', 1, 710000, 0, 710000, 0),
  (443, 178, 490, 'Blazer Homme / S / Grey', 3, 750000, 0, 2250000, 0),
  (444, 179, 250, 'Pyjama Enfant / M / Grey', 2, 130000, 0, 260000, 0),
  (445, 179, 25, 'Chemise Homme Manches Longues / L / Navy', 3, 290000, 0, 870000, 0),
  (446, 179, 38, 'Polo Homme Piqué / L / White', 1, 199000, 0, 199000, 0),
  (447, 179, 192, 'Cardigan Femme / L / Black', 1, 360000, 5000, 355000, 0),
  (448, 180, 204, 'T-shirt Enfant Imprimé / XS / Blue', 2, 99000, 0, 198000, 0),
  (449, 180, 380, 'Short Sport / XL / Red', 3, 140000, 0, 420000, 0),
  (450, 181, 343, 'Casquette / Navy', 2, 85000, 0, 170000, 0),
  (451, 182, 431, 'Sous-vêtement Femme / L / Pink', 1, 99000, 0, 99000, 0),
  (452, 182, 54, 'Jean Slim Homme / L / Navy', 2, 390000, 0, 780000, 0),
  (453, 182, 148, 'Jupe Femme Plissée / XL / Black', 2, 280000, 0, 560000, 0),
  (454, 183, 36, 'Polo Homme Piqué / M / Green', 3, 199000, 15000, 582000, 0),
  (455, 183, 164, 'Jean Femme Skinny / XL / Black', 2, 380000, 0, 760000, 0),
  (456, 183, 53, 'Jean Slim Homme / M / Blue', 2, 390000, 0, 780000, 0),
  (457, 184, 349, 'Écharpe / Navy', 1, 110000, 0, 110000, 0),
  (458, 184, 164, 'Jean Femme Skinny / XL / Black', 3, 380000, 0, 1140000, 0),
  (459, 185, 426, 'Sous-vêtement Femme / M / White', 3, 99000, 0, 297000, 0),
  (460, 186, 504, 'Trench Femme / L / Beige', 2, 820000, 0, 1640000, 1),
  (461, 187, 224, 'Robe Fille / XS / Pink', 1, 199000, 0, 199000, 0),
  (462, 187, 167, 'Jean Femme Skinny / XXL / Black', 1, 380000, 0, 380000, 0),
  (463, 187, 39, 'Polo Homme Piqué / L / Red', 3, 189000, 0, 567000, 0),
  (464, 187, 280, 'Baskets Femme Sneakers / 40 / Black', 1, 499000, 0, 499000, 0),
  (465, 188, 44, 'Polo Homme Piqué / XL / Green', 1, 199000, 0, 199000, 0),
  (466, 188, 397, 'Débardeur Sport / L / White', 3, 120000, 5000, 355000, 0),
  (467, 188, 437, 'Maillot de Corps / L / White', 1, 85000, 0, 85000, 0),
  (468, 188, 218, 'Pantalon Enfant / S / Navy', 1, 150000, 0, 150000, 0),
  (469, 189, 224, 'Robe Fille / XS / Pink', 3, 199000, 0, 597000, 0),
  (470, 190, 114, 'Robe Femme Évasée / S / Pink', 1, 450000, 0, 450000, 0),
  (471, 190, 132, 'Blouse Femme / M / Beige', 3, 260000, 0, 780000, 0),
  (472, 190, 197, 'Robe Soirée Femme / S / Black', 1, 710000, 0, 710000, 0),
  (473, 190, 466, 'Manteau d''Hiver Femme / L / Navy', 1, 990000, 0, 990000, 0),
  (474, 191, 254, 'Baskets Homme Running / 39 / Black', 1, 550000, 0, 550000, 0),
  (475, 191, 417, 'Boxer Homme (lot de 2) / L / Black', 3, 110000, 0, 330000, 0),
  (476, 191, 235, 'Survêtement Enfant / XS / Red', 3, 270000, 0, 810000, 0),
  (477, 192, 365, 'Survêtement Homme / L / Grey', 3, 450000, 0, 1350000, 0),
  (478, 193, 12, 'T-shirt Homme Col Rond / L / Grey', 2, 150000, 0, 300000, 0),
  (479, 193, 208, 'T-shirt Enfant Imprimé / S / Blue', 3, 99000, 0, 297000, 0),
  (480, 193, 231, 'Robe Fille / M / Red', 3, 199000, 0, 597000, 0),
  (481, 194, 530, 'Gilet Sans Manches / XL / Grey', 1, 490000, 0, 490000, 0),
  (482, 195, 114, 'Robe Femme Évasée / S / Pink', 2, 450000, 0, 900000, 0),
  (483, 195, 139, 'Jupe Femme Plissée / S / Black', 2, 280000, 0, 560000, 0),
  (484, 196, 496, 'Blazer Homme / L / Grey', 3, 750000, 0, 2250000, 0),
  (485, 196, 13, 'T-shirt Homme Col Rond / XL / Black', 3, 150000, 5000, 445000, 0),
  (486, 197, 240, 'Survêtement Enfant / M / Black', 2, 270000, 0, 540000, 0),
  (487, 197, 381, 'Legging Femme Sport / S / Black', 2, 180000, 0, 360000, 0),
  (488, 197, 484, 'Doudoune Homme / XL / Grey', 3, 880000, 15000, 2625000, 0),
  (489, 198, 261, 'Baskets Homme Running / 41 / White', 1, 550000, 0, 550000, 0),
  (490, 198, 91, 'Sweat à Capuche Homme / M / Grey', 3, 320000, 0, 960000, 0),
  (491, 198, 210, 'T-shirt Enfant Imprimé / S / Pink', 1, 99000, 0, 99000, 0),
  (492, 199, 9, 'T-shirt Homme Col Rond / L / Black', 1, 150000, 0, 150000, 0),
  (493, 199, 205, 'T-shirt Enfant Imprimé / XS / Red', 2, 99000, 0, 198000, 0),
  (494, 200, 354, 'Sac à Main Femme / Beige', 2, 390000, 0, 780000, 0),
  (495, 200, 34, 'Polo Homme Piqué / M / White', 1, 209000, 0, 209000, 0),
  (496, 200, 435, 'Maillot de Corps / M / White', 3, 85000, 0, 255000, 0),
  (497, 200, 374, 'Short Sport / M / Red', 2, 140000, 0, 280000, 0),
  (498, 201, 290, 'Baskets Femme Sneakers / 44 / White', 2, 499000, 20000, 978000, 0),
  (499, 201, 129, 'Blouse Femme / S / Beige', 1, 260000, 0, 260000, 0),
  (500, 202, 39, 'Polo Homme Piqué / L / Red', 2, 189000, 15000, 363000, 0),
  (501, 202, 319, 'Sandales Femme / 42 / Beige', 2, 340000, 0, 680000, 0),
  (502, 202, 81, 'Pull Homme Col V / L / Grey', 1, 350000, 5000, 345000, 0),
  (503, 202, 418, 'Boxer Homme (lot de 2) / L / Navy', 1, 110000, 0, 110000, 0),
  (504, 203, 531, 'Gilet Sans Manches / XL / Navy', 3, 490000, 0, 1470000, 0),
  (505, 203, 98, 'Sweat à Capuche Homme / XL / Navy', 3, 320000, 0, 960000, 0),
  (506, 203, 524, 'Gilet Sans Manches / M / Grey', 3, 490000, 0, 1470000, 0),
  (507, 204, 82, 'Pull Homme Col V / L / Navy', 2, 350000, 0, 700000, 0),
  (508, 204, 292, 'Baskets Femme Sneakers / 44 / Black', 1, 509000, 0, 509000, 0),
  (509, 205, 62, 'Jean Slim Homme / XXL / Blue', 3, 390000, 0, 1170000, 0),
  (510, 206, 369, 'Short Sport / S / Black', 2, 160000, 0, 320000, 0),
  (511, 206, 204, 'T-shirt Enfant Imprimé / XS / Blue', 3, 99000, 0, 297000, 0),
  (512, 206, 365, 'Survêtement Homme / L / Grey', 3, 450000, 0, 1350000, 0),
  (513, 206, 497, 'Blazer Homme / XL / Navy', 1, 750000, 0, 750000, 0),
  (514, 207, 74, 'Pantalon Chino Homme / XL / Black', 2, 330000, 10000, 650000, 0),
  (515, 207, 227, 'Robe Fille / S / Pink', 1, 219000, 0, 219000, 0),
  (516, 207, 505, 'Trench Femme / L / Black', 3, 820000, 0, 2460000, 0),
  (517, 208, 385, 'Legging Femme Sport / M / Grey', 2, 180000, 0, 360000, 0),
  (518, 208, 185, 'Cardigan Femme / S / Grey', 3, 360000, 0, 1080000, 0),
  (519, 208, 263, 'Baskets Homme Running / 42 / Black', 1, 550000, 0, 550000, 0),
  (520, 208, 128, 'Blouse Femme / S / Pink', 3, 260000, 0, 780000, 0),
  (521, 209, 216, 'Pantalon Enfant / XS / Grey', 3, 150000, 0, 450000, 0),
  (522, 209, 20, 'Chemise Homme Manches Longues / M / White', 2, 290000, 0, 580000, 0),
  (523, 209, 507, 'Trench Femme / XL / Black', 1, 820000, 0, 820000, 0),
  (524, 209, 411, 'Chaussettes (lot de 3) / White', 2, 75000, 15000, 135000, 0),
  (525, 210, 95, 'Sweat à Capuche Homme / L / Navy', 2, 320000, 0, 640000, 0),
  (526, 210, 247, 'Pyjama Enfant / S / Grey', 3, 130000, 0, 390000, 0),
  (527, 210, 40, 'Polo Homme Piqué / L / Green', 1, 199000, 0, 199000, 0),
  (528, 211, 86, 'Pull Homme Col V / XL / Brown', 2, 350000, 0, 700000, 0),
  (529, 212, 28, 'Chemise Homme Manches Longues / XL / Navy', 2, 290000, 0, 580000, 0),
  (530, 212, 460, 'Manteau d''Hiver Femme / S / Navy', 2, 990000, 0, 1980000, 0),
  (531, 212, 317, 'Sandales Femme / 41 / Black', 2, 320000, 0, 640000, 0),
  (532, 213, 60, 'Jean Slim Homme / XXL / Navy', 3, 390000, 0, 1170000, 0),
  (533, 213, 164, 'Jean Femme Skinny / XL / Black', 3, 380000, 0, 1140000, 0),
  (534, 213, 8, 'T-shirt Homme Col Rond / M / Grey', 2, 150000, 10000, 290000, 0),
  (535, 214, 88, 'Sweat à Capuche Homme / S / Grey', 2, 320000, 0, 640000, 0),
  (536, 214, 173, 'Pull Femme Maille / M / Beige', 3, 340000, 0, 1020000, 0),
  (537, 214, 186, 'Cardigan Femme / S / Black', 2, 360000, 20000, 700000, 0),
  (538, 214, 321, 'Sandales Femme / 42 / Brown', 3, 320000, 0, 960000, 0),
  (539, 215, 455, 'Veste en Cuir Homme / L / Brown', 2, 1190000, 0, 2380000, 0),
  (540, 216, 157, 'Jean Femme Skinny / M / Blue', 1, 380000, 0, 380000, 0),
  (541, 216, 383, 'Legging Femme Sport / S / Navy', 3, 170000, 0, 510000, 0),
  (542, 216, 49, 'Jean Slim Homme / S / Black', 2, 390000, 0, 780000, 0),
  (543, 217, 418, 'Boxer Homme (lot de 2) / L / Navy', 2, 110000, 0, 220000, 0),
  (544, 217, 383, 'Legging Femme Sport / S / Navy', 1, 170000, 0, 170000, 0),
  (545, 217, 205, 'T-shirt Enfant Imprimé / XS / Red', 1, 99000, 0, 99000, 0),
  (546, 218, 240, 'Survêtement Enfant / M / Black', 2, 270000, 10000, 530000, 0),
  (547, 218, 123, 'Robe Femme Évasée / XL / Black', 2, 450000, 10000, 890000, 0),
  (548, 218, 360, 'Survêtement Homme / M / Black', 2, 450000, 0, 900000, 0),
  (549, 219, 253, 'Baskets Homme Running / 38 / Grey', 3, 550000, 0, 1650000, 0),
  (550, 220, 190, 'Cardigan Femme / M / Beige', 3, 360000, 0, 1080000, 0),
  (551, 220, 435, 'Maillot de Corps / M / White', 1, 85000, 5000, 80000, 0),
  (552, 220, 131, 'Blouse Femme / M / Pink', 1, 260000, 0, 260000, 0),
  (553, 220, 490, 'Blazer Homme / S / Grey', 3, 750000, 20000, 2230000, 0),
  (554, 221, 396, 'Débardeur Sport / L / Black', 3, 120000, 0, 360000, 0),
  (555, 221, 510, 'Parka Homme / S / Black', 1, 850000, 10000, 840000, 0),
  (556, 221, 434, 'Maillot de Corps / S / Grey', 3, 85000, 0, 255000, 0),
  (557, 222, 259, 'Baskets Homme Running / 40 / Grey', 1, 550000, 0, 550000, 0),
  (558, 222, 63, 'Pantalon Chino Homme / S / Beige', 2, 350000, 20000, 680000, 0),
  (559, 222, 387, 'Legging Femme Sport / L / Black', 2, 180000, 0, 360000, 0),
  (560, 223, 412, 'Chaussettes (lot de 3) / Grey', 1, 75000, 15000, 60000, 0),
  (561, 223, 35, 'Polo Homme Piqué / M / Red', 2, 199000, 0, 398000, 0),
  (562, 224, 24, 'Chemise Homme Manches Longues / L / Blue', 1, 290000, 0, 290000, 0),
  (563, 224, 404, 'Veste de Sport / M / Black', 1, 390000, 0, 390000, 0),
  (564, 224, 307, 'Sandales Femme / 38 / Beige', 1, 320000, 0, 320000, 0),
  (565, 225, 108, 'Short Homme / XL / Beige', 1, 170000, 0, 170000, 0),
  (566, 225, 345, 'Casquette / White', 1, 85000, 0, 85000, 0),
  (567, 226, 18, 'Chemise Homme Manches Longues / S / Blue', 3, 290000, 0, 870000, 0),
  (568, 226, 65, 'Pantalon Chino Homme / S / Black', 1, 330000, 0, 330000, 0),
  (569, 226, 450, 'Veste en Cuir Homme / S / Black', 1, 1190000, 0, 1190000, 0),
  (570, 226, 454, 'Veste en Cuir Homme / L / Black', 2, 1190000, 5000, 2375000, 0),
  (571, 227, 505, 'Trench Femme / L / Black', 3, 820000, 15000, 2445000, 0),
  (572, 227, 291, 'Baskets Femme Sneakers / 44 / Pink', 3, 499000, 0, 1497000, 0),
  (573, 228, 490, 'Blazer Homme / S / Grey', 1, 750000, 0, 750000, 0),
  (574, 228, 76, 'Pull Homme Col V / S / Navy', 2, 350000, 0, 700000, 0),
  (575, 229, 496, 'Blazer Homme / L / Grey', 3, 750000, 0, 2250000, 0),
  (576, 229, 507, 'Trench Femme / XL / Black', 2, 820000, 0, 1640000, 0),
  (577, 229, 324, 'Sandales Femme / 43 / Brown', 3, 320000, 0, 960000, 0),
  (578, 229, 126, 'Robe Femme Évasée / XL / Pink', 3, 450000, 10000, 1340000, 0),
  (579, 230, 341, 'Bottines Femme / 44 / Brown', 1, 599000, 10000, 589000, 0),
  (580, 230, 24, 'Chemise Homme Manches Longues / L / Blue', 1, 290000, 0, 290000, 0),
  (581, 230, 35, 'Polo Homme Piqué / M / Red', 3, 199000, 5000, 592000, 0),
  (582, 230, 452, 'Veste en Cuir Homme / M / Black', 1, 1200000, 0, 1200000, 0),
  (583, 231, 199, 'Robe Soirée Femme / M / Black', 1, 690000, 0, 690000, 0),
  (584, 231, 334, 'Bottines Femme / 41 / Black', 1, 599000, 0, 599000, 0),
  (585, 231, 97, 'Sweat à Capuche Homme / XL / Grey', 1, 330000, 0, 330000, 0),
  (586, 231, 270, 'Baskets Homme Running / 44 / White', 3, 550000, 0, 1650000, 0),
  (587, 232, 48, 'Jean Slim Homme / S / Navy', 1, 390000, 0, 390000, 0),
  (588, 232, 362, 'Survêtement Homme / M / Grey', 1, 450000, 0, 450000, 0),
  (589, 232, 267, 'Baskets Homme Running / 43 / White', 2, 550000, 0, 1100000, 0),
  (590, 232, 97, 'Sweat à Capuche Homme / XL / Grey', 3, 330000, 5000, 985000, 0),
  (591, 233, 194, 'Cardigan Femme / XL / Grey', 2, 360000, 0, 720000, 0),
  (592, 233, 498, 'Blazer Homme / XL / Black', 3, 750000, 0, 2250000, 0),
  (593, 233, 160, 'Jean Femme Skinny / L / Blue', 3, 380000, 0, 1140000, 0),
  (594, 234, 408, 'Veste de Sport / XL / Black', 3, 390000, 0, 1170000, 0),
  (595, 234, 95, 'Sweat à Capuche Homme / L / Navy', 1, 320000, 0, 320000, 0),
  (596, 234, 35, 'Polo Homme Piqué / M / Red', 3, 199000, 0, 597000, 0),
  (597, 235, 241, 'Survêtement Enfant / M / Red', 1, 270000, 0, 270000, 0),
  (598, 236, 485, 'Doudoune Homme / XXL / Black', 2, 870000, 5000, 1735000, 0),
  (599, 236, 368, 'Survêtement Homme / XL / Grey', 1, 450000, 0, 450000, 0),
  (600, 237, 305, 'Chaussures Ville Homme / 44 / Black', 1, 690000, 0, 690000, 0);
INSERT INTO sale_items (id, sale_id, variant_id, description, qty, unit_price_cents, line_discount_cents, line_total_cents, qty_returned) VALUES
  (601, 237, 202, 'Robe Soirée Femme / L / Red', 1, 690000, 0, 690000, 0),
  (602, 238, 96, 'Sweat à Capuche Homme / XL / Black', 2, 320000, 10000, 630000, 0),
  (603, 238, 160, 'Jean Femme Skinny / L / Blue', 1, 380000, 0, 380000, 0),
  (604, 238, 81, 'Pull Homme Col V / L / Grey', 3, 350000, 0, 1050000, 0),
  (605, 239, 213, 'T-shirt Enfant Imprimé / M / Red', 1, 99000, 20000, 79000, 0),
  (606, 240, 200, 'Robe Soirée Femme / M / Red', 3, 690000, 0, 2070000, 0),
  (607, 241, 38, 'Polo Homme Piqué / L / White', 2, 199000, 0, 398000, 0),
  (608, 241, 492, 'Blazer Homme / M / Black', 2, 750000, 0, 1500000, 0),
  (609, 241, 515, 'Parka Homme / L / Navy', 1, 870000, 0, 870000, 0),
  (610, 242, 490, 'Blazer Homme / S / Grey', 3, 750000, 0, 2250000, 0),
  (611, 243, 352, 'Sac à Main Femme / Black', 1, 390000, 20000, 370000, 0),
  (612, 243, 437, 'Maillot de Corps / L / White', 2, 85000, 0, 170000, 0),
  (613, 243, 200, 'Robe Soirée Femme / M / Red', 3, 690000, 0, 2070000, 0),
  (614, 244, 62, 'Jean Slim Homme / XXL / Blue', 1, 390000, 10000, 380000, 0),
  (615, 245, 382, 'Legging Femme Sport / S / Grey', 2, 180000, 15000, 345000, 0),
  (616, 245, 100, 'Short Homme / S / Navy', 2, 170000, 0, 340000, 0),
  (617, 246, 433, 'Maillot de Corps / S / White', 2, 85000, 0, 170000, 0),
  (618, 246, 491, 'Blazer Homme / M / Navy', 1, 760000, 0, 760000, 0),
  (619, 246, 120, 'Robe Femme Évasée / L / Red', 1, 450000, 0, 450000, 0),
  (620, 246, 253, 'Baskets Homme Running / 38 / Grey', 3, 550000, 0, 1650000, 0),
  (621, 247, 323, 'Sandales Femme / 43 / Black', 2, 320000, 0, 640000, 0),
  (622, 247, 62, 'Jean Slim Homme / XXL / Blue', 1, 390000, 0, 390000, 0),
  (623, 247, 199, 'Robe Soirée Femme / M / Black', 3, 690000, 5000, 2065000, 0),
  (624, 248, 472, 'Doudoune Homme / XS / Grey', 2, 870000, 0, 1740000, 0),
  (625, 248, 431, 'Sous-vêtement Femme / L / Pink', 1, 99000, 0, 99000, 0),
  (626, 249, 196, 'Cardigan Femme / XL / Beige', 3, 360000, 0, 1080000, 0),
  (627, 249, 407, 'Veste de Sport / L / Navy', 1, 390000, 0, 390000, 0),
  (628, 249, 364, 'Survêtement Homme / L / Navy', 3, 450000, 0, 1350000, 0),
  (629, 250, 431, 'Sous-vêtement Femme / L / Pink', 1, 99000, 0, 99000, 0),
  (630, 250, 238, 'Survêtement Enfant / S / Red', 3, 270000, 20000, 790000, 0),
  (631, 250, 205, 'T-shirt Enfant Imprimé / XS / Red', 2, 99000, 5000, 193000, 0),
  (632, 251, 30, 'Polo Homme Piqué / S / White', 3, 199000, 0, 597000, 0),
  (633, 251, 474, 'Doudoune Homme / S / Navy', 1, 870000, 0, 870000, 0),
  (634, 251, 91, 'Sweat à Capuche Homme / M / Grey', 1, 320000, 0, 320000, 0),
  (635, 252, 168, 'Jean Femme Skinny / XXL / Navy', 3, 380000, 0, 1140000, 0),
  (636, 252, 366, 'Survêtement Homme / XL / Black', 1, 450000, 0, 450000, 0),
  (637, 252, 31, 'Polo Homme Piqué / S / Red', 2, 209000, 0, 418000, 0),
  (638, 253, 30, 'Polo Homme Piqué / S / White', 2, 199000, 0, 398000, 0),
  (639, 253, 5, 'T-shirt Homme Col Rond / M / Black', 3, 150000, 0, 450000, 0),
  (640, 254, 317, 'Sandales Femme / 41 / Black', 3, 320000, 0, 960000, 0),
  (641, 254, 26, 'Chemise Homme Manches Longues / XL / White', 2, 290000, 0, 580000, 0),
  (642, 254, 55, 'Jean Slim Homme / L / Black', 3, 390000, 0, 1170000, 0),
  (643, 255, 500, 'Trench Femme / S / Beige', 2, 820000, 0, 1640000, 0),
  (644, 255, 273, 'Baskets Femme Sneakers / 38 / Pink', 3, 499000, 0, 1497000, 0),
  (645, 255, 472, 'Doudoune Homme / XS / Grey', 3, 870000, 0, 2610000, 0),
  (646, 256, 224, 'Robe Fille / XS / Pink', 2, 199000, 0, 398000, 0),
  (647, 256, 67, 'Pantalon Chino Homme / M / Navy', 2, 330000, 15000, 645000, 0),
  (648, 257, 349, 'Écharpe / Navy', 2, 110000, 0, 220000, 0),
  (649, 257, 7, 'T-shirt Homme Col Rond / M / Navy', 3, 150000, 0, 450000, 0),
  (650, 258, 172, 'Pull Femme Maille / S / White', 3, 340000, 0, 1020000, 0),
  (651, 259, 456, 'Veste en Cuir Homme / XL / Black', 3, 1190000, 0, 3570000, 0),
  (652, 259, 59, 'Jean Slim Homme / XL / Blue', 1, 390000, 0, 390000, 0),
  (653, 259, 540, 'Foulard Femme / Beige', 1, 110000, 0, 110000, 0),
  (654, 260, 144, 'Jupe Femme Plissée / M / Grey', 3, 280000, 0, 840000, 0),
  (655, 260, 484, 'Doudoune Homme / XL / Grey', 2, 880000, 10000, 1750000, 0),
  (656, 260, 488, 'Blazer Homme / S / Navy', 3, 750000, 0, 2250000, 0),
  (657, 261, 188, 'Cardigan Femme / M / Grey', 3, 360000, 0, 1080000, 0),
  (658, 261, 187, 'Cardigan Femme / S / Beige', 2, 360000, 20000, 700000, 0),
  (659, 261, 385, 'Legging Femme Sport / M / Grey', 3, 180000, 0, 540000, 0),
  (660, 261, 322, 'Sandales Femme / 43 / Beige', 3, 320000, 0, 960000, 0),
  (661, 262, 228, 'Robe Fille / S / Red', 3, 199000, 15000, 582000, 0),
  (662, 262, 7, 'T-shirt Homme Col Rond / M / Navy', 2, 150000, 15000, 285000, 0),
  (663, 263, 328, 'Bottines Femme / 38 / Black', 3, 599000, 0, 1797000, 0),
  (664, 263, 31, 'Polo Homme Piqué / S / Red', 2, 209000, 0, 418000, 0),
  (665, 263, 297, 'Chaussures Ville Homme / 40 / Black', 1, 680000, 0, 680000, 0),
  (666, 264, 137, 'Blouse Femme / XL / Pink', 3, 250000, 0, 750000, 0),
  (667, 264, 269, 'Baskets Homme Running / 44 / Black', 2, 550000, 0, 1100000, 0),
  (668, 265, 302, 'Chaussures Ville Homme / 42 / Brown', 1, 690000, 0, 690000, 0),
  (669, 265, 81, 'Pull Homme Col V / L / Grey', 2, 350000, 0, 700000, 0),
  (670, 266, 462, 'Manteau d''Hiver Femme / M / Beige', 3, 1000000, 0, 3000000, 0),
  (671, 267, 55, 'Jean Slim Homme / L / Black', 1, 390000, 0, 390000, 0),
  (672, 267, 110, 'Short Homme / XL / Black', 3, 170000, 20000, 490000, 0),
  (673, 267, 427, 'Sous-vêtement Femme / M / Pink', 1, 99000, 0, 99000, 0),
  (674, 267, 518, 'Parka Homme / XL / Navy', 2, 850000, 0, 1700000, 0),
  (675, 268, 371, 'Short Sport / S / Red', 2, 140000, 0, 280000, 0),
  (676, 268, 527, 'Gilet Sans Manches / L / Grey', 1, 490000, 0, 490000, 0),
  (677, 269, 470, 'Doudoune Homme / XS / Black', 1, 870000, 0, 870000, 0),
  (678, 270, 486, 'Doudoune Homme / XXL / Navy', 1, 870000, 0, 870000, 0),
  (679, 270, 261, 'Baskets Homme Running / 41 / White', 2, 550000, 0, 1100000, 0),
  (680, 270, 254, 'Baskets Homme Running / 39 / Black', 1, 550000, 0, 550000, 0),
  (681, 271, 207, 'T-shirt Enfant Imprimé / S / White', 3, 99000, 15000, 282000, 0),
  (682, 271, 432, 'Sous-vêtement Femme / L / Beige', 1, 99000, 0, 99000, 0),
  (683, 272, 72, 'Pantalon Chino Homme / XL / Beige', 1, 330000, 0, 330000, 0),
  (684, 272, 252, 'Baskets Homme Running / 38 / White', 1, 550000, 0, 550000, 0),
  (685, 273, 128, 'Blouse Femme / S / Pink', 2, 260000, 0, 520000, 0),
  (686, 273, 233, 'Survêtement Enfant / XS / Navy', 3, 260000, 0, 780000, 0),
  (687, 273, 69, 'Pantalon Chino Homme / L / Beige', 2, 330000, 5000, 655000, 0),
  (688, 274, 107, 'Short Homme / L / Black', 3, 170000, 0, 510000, 0),
  (689, 274, 252, 'Baskets Homme Running / 38 / White', 3, 550000, 0, 1650000, 0),
  (690, 274, 76, 'Pull Homme Col V / S / Navy', 2, 350000, 0, 700000, 0),
  (691, 275, 490, 'Blazer Homme / S / Grey', 1, 750000, 0, 750000, 0),
  (692, 275, 301, 'Chaussures Ville Homme / 42 / Black', 1, 690000, 0, 690000, 0),
  (693, 275, 149, 'Jupe Femme Plissée / XL / Navy', 1, 280000, 0, 280000, 0),
  (694, 275, 374, 'Short Sport / M / Red', 1, 140000, 0, 140000, 0),
  (695, 276, 151, 'Jean Femme Skinny / XS / Blue', 3, 380000, 0, 1140000, 0),
  (696, 276, 484, 'Doudoune Homme / XL / Grey', 3, 880000, 0, 2640000, 0),
  (697, 276, 110, 'Short Homme / XL / Black', 2, 170000, 0, 340000, 0),
  (698, 277, 346, 'Ceinture en Cuir / Black', 3, 149000, 0, 447000, 0),
  (699, 277, 335, 'Bottines Femme / 41 / Brown', 3, 599000, 0, 1797000, 0),
  (700, 278, 166, 'Jean Femme Skinny / XXL / Blue', 2, 390000, 0, 780000, 0),
  (701, 278, 161, 'Jean Femme Skinny / L / Black', 2, 380000, 0, 760000, 0),
  (702, 278, 291, 'Baskets Femme Sneakers / 44 / Pink', 1, 499000, 0, 499000, 0),
  (703, 278, 365, 'Survêtement Homme / L / Grey', 1, 450000, 0, 450000, 0),
  (704, 279, 3, 'T-shirt Homme Col Rond / S / Navy', 1, 150000, 0, 150000, 0),
  (705, 279, 409, 'Veste de Sport / XL / Navy', 2, 390000, 0, 780000, 0),
  (706, 280, 218, 'Pantalon Enfant / S / Navy', 2, 150000, 0, 300000, 0),
  (707, 281, 44, 'Polo Homme Piqué / XL / Green', 1, 199000, 0, 199000, 0),
  (708, 281, 54, 'Jean Slim Homme / L / Navy', 3, 390000, 0, 1170000, 0),
  (709, 281, 8, 'T-shirt Homme Col Rond / M / Grey', 1, 150000, 0, 150000, 0),
  (710, 282, 142, 'Jupe Femme Plissée / M / Black', 3, 270000, 0, 810000, 0),
  (711, 282, 504, 'Trench Femme / L / Beige', 1, 820000, 0, 820000, 0),
  (712, 282, 288, 'Baskets Femme Sneakers / 43 / Pink', 1, 499000, 0, 499000, 0),
  (713, 283, 153, 'Jean Femme Skinny / XS / Navy', 1, 380000, 20000, 360000, 0),
  (714, 283, 354, 'Sac à Main Femme / Beige', 3, 390000, 0, 1170000, 0),
  (715, 283, 286, 'Baskets Femme Sneakers / 42 / Black', 2, 499000, 0, 998000, 0),
  (716, 284, 130, 'Blouse Femme / M / White', 2, 280000, 15000, 545000, 0),
  (717, 284, 398, 'Débardeur Sport / L / Blue', 1, 120000, 5000, 115000, 0),
  (718, 284, 62, 'Jean Slim Homme / XXL / Blue', 3, 390000, 0, 1170000, 0),
  (719, 284, 52, 'Jean Slim Homme / M / Black', 1, 390000, 10000, 380000, 0),
  (720, 285, 119, 'Robe Femme Évasée / L / Black', 1, 450000, 0, 450000, 0),
  (721, 286, 3, 'T-shirt Homme Col Rond / S / Navy', 2, 150000, 0, 300000, 0),
  (722, 286, 9, 'T-shirt Homme Col Rond / L / Black', 3, 150000, 0, 450000, 0),
  (723, 286, 296, 'Chaussures Ville Homme / 39 / Brown', 2, 690000, 0, 1380000, 0),
  (724, 286, 535, 'Bonnet Laine / Red', 2, 79000, 5000, 153000, 0),
  (725, 287, 203, 'T-shirt Enfant Imprimé / XS / White', 2, 99000, 0, 198000, 0),
  (726, 287, 298, 'Chaussures Ville Homme / 40 / Brown', 1, 690000, 0, 690000, 0);

-- Returns (refunds) + incoming items
INSERT INTO returns (id, code, original_sale_id, kind, return_value_cents, exchange_value_cents, net_cash_cents, note, created_at) VALUES
  (1, 'R-000001', 2, 'refund', 340000, 0, 340000, NULL, '2026-01-11 10:23:29'),
  (2, 'R-000002', 14, 'refund', 550000, 0, 550000, NULL, '2026-01-22 10:03:19'),
  (3, 'R-000003', 35, 'refund', 450000, 0, 450000, NULL, '2026-01-27 01:56:53'),
  (4, 'R-000004', 21, 'refund', 550000, 0, 550000, NULL, '2026-02-08 13:38:40'),
  (5, 'R-000005', 8, 'refund', 110000, 0, 110000, NULL, '2026-02-11 01:21:30'),
  (6, 'R-000006', 55, 'refund', 260000, 0, 260000, 'Article défectueux — non remis en stock', '2026-02-18 19:29:11'),
  (7, 'R-000007', 70, 'refund', 390000, 0, 390000, NULL, '2026-02-17 04:05:45'),
  (8, 'R-000008', 56, 'refund', 110000, 0, 110000, NULL, '2026-03-16 02:20:16'),
  (9, 'R-000009', 20, 'refund', 320000, 0, 320000, NULL, '2026-03-14 11:20:35'),
  (10, 'R-000010', 64, 'refund', 400000, 0, 400000, NULL, '2026-03-30 05:51:51'),
  (11, 'R-000011', 134, 'refund', 450000, 0, 450000, 'Article défectueux — non remis en stock', '2026-04-03 12:09:16'),
  (12, 'R-000012', 89, 'refund', 75000, 0, 75000, NULL, '2026-04-06 02:18:30'),
  (13, 'R-000013', 135, 'refund', 320000, 0, 320000, NULL, '2026-04-19 17:49:09'),
  (14, 'R-000014', 38, 'refund', 99000, 0, 99000, NULL, '2026-04-26 17:21:16'),
  (15, 'R-000015', 103, 'refund', 390000, 0, 390000, NULL, '2026-05-06 11:15:16'),
  (16, 'R-000016', 186, 'refund', 820000, 0, 820000, NULL, '2026-05-09 02:41:26'),
  (17, 'R-000017', 71, 'refund', 140000, 0, 140000, 'Article défectueux — non remis en stock', '2026-05-23 12:39:18'),
  (18, 'R-000018', 161, 'refund', 320000, 0, 320000, NULL, '2026-06-07 22:08:01'),
  (19, 'R-000019', 161, 'refund', 390000, 0, 390000, NULL, '2026-06-04 22:02:04');
INSERT INTO return_in_items (id, return_id, variant_id, sale_item_id, description, qty, unit_price_cents, restock) VALUES
  (1, 1, 181, 4, 'Pull Femme Maille / XL / Beige', 1, 340000, 1),
  (2, 2, 263, 30, 'Baskets Homme Running / 42 / Black', 1, 550000, 1),
  (3, 3, 113, 86, 'Robe Femme Évasée / S / Navy', 1, 450000, 1),
  (4, 4, 257, 46, 'Baskets Homme Running / 40 / Black', 1, 550000, 1),
  (5, 5, 415, 14, 'Boxer Homme (lot de 2) / M / Black', 1, 110000, 1),
  (6, 6, 132, 132, 'Blouse Femme / M / Beige', 1, 260000, 0),
  (7, 7, 166, 165, 'Jean Femme Skinny / XXL / Blue', 1, 390000, 1),
  (8, 8, 541, 135, 'Foulard Femme / Navy', 1, 110000, 1),
  (9, 9, 327, 44, 'Sandales Femme / 44 / Brown', 1, 320000, 1),
  (10, 10, 47, 150, 'Jean Slim Homme / XS / Blue', 1, 400000, 1),
  (11, 11, 113, 333, 'Robe Femme Évasée / S / Navy', 1, 450000, 0),
  (12, 12, 412, 215, 'Chaussettes (lot de 3) / Grey', 1, 75000, 1),
  (13, 13, 92, 334, 'Sweat à Capuche Homme / M / Navy', 1, 320000, 1),
  (14, 14, 208, 91, 'T-shirt Enfant Imprimé / S / Blue', 1, 99000, 1),
  (15, 15, 52, 253, 'Jean Slim Homme / M / Black', 1, 390000, 1),
  (16, 16, 504, 460, 'Trench Femme / L / Beige', 1, 820000, 1),
  (17, 17, 370, 168, 'Short Sport / S / Navy', 1, 140000, 0),
  (18, 18, 317, 400, 'Sandales Femme / 41 / Black', 1, 320000, 1),
  (19, 19, 60, 399, 'Jean Slim Homme / XXL / Navy', 1, 390000, 1);

-- Inventory ledger (append-only signed deltas; sum == variants.stock)
INSERT INTO inventory_movements (id, variant_id, delta, reason, ref_type, ref_id, note, created_at) VALUES
  (1, 1, 28, 'receiving', 'purchase', 1, 'A-000001', '2026-01-02 10:00:00'),
  (2, 2, 20, 'receiving', 'purchase', 1, 'A-000001', '2026-01-02 10:00:00'),
  (3, 3, 16, 'receiving', 'purchase', 1, 'A-000001', '2026-01-02 10:00:00'),
  (4, 4, 26, 'receiving', 'purchase', 1, 'A-000001', '2026-01-02 10:00:00'),
  (5, 5, 18, 'receiving', 'purchase', 1, 'A-000001', '2026-01-02 10:00:00'),
  (6, 6, 20, 'receiving', 'purchase', 1, 'A-000001', '2026-01-02 10:00:00'),
  (7, 7, 18, 'receiving', 'purchase', 1, 'A-000001', '2026-01-02 10:00:00'),
  (8, 8, 28, 'receiving', 'purchase', 1, 'A-000001', '2026-01-02 10:00:00'),
  (9, 9, 36, 'receiving', 'purchase', 1, 'A-000001', '2026-01-02 10:00:00'),
  (10, 10, 29, 'receiving', 'purchase', 1, 'A-000001', '2026-01-02 10:00:00'),
  (11, 11, 23, 'receiving', 'purchase', 1, 'A-000001', '2026-01-02 10:00:00'),
  (12, 12, 28, 'receiving', 'purchase', 1, 'A-000001', '2026-01-02 10:00:00'),
  (13, 13, 36, 'receiving', 'purchase', 1, 'A-000001', '2026-01-02 10:00:00'),
  (14, 14, 22, 'receiving', 'purchase', 1, 'A-000001', '2026-01-02 10:00:00'),
  (15, 15, 29, 'receiving', 'purchase', 1, 'A-000001', '2026-01-02 10:00:00'),
  (16, 16, 26, 'receiving', 'purchase', 1, 'A-000001', '2026-01-02 10:00:00'),
  (17, 29, 29, 'receiving', 'purchase', 1, 'A-000001', '2026-01-02 10:00:00'),
  (18, 30, 28, 'receiving', 'purchase', 1, 'A-000001', '2026-01-02 10:00:00'),
  (19, 31, 26, 'receiving', 'purchase', 1, 'A-000001', '2026-01-02 10:00:00'),
  (20, 32, 15, 'receiving', 'purchase', 1, 'A-000001', '2026-01-02 10:00:00'),
  (21, 33, 17, 'receiving', 'purchase', 1, 'A-000001', '2026-01-02 10:00:00'),
  (22, 34, 24, 'receiving', 'purchase', 1, 'A-000001', '2026-01-02 10:00:00'),
  (23, 35, 14, 'receiving', 'purchase', 1, 'A-000001', '2026-01-02 10:00:00'),
  (24, 36, 29, 'receiving', 'purchase', 1, 'A-000001', '2026-01-02 10:00:00'),
  (25, 37, 20, 'receiving', 'purchase', 1, 'A-000001', '2026-01-02 10:00:00'),
  (26, 38, 18, 'receiving', 'purchase', 1, 'A-000001', '2026-01-02 10:00:00'),
  (27, 39, 14, 'receiving', 'purchase', 1, 'A-000001', '2026-01-02 10:00:00'),
  (28, 40, 16, 'receiving', 'purchase', 1, 'A-000001', '2026-01-02 10:00:00'),
  (29, 41, 18, 'receiving', 'purchase', 1, 'A-000001', '2026-01-02 10:00:00'),
  (30, 42, 18, 'receiving', 'purchase', 1, 'A-000001', '2026-01-02 10:00:00'),
  (31, 43, 22, 'receiving', 'purchase', 1, 'A-000001', '2026-01-02 10:00:00'),
  (32, 44, 20, 'receiving', 'purchase', 1, 'A-000001', '2026-01-02 10:00:00'),
  (33, 203, 29, 'receiving', 'purchase', 1, 'A-000001', '2026-01-02 10:00:00'),
  (34, 204, 27, 'receiving', 'purchase', 1, 'A-000001', '2026-01-02 10:00:00'),
  (35, 205, 25, 'receiving', 'purchase', 1, 'A-000001', '2026-01-02 10:00:00'),
  (36, 206, 28, 'receiving', 'purchase', 1, 'A-000001', '2026-01-02 10:00:00'),
  (37, 207, 28, 'receiving', 'purchase', 1, 'A-000001', '2026-01-02 10:00:00'),
  (38, 208, 30, 'receiving', 'purchase', 1, 'A-000001', '2026-01-02 10:00:00'),
  (39, 209, 31, 'receiving', 'purchase', 1, 'A-000001', '2026-01-02 10:00:00'),
  (40, 210, 22, 'receiving', 'purchase', 1, 'A-000001', '2026-01-02 10:00:00'),
  (41, 211, 16, 'receiving', 'purchase', 1, 'A-000001', '2026-01-02 10:00:00'),
  (42, 212, 23, 'receiving', 'purchase', 1, 'A-000001', '2026-01-02 10:00:00'),
  (43, 213, 35, 'receiving', 'purchase', 1, 'A-000001', '2026-01-02 10:00:00'),
  (44, 214, 30, 'receiving', 'purchase', 1, 'A-000001', '2026-01-02 10:00:00'),
  (45, 17, 15, 'receiving', 'purchase', 2, 'A-000002', '2026-01-02 10:00:00'),
  (46, 18, 17, 'receiving', 'purchase', 2, 'A-000002', '2026-01-02 10:00:00'),
  (47, 19, 16, 'receiving', 'purchase', 2, 'A-000002', '2026-01-02 10:00:00'),
  (48, 20, 15, 'receiving', 'purchase', 2, 'A-000002', '2026-01-02 10:00:00'),
  (49, 21, 24, 'receiving', 'purchase', 2, 'A-000002', '2026-01-02 10:00:00'),
  (50, 22, 38, 'receiving', 'purchase', 2, 'A-000002', '2026-01-02 10:00:00'),
  (51, 23, 19, 'receiving', 'purchase', 2, 'A-000002', '2026-01-02 10:00:00'),
  (52, 24, 32, 'receiving', 'purchase', 2, 'A-000002', '2026-01-02 10:00:00'),
  (53, 25, 22, 'receiving', 'purchase', 2, 'A-000002', '2026-01-02 10:00:00'),
  (54, 26, 38, 'receiving', 'purchase', 2, 'A-000002', '2026-01-02 10:00:00'),
  (55, 27, 16, 'receiving', 'purchase', 2, 'A-000002', '2026-01-02 10:00:00'),
  (56, 28, 27, 'receiving', 'purchase', 2, 'A-000002', '2026-01-02 10:00:00'),
  (57, 63, 18, 'receiving', 'purchase', 2, 'A-000002', '2026-01-02 10:00:00'),
  (58, 64, 15, 'receiving', 'purchase', 2, 'A-000002', '2026-01-02 10:00:00'),
  (59, 65, 20, 'receiving', 'purchase', 2, 'A-000002', '2026-01-02 10:00:00'),
  (60, 66, 33, 'receiving', 'purchase', 2, 'A-000002', '2026-01-02 10:00:00'),
  (61, 67, 18, 'receiving', 'purchase', 2, 'A-000002', '2026-01-02 10:00:00'),
  (62, 68, 35, 'receiving', 'purchase', 2, 'A-000002', '2026-01-02 10:00:00'),
  (63, 69, 21, 'receiving', 'purchase', 2, 'A-000002', '2026-01-02 10:00:00'),
  (64, 70, 17, 'receiving', 'purchase', 2, 'A-000002', '2026-01-02 10:00:00'),
  (65, 71, 20, 'receiving', 'purchase', 2, 'A-000002', '2026-01-02 10:00:00'),
  (66, 72, 22, 'receiving', 'purchase', 2, 'A-000002', '2026-01-02 10:00:00'),
  (67, 73, 27, 'receiving', 'purchase', 2, 'A-000002', '2026-01-02 10:00:00'),
  (68, 74, 18, 'receiving', 'purchase', 2, 'A-000002', '2026-01-02 10:00:00'),
  (69, 99, 29, 'receiving', 'purchase', 2, 'A-000002', '2026-01-02 10:00:00'),
  (70, 100, 29, 'receiving', 'purchase', 2, 'A-000002', '2026-01-02 10:00:00'),
  (71, 101, 35, 'receiving', 'purchase', 2, 'A-000002', '2026-01-02 10:00:00'),
  (72, 102, 31, 'receiving', 'purchase', 2, 'A-000002', '2026-01-02 10:00:00'),
  (73, 103, 18, 'receiving', 'purchase', 2, 'A-000002', '2026-01-02 10:00:00'),
  (74, 104, 27, 'receiving', 'purchase', 2, 'A-000002', '2026-01-02 10:00:00'),
  (75, 105, 27, 'receiving', 'purchase', 2, 'A-000002', '2026-01-02 10:00:00'),
  (76, 106, 37, 'receiving', 'purchase', 2, 'A-000002', '2026-01-02 10:00:00'),
  (77, 107, 25, 'receiving', 'purchase', 2, 'A-000002', '2026-01-02 10:00:00'),
  (78, 108, 25, 'receiving', 'purchase', 2, 'A-000002', '2026-01-02 10:00:00'),
  (79, 109, 21, 'receiving', 'purchase', 2, 'A-000002', '2026-01-02 10:00:00'),
  (80, 110, 25, 'receiving', 'purchase', 2, 'A-000002', '2026-01-02 10:00:00'),
  (81, 127, 14, 'receiving', 'purchase', 2, 'A-000002', '2026-01-02 10:00:00'),
  (82, 128, 16, 'receiving', 'purchase', 2, 'A-000002', '2026-01-02 10:00:00'),
  (83, 129, 19, 'receiving', 'purchase', 2, 'A-000002', '2026-01-02 10:00:00'),
  (84, 130, 24, 'receiving', 'purchase', 2, 'A-000002', '2026-01-02 10:00:00'),
  (85, 131, 38, 'receiving', 'purchase', 2, 'A-000002', '2026-01-02 10:00:00'),
  (86, 132, 19, 'receiving', 'purchase', 2, 'A-000002', '2026-01-02 10:00:00'),
  (87, 133, 23, 'receiving', 'purchase', 2, 'A-000002', '2026-01-02 10:00:00'),
  (88, 134, 26, 'receiving', 'purchase', 2, 'A-000002', '2026-01-02 10:00:00'),
  (89, 135, 34, 'receiving', 'purchase', 2, 'A-000002', '2026-01-02 10:00:00'),
  (90, 136, 20, 'receiving', 'purchase', 2, 'A-000002', '2026-01-02 10:00:00'),
  (91, 137, 30, 'receiving', 'purchase', 2, 'A-000002', '2026-01-02 10:00:00'),
  (92, 138, 22, 'receiving', 'purchase', 2, 'A-000002', '2026-01-02 10:00:00'),
  (93, 215, 34, 'receiving', 'purchase', 2, 'A-000002', '2026-01-02 10:00:00'),
  (94, 216, 33, 'receiving', 'purchase', 2, 'A-000002', '2026-01-02 10:00:00'),
  (95, 217, 31, 'receiving', 'purchase', 2, 'A-000002', '2026-01-02 10:00:00'),
  (96, 218, 28, 'receiving', 'purchase', 2, 'A-000002', '2026-01-02 10:00:00'),
  (97, 219, 19, 'receiving', 'purchase', 2, 'A-000002', '2026-01-02 10:00:00'),
  (98, 220, 23, 'receiving', 'purchase', 2, 'A-000002', '2026-01-02 10:00:00'),
  (99, 221, 36, 'receiving', 'purchase', 2, 'A-000002', '2026-01-02 10:00:00'),
  (100, 222, 28, 'receiving', 'purchase', 2, 'A-000002', '2026-01-02 10:00:00'),
  (101, 223, 36, 'receiving', 'purchase', 2, 'A-000002', '2026-01-02 10:00:00'),
  (102, 488, 22, 'receiving', 'purchase', 2, 'A-000002', '2026-01-02 10:00:00'),
  (103, 489, 18, 'receiving', 'purchase', 2, 'A-000002', '2026-01-02 10:00:00'),
  (104, 490, 17, 'receiving', 'purchase', 2, 'A-000002', '2026-01-02 10:00:00'),
  (105, 491, 24, 'receiving', 'purchase', 2, 'A-000002', '2026-01-02 10:00:00'),
  (106, 492, 25, 'receiving', 'purchase', 2, 'A-000002', '2026-01-02 10:00:00'),
  (107, 493, 19, 'receiving', 'purchase', 2, 'A-000002', '2026-01-02 10:00:00'),
  (108, 494, 29, 'receiving', 'purchase', 2, 'A-000002', '2026-01-02 10:00:00'),
  (109, 495, 25, 'receiving', 'purchase', 2, 'A-000002', '2026-01-02 10:00:00'),
  (110, 496, 29, 'receiving', 'purchase', 2, 'A-000002', '2026-01-02 10:00:00'),
  (111, 497, 17, 'receiving', 'purchase', 2, 'A-000002', '2026-01-02 10:00:00'),
  (112, 498, 29, 'receiving', 'purchase', 2, 'A-000002', '2026-01-02 10:00:00'),
  (113, 499, 19, 'receiving', 'purchase', 2, 'A-000002', '2026-01-02 10:00:00'),
  (114, 45, 19, 'receiving', 'purchase', 3, 'A-000003', '2026-01-02 10:00:00'),
  (115, 46, 24, 'receiving', 'purchase', 3, 'A-000003', '2026-01-02 10:00:00'),
  (116, 47, 21, 'receiving', 'purchase', 3, 'A-000003', '2026-01-02 10:00:00'),
  (117, 48, 37, 'receiving', 'purchase', 3, 'A-000003', '2026-01-02 10:00:00'),
  (118, 49, 22, 'receiving', 'purchase', 3, 'A-000003', '2026-01-02 10:00:00'),
  (119, 50, 24, 'receiving', 'purchase', 3, 'A-000003', '2026-01-02 10:00:00'),
  (120, 51, 16, 'receiving', 'purchase', 3, 'A-000003', '2026-01-02 10:00:00'),
  (121, 52, 14, 'receiving', 'purchase', 3, 'A-000003', '2026-01-02 10:00:00'),
  (122, 53, 35, 'receiving', 'purchase', 3, 'A-000003', '2026-01-02 10:00:00'),
  (123, 54, 33, 'receiving', 'purchase', 3, 'A-000003', '2026-01-02 10:00:00'),
  (124, 55, 16, 'receiving', 'purchase', 3, 'A-000003', '2026-01-02 10:00:00'),
  (125, 56, 32, 'receiving', 'purchase', 3, 'A-000003', '2026-01-02 10:00:00'),
  (126, 57, 22, 'receiving', 'purchase', 3, 'A-000003', '2026-01-02 10:00:00'),
  (127, 58, 16, 'receiving', 'purchase', 3, 'A-000003', '2026-01-02 10:00:00'),
  (128, 59, 18, 'receiving', 'purchase', 3, 'A-000003', '2026-01-02 10:00:00'),
  (129, 60, 22, 'receiving', 'purchase', 3, 'A-000003', '2026-01-02 10:00:00'),
  (130, 61, 35, 'receiving', 'purchase', 3, 'A-000003', '2026-01-02 10:00:00'),
  (131, 62, 17, 'receiving', 'purchase', 3, 'A-000003', '2026-01-02 10:00:00'),
  (132, 151, 29, 'receiving', 'purchase', 3, 'A-000003', '2026-01-02 10:00:00'),
  (133, 152, 34, 'receiving', 'purchase', 3, 'A-000003', '2026-01-02 10:00:00'),
  (134, 153, 33, 'receiving', 'purchase', 3, 'A-000003', '2026-01-02 10:00:00'),
  (135, 154, 36, 'receiving', 'purchase', 3, 'A-000003', '2026-01-02 10:00:00'),
  (136, 155, 15, 'receiving', 'purchase', 3, 'A-000003', '2026-01-02 10:00:00'),
  (137, 156, 30, 'receiving', 'purchase', 3, 'A-000003', '2026-01-02 10:00:00'),
  (138, 157, 38, 'receiving', 'purchase', 3, 'A-000003', '2026-01-02 10:00:00'),
  (139, 158, 19, 'receiving', 'purchase', 3, 'A-000003', '2026-01-02 10:00:00'),
  (140, 159, 19, 'receiving', 'purchase', 3, 'A-000003', '2026-01-02 10:00:00'),
  (141, 160, 26, 'receiving', 'purchase', 3, 'A-000003', '2026-01-02 10:00:00'),
  (142, 161, 34, 'receiving', 'purchase', 3, 'A-000003', '2026-01-02 10:00:00'),
  (143, 162, 29, 'receiving', 'purchase', 3, 'A-000003', '2026-01-02 10:00:00'),
  (144, 163, 18, 'receiving', 'purchase', 3, 'A-000003', '2026-01-02 10:00:00'),
  (145, 164, 33, 'receiving', 'purchase', 3, 'A-000003', '2026-01-02 10:00:00'),
  (146, 165, 35, 'receiving', 'purchase', 3, 'A-000003', '2026-01-02 10:00:00'),
  (147, 166, 31, 'receiving', 'purchase', 3, 'A-000003', '2026-01-02 10:00:00'),
  (148, 167, 30, 'receiving', 'purchase', 3, 'A-000003', '2026-01-02 10:00:00'),
  (149, 168, 16, 'receiving', 'purchase', 3, 'A-000003', '2026-01-02 10:00:00'),
  (150, 111, 36, 'receiving', 'purchase', 4, 'A-000004', '2026-01-02 10:00:00'),
  (151, 112, 32, 'receiving', 'purchase', 4, 'A-000004', '2026-01-02 10:00:00'),
  (152, 113, 33, 'receiving', 'purchase', 4, 'A-000004', '2026-01-02 10:00:00'),
  (153, 114, 16, 'receiving', 'purchase', 4, 'A-000004', '2026-01-02 10:00:00'),
  (154, 115, 25, 'receiving', 'purchase', 4, 'A-000004', '2026-01-02 10:00:00'),
  (155, 116, 16, 'receiving', 'purchase', 4, 'A-000004', '2026-01-02 10:00:00'),
  (156, 117, 32, 'receiving', 'purchase', 4, 'A-000004', '2026-01-02 10:00:00'),
  (157, 118, 22, 'receiving', 'purchase', 4, 'A-000004', '2026-01-02 10:00:00'),
  (158, 119, 34, 'receiving', 'purchase', 4, 'A-000004', '2026-01-02 10:00:00'),
  (159, 120, 31, 'receiving', 'purchase', 4, 'A-000004', '2026-01-02 10:00:00'),
  (160, 121, 20, 'receiving', 'purchase', 4, 'A-000004', '2026-01-02 10:00:00'),
  (161, 122, 36, 'receiving', 'purchase', 4, 'A-000004', '2026-01-02 10:00:00'),
  (162, 123, 17, 'receiving', 'purchase', 4, 'A-000004', '2026-01-02 10:00:00'),
  (163, 124, 14, 'receiving', 'purchase', 4, 'A-000004', '2026-01-02 10:00:00'),
  (164, 125, 36, 'receiving', 'purchase', 4, 'A-000004', '2026-01-02 10:00:00'),
  (165, 126, 24, 'receiving', 'purchase', 4, 'A-000004', '2026-01-02 10:00:00'),
  (166, 139, 21, 'receiving', 'purchase', 4, 'A-000004', '2026-01-02 10:00:00'),
  (167, 140, 30, 'receiving', 'purchase', 4, 'A-000004', '2026-01-02 10:00:00'),
  (168, 141, 35, 'receiving', 'purchase', 4, 'A-000004', '2026-01-02 10:00:00'),
  (169, 142, 25, 'receiving', 'purchase', 4, 'A-000004', '2026-01-02 10:00:00'),
  (170, 143, 33, 'receiving', 'purchase', 4, 'A-000004', '2026-01-02 10:00:00'),
  (171, 144, 19, 'receiving', 'purchase', 4, 'A-000004', '2026-01-02 10:00:00'),
  (172, 145, 26, 'receiving', 'purchase', 4, 'A-000004', '2026-01-02 10:00:00'),
  (173, 146, 18, 'receiving', 'purchase', 4, 'A-000004', '2026-01-02 10:00:00'),
  (174, 147, 26, 'receiving', 'purchase', 4, 'A-000004', '2026-01-02 10:00:00'),
  (175, 148, 31, 'receiving', 'purchase', 4, 'A-000004', '2026-01-02 10:00:00'),
  (176, 149, 30, 'receiving', 'purchase', 4, 'A-000004', '2026-01-02 10:00:00'),
  (177, 150, 27, 'receiving', 'purchase', 4, 'A-000004', '2026-01-02 10:00:00'),
  (178, 197, 38, 'receiving', 'purchase', 4, 'A-000004', '2026-01-02 10:00:00'),
  (179, 198, 25, 'receiving', 'purchase', 4, 'A-000004', '2026-01-02 10:00:00'),
  (180, 199, 30, 'receiving', 'purchase', 4, 'A-000004', '2026-01-02 10:00:00'),
  (181, 200, 22, 'receiving', 'purchase', 4, 'A-000004', '2026-01-02 10:00:00'),
  (182, 201, 24, 'receiving', 'purchase', 4, 'A-000004', '2026-01-02 10:00:00'),
  (183, 202, 35, 'receiving', 'purchase', 4, 'A-000004', '2026-01-02 10:00:00'),
  (184, 224, 29, 'receiving', 'purchase', 4, 'A-000004', '2026-01-02 10:00:00'),
  (185, 225, 34, 'receiving', 'purchase', 4, 'A-000004', '2026-01-02 10:00:00'),
  (186, 226, 33, 'receiving', 'purchase', 4, 'A-000004', '2026-01-02 10:00:00'),
  (187, 227, 22, 'receiving', 'purchase', 4, 'A-000004', '2026-01-02 10:00:00'),
  (188, 228, 17, 'receiving', 'purchase', 4, 'A-000004', '2026-01-02 10:00:00'),
  (189, 229, 20, 'receiving', 'purchase', 4, 'A-000004', '2026-01-02 10:00:00'),
  (190, 230, 23, 'receiving', 'purchase', 4, 'A-000004', '2026-01-02 10:00:00'),
  (191, 231, 18, 'receiving', 'purchase', 4, 'A-000004', '2026-01-02 10:00:00'),
  (192, 232, 16, 'receiving', 'purchase', 4, 'A-000004', '2026-01-02 10:00:00'),
  (193, 538, 35, 'receiving', 'purchase', 4, 'A-000004', '2026-01-02 10:00:00'),
  (194, 539, 26, 'receiving', 'purchase', 4, 'A-000004', '2026-01-02 10:00:00'),
  (195, 540, 31, 'receiving', 'purchase', 4, 'A-000004', '2026-01-02 10:00:00'),
  (196, 541, 26, 'receiving', 'purchase', 4, 'A-000004', '2026-01-02 10:00:00'),
  (197, 251, 21, 'receiving', 'purchase', 5, 'A-000005', '2026-01-02 10:00:00'),
  (198, 252, 31, 'receiving', 'purchase', 5, 'A-000005', '2026-01-02 10:00:00'),
  (199, 253, 17, 'receiving', 'purchase', 5, 'A-000005', '2026-01-02 10:00:00'),
  (200, 254, 14, 'receiving', 'purchase', 5, 'A-000005', '2026-01-02 10:00:00');
INSERT INTO inventory_movements (id, variant_id, delta, reason, ref_type, ref_id, note, created_at) VALUES
  (201, 255, 17, 'receiving', 'purchase', 5, 'A-000005', '2026-01-02 10:00:00'),
  (202, 256, 38, 'receiving', 'purchase', 5, 'A-000005', '2026-01-02 10:00:00'),
  (203, 257, 26, 'receiving', 'purchase', 5, 'A-000005', '2026-01-02 10:00:00'),
  (204, 258, 29, 'receiving', 'purchase', 5, 'A-000005', '2026-01-02 10:00:00'),
  (205, 259, 16, 'receiving', 'purchase', 5, 'A-000005', '2026-01-02 10:00:00'),
  (206, 260, 35, 'receiving', 'purchase', 5, 'A-000005', '2026-01-02 10:00:00'),
  (207, 261, 31, 'receiving', 'purchase', 5, 'A-000005', '2026-01-02 10:00:00'),
  (208, 262, 27, 'receiving', 'purchase', 5, 'A-000005', '2026-01-02 10:00:00'),
  (209, 263, 25, 'receiving', 'purchase', 5, 'A-000005', '2026-01-02 10:00:00'),
  (210, 264, 36, 'receiving', 'purchase', 5, 'A-000005', '2026-01-02 10:00:00'),
  (211, 265, 32, 'receiving', 'purchase', 5, 'A-000005', '2026-01-02 10:00:00'),
  (212, 266, 32, 'receiving', 'purchase', 5, 'A-000005', '2026-01-02 10:00:00'),
  (213, 267, 27, 'receiving', 'purchase', 5, 'A-000005', '2026-01-02 10:00:00'),
  (214, 268, 38, 'receiving', 'purchase', 5, 'A-000005', '2026-01-02 10:00:00'),
  (215, 269, 21, 'receiving', 'purchase', 5, 'A-000005', '2026-01-02 10:00:00'),
  (216, 270, 36, 'receiving', 'purchase', 5, 'A-000005', '2026-01-02 10:00:00'),
  (217, 271, 17, 'receiving', 'purchase', 5, 'A-000005', '2026-01-02 10:00:00'),
  (218, 272, 15, 'receiving', 'purchase', 5, 'A-000005', '2026-01-02 10:00:00'),
  (219, 273, 37, 'receiving', 'purchase', 5, 'A-000005', '2026-01-02 10:00:00'),
  (220, 274, 25, 'receiving', 'purchase', 5, 'A-000005', '2026-01-02 10:00:00'),
  (221, 275, 25, 'receiving', 'purchase', 5, 'A-000005', '2026-01-02 10:00:00'),
  (222, 276, 23, 'receiving', 'purchase', 5, 'A-000005', '2026-01-02 10:00:00'),
  (223, 277, 22, 'receiving', 'purchase', 5, 'A-000005', '2026-01-02 10:00:00'),
  (224, 278, 23, 'receiving', 'purchase', 5, 'A-000005', '2026-01-02 10:00:00'),
  (225, 279, 34, 'receiving', 'purchase', 5, 'A-000005', '2026-01-02 10:00:00'),
  (226, 280, 19, 'receiving', 'purchase', 5, 'A-000005', '2026-01-02 10:00:00'),
  (227, 281, 31, 'receiving', 'purchase', 5, 'A-000005', '2026-01-02 10:00:00'),
  (228, 282, 19, 'receiving', 'purchase', 5, 'A-000005', '2026-01-02 10:00:00'),
  (229, 283, 19, 'receiving', 'purchase', 5, 'A-000005', '2026-01-02 10:00:00'),
  (230, 284, 17, 'receiving', 'purchase', 5, 'A-000005', '2026-01-02 10:00:00'),
  (231, 285, 23, 'receiving', 'purchase', 5, 'A-000005', '2026-01-02 10:00:00'),
  (232, 286, 36, 'receiving', 'purchase', 5, 'A-000005', '2026-01-02 10:00:00'),
  (233, 287, 28, 'receiving', 'purchase', 5, 'A-000005', '2026-01-02 10:00:00'),
  (234, 288, 30, 'receiving', 'purchase', 5, 'A-000005', '2026-01-02 10:00:00'),
  (235, 289, 28, 'receiving', 'purchase', 5, 'A-000005', '2026-01-02 10:00:00'),
  (236, 290, 23, 'receiving', 'purchase', 5, 'A-000005', '2026-01-02 10:00:00'),
  (237, 291, 14, 'receiving', 'purchase', 5, 'A-000005', '2026-01-02 10:00:00'),
  (238, 292, 29, 'receiving', 'purchase', 5, 'A-000005', '2026-01-02 10:00:00'),
  (239, 307, 36, 'receiving', 'purchase', 5, 'A-000005', '2026-01-02 10:00:00'),
  (240, 308, 19, 'receiving', 'purchase', 5, 'A-000005', '2026-01-02 10:00:00'),
  (241, 309, 34, 'receiving', 'purchase', 5, 'A-000005', '2026-01-02 10:00:00'),
  (242, 310, 29, 'receiving', 'purchase', 5, 'A-000005', '2026-01-02 10:00:00'),
  (243, 311, 19, 'receiving', 'purchase', 5, 'A-000005', '2026-01-02 10:00:00'),
  (244, 312, 17, 'receiving', 'purchase', 5, 'A-000005', '2026-01-02 10:00:00'),
  (245, 313, 24, 'receiving', 'purchase', 5, 'A-000005', '2026-01-02 10:00:00'),
  (246, 314, 38, 'receiving', 'purchase', 5, 'A-000005', '2026-01-02 10:00:00'),
  (247, 315, 14, 'receiving', 'purchase', 5, 'A-000005', '2026-01-02 10:00:00'),
  (248, 316, 36, 'receiving', 'purchase', 5, 'A-000005', '2026-01-02 10:00:00'),
  (249, 317, 38, 'receiving', 'purchase', 5, 'A-000005', '2026-01-02 10:00:00'),
  (250, 318, 17, 'receiving', 'purchase', 5, 'A-000005', '2026-01-02 10:00:00'),
  (251, 319, 27, 'receiving', 'purchase', 5, 'A-000005', '2026-01-02 10:00:00'),
  (252, 320, 33, 'receiving', 'purchase', 5, 'A-000005', '2026-01-02 10:00:00'),
  (253, 321, 26, 'receiving', 'purchase', 5, 'A-000005', '2026-01-02 10:00:00'),
  (254, 322, 15, 'receiving', 'purchase', 5, 'A-000005', '2026-01-02 10:00:00'),
  (255, 323, 27, 'receiving', 'purchase', 5, 'A-000005', '2026-01-02 10:00:00'),
  (256, 324, 24, 'receiving', 'purchase', 5, 'A-000005', '2026-01-02 10:00:00'),
  (257, 325, 33, 'receiving', 'purchase', 5, 'A-000005', '2026-01-02 10:00:00'),
  (258, 326, 24, 'receiving', 'purchase', 5, 'A-000005', '2026-01-02 10:00:00'),
  (259, 327, 36, 'receiving', 'purchase', 5, 'A-000005', '2026-01-02 10:00:00'),
  (260, 293, 20, 'receiving', 'purchase', 6, 'A-000006', '2026-01-02 10:00:00'),
  (261, 294, 35, 'receiving', 'purchase', 6, 'A-000006', '2026-01-02 10:00:00'),
  (262, 295, 29, 'receiving', 'purchase', 6, 'A-000006', '2026-01-02 10:00:00'),
  (263, 296, 23, 'receiving', 'purchase', 6, 'A-000006', '2026-01-02 10:00:00'),
  (264, 297, 27, 'receiving', 'purchase', 6, 'A-000006', '2026-01-02 10:00:00'),
  (265, 298, 33, 'receiving', 'purchase', 6, 'A-000006', '2026-01-02 10:00:00'),
  (266, 299, 32, 'receiving', 'purchase', 6, 'A-000006', '2026-01-02 10:00:00'),
  (267, 300, 33, 'receiving', 'purchase', 6, 'A-000006', '2026-01-02 10:00:00'),
  (268, 301, 30, 'receiving', 'purchase', 6, 'A-000006', '2026-01-02 10:00:00'),
  (269, 302, 34, 'receiving', 'purchase', 6, 'A-000006', '2026-01-02 10:00:00'),
  (270, 303, 20, 'receiving', 'purchase', 6, 'A-000006', '2026-01-02 10:00:00'),
  (271, 304, 35, 'receiving', 'purchase', 6, 'A-000006', '2026-01-02 10:00:00'),
  (272, 305, 34, 'receiving', 'purchase', 6, 'A-000006', '2026-01-02 10:00:00'),
  (273, 306, 38, 'receiving', 'purchase', 6, 'A-000006', '2026-01-02 10:00:00'),
  (274, 328, 18, 'receiving', 'purchase', 6, 'A-000006', '2026-01-02 10:00:00'),
  (275, 329, 29, 'receiving', 'purchase', 6, 'A-000006', '2026-01-02 10:00:00'),
  (276, 330, 18, 'receiving', 'purchase', 6, 'A-000006', '2026-01-02 10:00:00'),
  (277, 331, 31, 'receiving', 'purchase', 6, 'A-000006', '2026-01-02 10:00:00'),
  (278, 332, 37, 'receiving', 'purchase', 6, 'A-000006', '2026-01-02 10:00:00'),
  (279, 333, 30, 'receiving', 'purchase', 6, 'A-000006', '2026-01-02 10:00:00'),
  (280, 334, 15, 'receiving', 'purchase', 6, 'A-000006', '2026-01-02 10:00:00'),
  (281, 335, 23, 'receiving', 'purchase', 6, 'A-000006', '2026-01-02 10:00:00'),
  (282, 336, 15, 'receiving', 'purchase', 6, 'A-000006', '2026-01-02 10:00:00'),
  (283, 337, 30, 'receiving', 'purchase', 6, 'A-000006', '2026-01-02 10:00:00'),
  (284, 338, 29, 'receiving', 'purchase', 6, 'A-000006', '2026-01-02 10:00:00'),
  (285, 339, 16, 'receiving', 'purchase', 6, 'A-000006', '2026-01-02 10:00:00'),
  (286, 340, 32, 'receiving', 'purchase', 6, 'A-000006', '2026-01-02 10:00:00'),
  (287, 341, 27, 'receiving', 'purchase', 6, 'A-000006', '2026-01-02 10:00:00'),
  (288, 346, 29, 'receiving', 'purchase', 6, 'A-000006', '2026-01-02 10:00:00'),
  (289, 347, 21, 'receiving', 'purchase', 6, 'A-000006', '2026-01-02 10:00:00'),
  (290, 352, 35, 'receiving', 'purchase', 6, 'A-000006', '2026-01-02 10:00:00'),
  (291, 353, 27, 'receiving', 'purchase', 6, 'A-000006', '2026-01-02 10:00:00'),
  (292, 354, 23, 'receiving', 'purchase', 6, 'A-000006', '2026-01-02 10:00:00'),
  (293, 355, 21, 'receiving', 'purchase', 6, 'A-000006', '2026-01-02 10:00:00'),
  (294, 356, 17, 'receiving', 'purchase', 6, 'A-000006', '2026-01-02 10:00:00'),
  (295, 450, 22, 'receiving', 'purchase', 6, 'A-000006', '2026-01-02 10:00:00'),
  (296, 451, 22, 'receiving', 'purchase', 6, 'A-000006', '2026-01-02 10:00:00'),
  (297, 452, 30, 'receiving', 'purchase', 6, 'A-000006', '2026-01-02 10:00:00'),
  (298, 453, 26, 'receiving', 'purchase', 6, 'A-000006', '2026-01-02 10:00:00'),
  (299, 454, 14, 'receiving', 'purchase', 6, 'A-000006', '2026-01-02 10:00:00'),
  (300, 455, 34, 'receiving', 'purchase', 6, 'A-000006', '2026-01-02 10:00:00'),
  (301, 456, 26, 'receiving', 'purchase', 6, 'A-000006', '2026-01-02 10:00:00'),
  (302, 457, 27, 'receiving', 'purchase', 6, 'A-000006', '2026-01-02 10:00:00'),
  (303, 536, 32, 'receiving', 'purchase', 6, 'A-000006', '2026-01-02 10:00:00'),
  (304, 537, 14, 'receiving', 'purchase', 6, 'A-000006', '2026-01-02 10:00:00'),
  (305, 87, 30, 'receiving', 'purchase', 7, 'A-000007', '2026-01-02 10:00:00'),
  (306, 88, 35, 'receiving', 'purchase', 7, 'A-000007', '2026-01-02 10:00:00'),
  (307, 89, 22, 'receiving', 'purchase', 7, 'A-000007', '2026-01-02 10:00:00'),
  (308, 90, 20, 'receiving', 'purchase', 7, 'A-000007', '2026-01-02 10:00:00'),
  (309, 91, 14, 'receiving', 'purchase', 7, 'A-000007', '2026-01-02 10:00:00'),
  (310, 92, 21, 'receiving', 'purchase', 7, 'A-000007', '2026-01-02 10:00:00'),
  (311, 93, 18, 'receiving', 'purchase', 7, 'A-000007', '2026-01-02 10:00:00'),
  (312, 94, 16, 'receiving', 'purchase', 7, 'A-000007', '2026-01-02 10:00:00'),
  (313, 95, 20, 'receiving', 'purchase', 7, 'A-000007', '2026-01-02 10:00:00'),
  (314, 96, 31, 'receiving', 'purchase', 7, 'A-000007', '2026-01-02 10:00:00'),
  (315, 97, 27, 'receiving', 'purchase', 7, 'A-000007', '2026-01-02 10:00:00'),
  (316, 98, 30, 'receiving', 'purchase', 7, 'A-000007', '2026-01-02 10:00:00'),
  (317, 233, 21, 'receiving', 'purchase', 7, 'A-000007', '2026-01-02 10:00:00'),
  (318, 234, 20, 'receiving', 'purchase', 7, 'A-000007', '2026-01-02 10:00:00'),
  (319, 235, 25, 'receiving', 'purchase', 7, 'A-000007', '2026-01-02 10:00:00'),
  (320, 236, 25, 'receiving', 'purchase', 7, 'A-000007', '2026-01-02 10:00:00'),
  (321, 237, 31, 'receiving', 'purchase', 7, 'A-000007', '2026-01-02 10:00:00'),
  (322, 238, 33, 'receiving', 'purchase', 7, 'A-000007', '2026-01-02 10:00:00'),
  (323, 239, 24, 'receiving', 'purchase', 7, 'A-000007', '2026-01-02 10:00:00'),
  (324, 240, 16, 'receiving', 'purchase', 7, 'A-000007', '2026-01-02 10:00:00'),
  (325, 241, 36, 'receiving', 'purchase', 7, 'A-000007', '2026-01-02 10:00:00'),
  (326, 342, 33, 'receiving', 'purchase', 7, 'A-000007', '2026-01-02 10:00:00'),
  (327, 343, 33, 'receiving', 'purchase', 7, 'A-000007', '2026-01-02 10:00:00'),
  (328, 344, 32, 'receiving', 'purchase', 7, 'A-000007', '2026-01-02 10:00:00'),
  (329, 345, 25, 'receiving', 'purchase', 7, 'A-000007', '2026-01-02 10:00:00'),
  (330, 357, 35, 'receiving', 'purchase', 7, 'A-000007', '2026-01-02 10:00:00'),
  (331, 358, 23, 'receiving', 'purchase', 7, 'A-000007', '2026-01-02 10:00:00'),
  (332, 359, 29, 'receiving', 'purchase', 7, 'A-000007', '2026-01-02 10:00:00'),
  (333, 360, 20, 'receiving', 'purchase', 7, 'A-000007', '2026-01-02 10:00:00'),
  (334, 361, 28, 'receiving', 'purchase', 7, 'A-000007', '2026-01-02 10:00:00'),
  (335, 362, 33, 'receiving', 'purchase', 7, 'A-000007', '2026-01-02 10:00:00'),
  (336, 363, 20, 'receiving', 'purchase', 7, 'A-000007', '2026-01-02 10:00:00'),
  (337, 364, 15, 'receiving', 'purchase', 7, 'A-000007', '2026-01-02 10:00:00'),
  (338, 365, 26, 'receiving', 'purchase', 7, 'A-000007', '2026-01-02 10:00:00'),
  (339, 366, 22, 'receiving', 'purchase', 7, 'A-000007', '2026-01-02 10:00:00'),
  (340, 367, 33, 'receiving', 'purchase', 7, 'A-000007', '2026-01-02 10:00:00'),
  (341, 368, 33, 'receiving', 'purchase', 7, 'A-000007', '2026-01-02 10:00:00'),
  (342, 369, 28, 'receiving', 'purchase', 7, 'A-000007', '2026-01-02 10:00:00'),
  (343, 370, 26, 'receiving', 'purchase', 7, 'A-000007', '2026-01-02 10:00:00'),
  (344, 371, 23, 'receiving', 'purchase', 7, 'A-000007', '2026-01-02 10:00:00'),
  (345, 372, 38, 'receiving', 'purchase', 7, 'A-000007', '2026-01-02 10:00:00'),
  (346, 373, 24, 'receiving', 'purchase', 7, 'A-000007', '2026-01-02 10:00:00'),
  (347, 374, 18, 'receiving', 'purchase', 7, 'A-000007', '2026-01-02 10:00:00'),
  (348, 375, 33, 'receiving', 'purchase', 7, 'A-000007', '2026-01-02 10:00:00'),
  (349, 376, 37, 'receiving', 'purchase', 7, 'A-000007', '2026-01-02 10:00:00'),
  (350, 377, 24, 'receiving', 'purchase', 7, 'A-000007', '2026-01-02 10:00:00'),
  (351, 378, 20, 'receiving', 'purchase', 7, 'A-000007', '2026-01-02 10:00:00'),
  (352, 379, 15, 'receiving', 'purchase', 7, 'A-000007', '2026-01-02 10:00:00'),
  (353, 380, 37, 'receiving', 'purchase', 7, 'A-000007', '2026-01-02 10:00:00'),
  (354, 381, 33, 'receiving', 'purchase', 7, 'A-000007', '2026-01-02 10:00:00'),
  (355, 382, 15, 'receiving', 'purchase', 7, 'A-000007', '2026-01-02 10:00:00'),
  (356, 383, 15, 'receiving', 'purchase', 7, 'A-000007', '2026-01-02 10:00:00'),
  (357, 384, 30, 'receiving', 'purchase', 7, 'A-000007', '2026-01-02 10:00:00'),
  (358, 385, 24, 'receiving', 'purchase', 7, 'A-000007', '2026-01-02 10:00:00'),
  (359, 386, 27, 'receiving', 'purchase', 7, 'A-000007', '2026-01-02 10:00:00'),
  (360, 387, 38, 'receiving', 'purchase', 7, 'A-000007', '2026-01-02 10:00:00'),
  (361, 388, 17, 'receiving', 'purchase', 7, 'A-000007', '2026-01-02 10:00:00'),
  (362, 389, 33, 'receiving', 'purchase', 7, 'A-000007', '2026-01-02 10:00:00'),
  (363, 390, 17, 'receiving', 'purchase', 7, 'A-000007', '2026-01-02 10:00:00'),
  (364, 391, 31, 'receiving', 'purchase', 7, 'A-000007', '2026-01-02 10:00:00'),
  (365, 392, 35, 'receiving', 'purchase', 7, 'A-000007', '2026-01-02 10:00:00'),
  (366, 393, 16, 'receiving', 'purchase', 7, 'A-000007', '2026-01-02 10:00:00'),
  (367, 394, 26, 'receiving', 'purchase', 7, 'A-000007', '2026-01-02 10:00:00'),
  (368, 395, 27, 'receiving', 'purchase', 7, 'A-000007', '2026-01-02 10:00:00'),
  (369, 396, 20, 'receiving', 'purchase', 7, 'A-000007', '2026-01-02 10:00:00'),
  (370, 397, 22, 'receiving', 'purchase', 7, 'A-000007', '2026-01-02 10:00:00'),
  (371, 398, 31, 'receiving', 'purchase', 7, 'A-000007', '2026-01-02 10:00:00'),
  (372, 399, 23, 'receiving', 'purchase', 7, 'A-000007', '2026-01-02 10:00:00'),
  (373, 400, 37, 'receiving', 'purchase', 7, 'A-000007', '2026-01-02 10:00:00'),
  (374, 401, 24, 'receiving', 'purchase', 7, 'A-000007', '2026-01-02 10:00:00'),
  (375, 402, 19, 'receiving', 'purchase', 7, 'A-000007', '2026-01-02 10:00:00'),
  (376, 403, 25, 'receiving', 'purchase', 7, 'A-000007', '2026-01-02 10:00:00'),
  (377, 404, 16, 'receiving', 'purchase', 7, 'A-000007', '2026-01-02 10:00:00'),
  (378, 405, 25, 'receiving', 'purchase', 7, 'A-000007', '2026-01-02 10:00:00'),
  (379, 406, 29, 'receiving', 'purchase', 7, 'A-000007', '2026-01-02 10:00:00'),
  (380, 407, 16, 'receiving', 'purchase', 7, 'A-000007', '2026-01-02 10:00:00'),
  (381, 408, 35, 'receiving', 'purchase', 7, 'A-000007', '2026-01-02 10:00:00'),
  (382, 409, 35, 'receiving', 'purchase', 7, 'A-000007', '2026-01-02 10:00:00'),
  (383, 242, 28, 'receiving', 'purchase', 8, 'A-000008', '2026-01-02 10:00:00'),
  (384, 243, 15, 'receiving', 'purchase', 8, 'A-000008', '2026-01-02 10:00:00'),
  (385, 244, 16, 'receiving', 'purchase', 8, 'A-000008', '2026-01-02 10:00:00'),
  (386, 245, 15, 'receiving', 'purchase', 8, 'A-000008', '2026-01-02 10:00:00'),
  (387, 246, 34, 'receiving', 'purchase', 8, 'A-000008', '2026-01-02 10:00:00'),
  (388, 247, 20, 'receiving', 'purchase', 8, 'A-000008', '2026-01-02 10:00:00'),
  (389, 248, 33, 'receiving', 'purchase', 8, 'A-000008', '2026-01-02 10:00:00'),
  (390, 249, 28, 'receiving', 'purchase', 8, 'A-000008', '2026-01-02 10:00:00'),
  (391, 250, 33, 'receiving', 'purchase', 8, 'A-000008', '2026-01-02 10:00:00'),
  (392, 410, 24, 'receiving', 'purchase', 8, 'A-000008', '2026-01-02 10:00:00'),
  (393, 411, 16, 'receiving', 'purchase', 8, 'A-000008', '2026-01-02 10:00:00'),
  (394, 412, 24, 'receiving', 'purchase', 8, 'A-000008', '2026-01-02 10:00:00'),
  (395, 413, 24, 'receiving', 'purchase', 8, 'A-000008', '2026-01-02 10:00:00'),
  (396, 414, 32, 'receiving', 'purchase', 8, 'A-000008', '2026-01-02 10:00:00'),
  (397, 415, 20, 'receiving', 'purchase', 8, 'A-000008', '2026-01-02 10:00:00'),
  (398, 416, 26, 'receiving', 'purchase', 8, 'A-000008', '2026-01-02 10:00:00'),
  (399, 417, 19, 'receiving', 'purchase', 8, 'A-000008', '2026-01-02 10:00:00'),
  (400, 418, 34, 'receiving', 'purchase', 8, 'A-000008', '2026-01-02 10:00:00');
INSERT INTO inventory_movements (id, variant_id, delta, reason, ref_type, ref_id, note, created_at) VALUES
  (401, 419, 35, 'receiving', 'purchase', 8, 'A-000008', '2026-01-02 10:00:00'),
  (402, 420, 19, 'receiving', 'purchase', 8, 'A-000008', '2026-01-02 10:00:00'),
  (403, 421, 35, 'receiving', 'purchase', 8, 'A-000008', '2026-01-02 10:00:00'),
  (404, 422, 19, 'receiving', 'purchase', 8, 'A-000008', '2026-01-02 10:00:00'),
  (405, 423, 34, 'receiving', 'purchase', 8, 'A-000008', '2026-01-02 10:00:00'),
  (406, 424, 18, 'receiving', 'purchase', 8, 'A-000008', '2026-01-02 10:00:00'),
  (407, 425, 24, 'receiving', 'purchase', 8, 'A-000008', '2026-01-02 10:00:00'),
  (408, 426, 22, 'receiving', 'purchase', 8, 'A-000008', '2026-01-02 10:00:00'),
  (409, 427, 16, 'receiving', 'purchase', 8, 'A-000008', '2026-01-02 10:00:00'),
  (410, 428, 17, 'receiving', 'purchase', 8, 'A-000008', '2026-01-02 10:00:00'),
  (411, 429, 32, 'receiving', 'purchase', 8, 'A-000008', '2026-01-02 10:00:00'),
  (412, 430, 19, 'receiving', 'purchase', 8, 'A-000008', '2026-01-02 10:00:00'),
  (413, 431, 31, 'receiving', 'purchase', 8, 'A-000008', '2026-01-02 10:00:00'),
  (414, 432, 18, 'receiving', 'purchase', 8, 'A-000008', '2026-01-02 10:00:00'),
  (415, 433, 18, 'receiving', 'purchase', 8, 'A-000008', '2026-01-02 10:00:00'),
  (416, 434, 26, 'receiving', 'purchase', 8, 'A-000008', '2026-01-02 10:00:00'),
  (417, 435, 37, 'receiving', 'purchase', 8, 'A-000008', '2026-01-02 10:00:00'),
  (418, 436, 24, 'receiving', 'purchase', 8, 'A-000008', '2026-01-02 10:00:00'),
  (419, 437, 17, 'receiving', 'purchase', 8, 'A-000008', '2026-01-02 10:00:00'),
  (420, 438, 25, 'receiving', 'purchase', 8, 'A-000008', '2026-01-02 10:00:00'),
  (421, 439, 38, 'receiving', 'purchase', 8, 'A-000008', '2026-01-02 10:00:00'),
  (422, 440, 37, 'receiving', 'purchase', 8, 'A-000008', '2026-01-02 10:00:00'),
  (423, 75, 29, 'receiving', 'purchase', 9, 'A-000009', '2026-01-02 10:00:00'),
  (424, 76, 26, 'receiving', 'purchase', 9, 'A-000009', '2026-01-02 10:00:00'),
  (425, 77, 29, 'receiving', 'purchase', 9, 'A-000009', '2026-01-02 10:00:00'),
  (426, 78, 17, 'receiving', 'purchase', 9, 'A-000009', '2026-01-02 10:00:00'),
  (427, 79, 16, 'receiving', 'purchase', 9, 'A-000009', '2026-01-02 10:00:00'),
  (428, 80, 33, 'receiving', 'purchase', 9, 'A-000009', '2026-01-02 10:00:00'),
  (429, 81, 25, 'receiving', 'purchase', 9, 'A-000009', '2026-01-02 10:00:00'),
  (430, 82, 28, 'receiving', 'purchase', 9, 'A-000009', '2026-01-02 10:00:00'),
  (431, 83, 16, 'receiving', 'purchase', 9, 'A-000009', '2026-01-02 10:00:00'),
  (432, 84, 21, 'receiving', 'purchase', 9, 'A-000009', '2026-01-02 10:00:00'),
  (433, 85, 27, 'receiving', 'purchase', 9, 'A-000009', '2026-01-02 10:00:00'),
  (434, 86, 17, 'receiving', 'purchase', 9, 'A-000009', '2026-01-02 10:00:00'),
  (435, 169, 22, 'receiving', 'purchase', 9, 'A-000009', '2026-01-02 10:00:00'),
  (436, 170, 16, 'receiving', 'purchase', 9, 'A-000009', '2026-01-02 10:00:00'),
  (437, 171, 38, 'receiving', 'purchase', 9, 'A-000009', '2026-01-02 10:00:00'),
  (438, 172, 28, 'receiving', 'purchase', 9, 'A-000009', '2026-01-02 10:00:00'),
  (439, 173, 32, 'receiving', 'purchase', 9, 'A-000009', '2026-01-02 10:00:00'),
  (440, 174, 26, 'receiving', 'purchase', 9, 'A-000009', '2026-01-02 10:00:00'),
  (441, 175, 21, 'receiving', 'purchase', 9, 'A-000009', '2026-01-02 10:00:00'),
  (442, 176, 32, 'receiving', 'purchase', 9, 'A-000009', '2026-01-02 10:00:00'),
  (443, 177, 16, 'receiving', 'purchase', 9, 'A-000009', '2026-01-02 10:00:00'),
  (444, 178, 30, 'receiving', 'purchase', 9, 'A-000009', '2026-01-02 10:00:00'),
  (445, 179, 20, 'receiving', 'purchase', 9, 'A-000009', '2026-01-02 10:00:00'),
  (446, 180, 32, 'receiving', 'purchase', 9, 'A-000009', '2026-01-02 10:00:00'),
  (447, 181, 24, 'receiving', 'purchase', 9, 'A-000009', '2026-01-02 10:00:00'),
  (448, 182, 29, 'receiving', 'purchase', 9, 'A-000009', '2026-01-02 10:00:00'),
  (449, 183, 36, 'receiving', 'purchase', 9, 'A-000009', '2026-01-02 10:00:00'),
  (450, 184, 27, 'receiving', 'purchase', 9, 'A-000009', '2026-01-02 10:00:00'),
  (451, 185, 37, 'receiving', 'purchase', 9, 'A-000009', '2026-01-02 10:00:00'),
  (452, 186, 19, 'receiving', 'purchase', 9, 'A-000009', '2026-01-02 10:00:00'),
  (453, 187, 14, 'receiving', 'purchase', 9, 'A-000009', '2026-01-02 10:00:00'),
  (454, 188, 32, 'receiving', 'purchase', 9, 'A-000009', '2026-01-02 10:00:00'),
  (455, 189, 26, 'receiving', 'purchase', 9, 'A-000009', '2026-01-02 10:00:00'),
  (456, 190, 18, 'receiving', 'purchase', 9, 'A-000009', '2026-01-02 10:00:00'),
  (457, 191, 16, 'receiving', 'purchase', 9, 'A-000009', '2026-01-02 10:00:00'),
  (458, 192, 14, 'receiving', 'purchase', 9, 'A-000009', '2026-01-02 10:00:00'),
  (459, 193, 20, 'receiving', 'purchase', 9, 'A-000009', '2026-01-02 10:00:00'),
  (460, 194, 38, 'receiving', 'purchase', 9, 'A-000009', '2026-01-02 10:00:00'),
  (461, 195, 38, 'receiving', 'purchase', 9, 'A-000009', '2026-01-02 10:00:00'),
  (462, 196, 30, 'receiving', 'purchase', 9, 'A-000009', '2026-01-02 10:00:00'),
  (463, 348, 31, 'receiving', 'purchase', 9, 'A-000009', '2026-01-02 10:00:00'),
  (464, 349, 17, 'receiving', 'purchase', 9, 'A-000009', '2026-01-02 10:00:00'),
  (465, 350, 30, 'receiving', 'purchase', 9, 'A-000009', '2026-01-02 10:00:00'),
  (466, 351, 24, 'receiving', 'purchase', 9, 'A-000009', '2026-01-02 10:00:00'),
  (467, 458, 19, 'receiving', 'purchase', 9, 'A-000009', '2026-01-02 10:00:00'),
  (468, 459, 26, 'receiving', 'purchase', 9, 'A-000009', '2026-01-02 10:00:00'),
  (469, 460, 33, 'receiving', 'purchase', 9, 'A-000009', '2026-01-02 10:00:00'),
  (470, 461, 24, 'receiving', 'purchase', 9, 'A-000009', '2026-01-02 10:00:00'),
  (471, 462, 33, 'receiving', 'purchase', 9, 'A-000009', '2026-01-02 10:00:00'),
  (472, 463, 20, 'receiving', 'purchase', 9, 'A-000009', '2026-01-02 10:00:00'),
  (473, 464, 30, 'receiving', 'purchase', 9, 'A-000009', '2026-01-02 10:00:00'),
  (474, 465, 26, 'receiving', 'purchase', 9, 'A-000009', '2026-01-02 10:00:00'),
  (475, 466, 33, 'receiving', 'purchase', 9, 'A-000009', '2026-01-02 10:00:00'),
  (476, 467, 22, 'receiving', 'purchase', 9, 'A-000009', '2026-01-02 10:00:00'),
  (477, 468, 16, 'receiving', 'purchase', 9, 'A-000009', '2026-01-02 10:00:00'),
  (478, 469, 22, 'receiving', 'purchase', 9, 'A-000009', '2026-01-02 10:00:00'),
  (479, 470, 35, 'receiving', 'purchase', 9, 'A-000009', '2026-01-02 10:00:00'),
  (480, 471, 17, 'receiving', 'purchase', 9, 'A-000009', '2026-01-02 10:00:00'),
  (481, 472, 34, 'receiving', 'purchase', 9, 'A-000009', '2026-01-02 10:00:00'),
  (482, 473, 22, 'receiving', 'purchase', 9, 'A-000009', '2026-01-02 10:00:00'),
  (483, 474, 16, 'receiving', 'purchase', 9, 'A-000009', '2026-01-02 10:00:00'),
  (484, 475, 36, 'receiving', 'purchase', 9, 'A-000009', '2026-01-02 10:00:00'),
  (485, 476, 37, 'receiving', 'purchase', 9, 'A-000009', '2026-01-02 10:00:00'),
  (486, 477, 28, 'receiving', 'purchase', 9, 'A-000009', '2026-01-02 10:00:00'),
  (487, 478, 16, 'receiving', 'purchase', 9, 'A-000009', '2026-01-02 10:00:00'),
  (488, 479, 17, 'receiving', 'purchase', 9, 'A-000009', '2026-01-02 10:00:00'),
  (489, 480, 25, 'receiving', 'purchase', 9, 'A-000009', '2026-01-02 10:00:00'),
  (490, 481, 14, 'receiving', 'purchase', 9, 'A-000009', '2026-01-02 10:00:00'),
  (491, 482, 25, 'receiving', 'purchase', 9, 'A-000009', '2026-01-02 10:00:00'),
  (492, 483, 34, 'receiving', 'purchase', 9, 'A-000009', '2026-01-02 10:00:00'),
  (493, 484, 15, 'receiving', 'purchase', 9, 'A-000009', '2026-01-02 10:00:00'),
  (494, 485, 19, 'receiving', 'purchase', 9, 'A-000009', '2026-01-02 10:00:00'),
  (495, 486, 37, 'receiving', 'purchase', 9, 'A-000009', '2026-01-02 10:00:00'),
  (496, 487, 16, 'receiving', 'purchase', 9, 'A-000009', '2026-01-02 10:00:00'),
  (497, 500, 29, 'receiving', 'purchase', 9, 'A-000009', '2026-01-02 10:00:00'),
  (498, 501, 32, 'receiving', 'purchase', 9, 'A-000009', '2026-01-02 10:00:00'),
  (499, 502, 20, 'receiving', 'purchase', 9, 'A-000009', '2026-01-02 10:00:00'),
  (500, 503, 36, 'receiving', 'purchase', 9, 'A-000009', '2026-01-02 10:00:00'),
  (501, 504, 30, 'receiving', 'purchase', 9, 'A-000009', '2026-01-02 10:00:00'),
  (502, 505, 17, 'receiving', 'purchase', 9, 'A-000009', '2026-01-02 10:00:00'),
  (503, 506, 25, 'receiving', 'purchase', 9, 'A-000009', '2026-01-02 10:00:00'),
  (504, 507, 36, 'receiving', 'purchase', 9, 'A-000009', '2026-01-02 10:00:00'),
  (505, 508, 28, 'receiving', 'purchase', 9, 'A-000009', '2026-01-02 10:00:00'),
  (506, 509, 27, 'receiving', 'purchase', 9, 'A-000009', '2026-01-02 10:00:00'),
  (507, 510, 28, 'receiving', 'purchase', 9, 'A-000009', '2026-01-02 10:00:00'),
  (508, 511, 18, 'receiving', 'purchase', 9, 'A-000009', '2026-01-02 10:00:00'),
  (509, 512, 29, 'receiving', 'purchase', 9, 'A-000009', '2026-01-02 10:00:00'),
  (510, 513, 17, 'receiving', 'purchase', 9, 'A-000009', '2026-01-02 10:00:00'),
  (511, 514, 20, 'receiving', 'purchase', 9, 'A-000009', '2026-01-02 10:00:00'),
  (512, 515, 36, 'receiving', 'purchase', 9, 'A-000009', '2026-01-02 10:00:00'),
  (513, 516, 29, 'receiving', 'purchase', 9, 'A-000009', '2026-01-02 10:00:00'),
  (514, 517, 28, 'receiving', 'purchase', 9, 'A-000009', '2026-01-02 10:00:00'),
  (515, 518, 34, 'receiving', 'purchase', 9, 'A-000009', '2026-01-02 10:00:00'),
  (516, 519, 27, 'receiving', 'purchase', 9, 'A-000009', '2026-01-02 10:00:00'),
  (517, 520, 28, 'receiving', 'purchase', 9, 'A-000009', '2026-01-02 10:00:00'),
  (518, 521, 28, 'receiving', 'purchase', 9, 'A-000009', '2026-01-02 10:00:00'),
  (519, 522, 36, 'receiving', 'purchase', 9, 'A-000009', '2026-01-02 10:00:00'),
  (520, 523, 22, 'receiving', 'purchase', 9, 'A-000009', '2026-01-02 10:00:00'),
  (521, 524, 23, 'receiving', 'purchase', 9, 'A-000009', '2026-01-02 10:00:00'),
  (522, 525, 37, 'receiving', 'purchase', 9, 'A-000009', '2026-01-02 10:00:00'),
  (523, 526, 33, 'receiving', 'purchase', 9, 'A-000009', '2026-01-02 10:00:00'),
  (524, 527, 16, 'receiving', 'purchase', 9, 'A-000009', '2026-01-02 10:00:00'),
  (525, 528, 27, 'receiving', 'purchase', 9, 'A-000009', '2026-01-02 10:00:00'),
  (526, 529, 27, 'receiving', 'purchase', 9, 'A-000009', '2026-01-02 10:00:00'),
  (527, 530, 16, 'receiving', 'purchase', 9, 'A-000009', '2026-01-02 10:00:00'),
  (528, 531, 15, 'receiving', 'purchase', 9, 'A-000009', '2026-01-02 10:00:00'),
  (529, 532, 24, 'receiving', 'purchase', 9, 'A-000009', '2026-01-02 10:00:00'),
  (530, 533, 15, 'receiving', 'purchase', 9, 'A-000009', '2026-01-02 10:00:00'),
  (531, 534, 24, 'receiving', 'purchase', 9, 'A-000009', '2026-01-02 10:00:00'),
  (532, 535, 26, 'receiving', 'purchase', 9, 'A-000009', '2026-01-02 10:00:00'),
  (533, 502, -1, 'sale', 'sale', 1, NULL, '2026-01-01 23:40:03'),
  (534, 213, -3, 'sale', 'sale', 2, NULL, '2026-01-05 07:53:57'),
  (535, 349, -1, 'sale', 'sale', 2, NULL, '2026-01-05 07:53:57'),
  (536, 181, -1, 'sale', 'sale', 2, NULL, '2026-01-05 07:53:57'),
  (537, 288, -2, 'sale', 'sale', 3, NULL, '2026-01-03 23:02:59'),
  (538, 300, -2, 'sale', 'sale', 4, NULL, '2026-01-05 20:04:39'),
  (539, 356, -1, 'sale', 'sale', 4, NULL, '2026-01-05 20:04:39'),
  (540, 186, -1, 'sale', 'sale', 5, NULL, '2026-01-07 17:30:32'),
  (541, 499, -3, 'sale', 'sale', 5, NULL, '2026-01-07 17:30:32'),
  (542, 505, -1, 'sale', 'sale', 6, NULL, '2026-01-05 19:41:39'),
  (543, 87, -3, 'sale', 'sale', 8, NULL, '2026-01-03 05:15:02'),
  (544, 415, -3, 'sale', 'sale', 8, NULL, '2026-01-03 05:15:02'),
  (545, 12, -1, 'sale', 'sale', 9, NULL, '2026-01-05 18:30:50'),
  (546, 516, -1, 'sale', 'sale', 9, NULL, '2026-01-05 18:30:50'),
  (547, 340, -3, 'sale', 'sale', 9, NULL, '2026-01-05 18:30:50'),
  (548, 108, -2, 'sale', 'sale', 9, NULL, '2026-01-05 18:30:50'),
  (549, 23, -1, 'sale', 'sale', 11, NULL, '2026-01-07 19:12:49'),
  (550, 33, -1, 'sale', 'sale', 11, NULL, '2026-01-07 19:12:49'),
  (551, 360, -2, 'sale', 'sale', 12, NULL, '2026-01-07 19:16:45'),
  (552, 341, -2, 'sale', 'sale', 12, NULL, '2026-01-07 19:16:45'),
  (553, 462, -2, 'sale', 'sale', 12, NULL, '2026-01-07 19:16:45'),
  (554, 235, -1, 'sale', 'sale', 13, NULL, '2026-01-02 08:05:38'),
  (555, 395, -3, 'sale', 'sale', 13, NULL, '2026-01-02 08:05:38'),
  (556, 216, -2, 'sale', 'sale', 14, NULL, '2026-01-06 14:14:39'),
  (557, 136, -2, 'sale', 'sale', 14, NULL, '2026-01-06 14:14:39'),
  (558, 201, -1, 'sale', 'sale', 14, NULL, '2026-01-06 14:14:39'),
  (559, 263, -2, 'sale', 'sale', 14, NULL, '2026-01-06 14:14:39'),
  (560, 522, -2, 'sale', 'sale', 15, NULL, '2026-01-11 10:12:35'),
  (561, 40, -2, 'sale', 'sale', 15, NULL, '2026-01-11 10:12:35'),
  (562, 28, -1, 'sale', 'sale', 15, NULL, '2026-01-11 10:12:35'),
  (563, 14, -3, 'sale', 'sale', 16, NULL, '2026-01-12 05:09:09'),
  (564, 174, -3, 'sale', 'sale', 16, NULL, '2026-01-12 05:09:09'),
  (565, 296, -1, 'sale', 'sale', 16, NULL, '2026-01-12 05:09:09'),
  (566, 177, -1, 'sale', 'sale', 16, NULL, '2026-01-12 05:09:09'),
  (567, 43, -2, 'sale', 'sale', 17, NULL, '2026-01-14 03:18:17'),
  (568, 232, -3, 'sale', 'sale', 18, NULL, '2026-01-13 07:05:45'),
  (569, 351, -3, 'sale', 'sale', 18, NULL, '2026-01-13 07:05:45'),
  (570, 517, -2, 'sale', 'sale', 19, NULL, '2026-01-12 23:10:32'),
  (571, 74, -2, 'sale', 'sale', 19, NULL, '2026-01-12 23:10:32'),
  (572, 395, -1, 'sale', 'sale', 20, NULL, '2026-01-12 17:19:27'),
  (573, 327, -2, 'sale', 'sale', 20, NULL, '2026-01-12 17:19:27'),
  (574, 430, -1, 'sale', 'sale', 21, NULL, '2026-01-08 22:43:09'),
  (575, 257, -1, 'sale', 'sale', 21, NULL, '2026-01-08 22:43:09'),
  (576, 147, -2, 'sale', 'sale', 21, NULL, '2026-01-08 22:43:09'),
  (577, 228, -3, 'sale', 'sale', 22, NULL, '2026-01-09 17:32:01'),
  (578, 473, -3, 'sale', 'sale', 22, NULL, '2026-01-09 17:32:01'),
  (579, 466, -2, 'sale', 'sale', 22, NULL, '2026-01-09 17:32:01'),
  (580, 62, -2, 'sale', 'sale', 22, NULL, '2026-01-09 17:32:01'),
  (581, 459, -2, 'sale', 'sale', 23, NULL, '2026-01-11 21:19:31'),
  (582, 129, -3, 'sale', 'sale', 23, NULL, '2026-01-11 21:19:31'),
  (583, 181, 1, 'return', 'return', 1, NULL, '2026-01-11 10:23:29'),
  (584, 62, -3, 'sale', 'sale', 24, NULL, '2026-01-15 10:33:51'),
  (585, 65, -2, 'sale', 'sale', 24, NULL, '2026-01-15 10:33:51'),
  (586, 468, -3, 'sale', 'sale', 25, NULL, '2026-01-15 23:10:39'),
  (587, 392, -3, 'sale', 'sale', 26, NULL, '2026-01-18 01:05:26'),
  (588, 507, -2, 'sale', 'sale', 26, NULL, '2026-01-18 01:05:26'),
  (589, 270, -3, 'sale', 'sale', 27, NULL, '2026-01-16 19:19:28'),
  (590, 275, -3, 'sale', 'sale', 27, NULL, '2026-01-16 19:19:28'),
  (591, 320, -1, 'sale', 'sale', 27, NULL, '2026-01-16 19:19:28'),
  (592, 355, -1, 'sale', 'sale', 27, NULL, '2026-01-16 19:19:28'),
  (593, 202, -1, 'sale', 'sale', 28, NULL, '2026-01-21 10:48:15'),
  (594, 319, -3, 'sale', 'sale', 28, NULL, '2026-01-21 10:48:15'),
  (595, 508, -1, 'sale', 'sale', 29, NULL, '2026-01-21 03:41:47'),
  (596, 341, -3, 'sale', 'sale', 29, NULL, '2026-01-21 03:41:47'),
  (597, 361, -3, 'sale', 'sale', 29, NULL, '2026-01-21 03:41:47'),
  (598, 250, -3, 'sale', 'sale', 29, NULL, '2026-01-21 03:41:47'),
  (599, 152, -2, 'sale', 'sale', 30, NULL, '2026-01-21 00:06:12'),
  (600, 221, -2, 'sale', 'sale', 31, NULL, '2026-01-19 02:20:01');
INSERT INTO inventory_movements (id, variant_id, delta, reason, ref_type, ref_id, note, created_at) VALUES
  (601, 34, -3, 'sale', 'sale', 31, NULL, '2026-01-19 02:20:01'),
  (602, 44, -3, 'sale', 'sale', 31, NULL, '2026-01-19 02:20:01'),
  (603, 522, -3, 'sale', 'sale', 31, NULL, '2026-01-19 02:20:01'),
  (604, 171, -3, 'sale', 'sale', 32, NULL, '2026-01-18 06:27:50'),
  (605, 389, -3, 'sale', 'sale', 32, NULL, '2026-01-18 06:27:50'),
  (606, 161, -3, 'sale', 'sale', 32, NULL, '2026-01-18 06:27:50'),
  (607, 133, -2, 'sale', 'sale', 33, NULL, '2026-01-18 01:14:58'),
  (608, 218, -2, 'sale', 'sale', 33, NULL, '2026-01-18 01:14:58'),
  (609, 245, -2, 'sale', 'sale', 33, NULL, '2026-01-18 01:14:58'),
  (610, 317, -2, 'sale', 'sale', 34, NULL, '2026-01-17 10:24:05'),
  (611, 469, -1, 'sale', 'sale', 34, NULL, '2026-01-17 10:24:05'),
  (612, 307, -1, 'sale', 'sale', 34, NULL, '2026-01-17 10:24:05'),
  (613, 311, -1, 'sale', 'sale', 34, NULL, '2026-01-17 10:24:05'),
  (614, 56, -1, 'sale', 'sale', 35, NULL, '2026-01-21 14:32:23'),
  (615, 450, -3, 'sale', 'sale', 35, NULL, '2026-01-21 14:32:23'),
  (616, 113, -1, 'sale', 'sale', 35, NULL, '2026-01-21 14:32:23'),
  (617, 25, -3, 'sale', 'sale', 36, NULL, '2026-01-16 01:31:28'),
  (618, 343, -1, 'sale', 'sale', 37, NULL, '2026-01-17 12:36:53'),
  (619, 332, -3, 'sale', 'sale', 37, NULL, '2026-01-17 12:36:53'),
  (620, 292, -1, 'sale', 'sale', 38, NULL, '2026-01-20 04:29:42'),
  (621, 208, -3, 'sale', 'sale', 38, NULL, '2026-01-20 04:29:42'),
  (622, 247, -1, 'sale', 'sale', 38, NULL, '2026-01-20 04:29:42'),
  (623, 467, -3, 'sale', 'sale', 38, NULL, '2026-01-20 04:29:42'),
  (624, 293, -1, 'sale', 'sale', 39, NULL, '2026-01-24 23:15:54'),
  (625, 306, -1, 'sale', 'sale', 39, NULL, '2026-01-24 23:15:54'),
  (626, 481, -3, 'sale', 'sale', 39, NULL, '2026-01-24 23:15:54'),
  (627, 211, -1, 'sale', 'sale', 40, NULL, '2026-01-25 11:49:27'),
  (628, 291, -2, 'sale', 'sale', 40, NULL, '2026-01-25 11:49:27'),
  (629, 346, -1, 'sale', 'sale', 41, NULL, '2026-01-25 20:02:03'),
  (630, 146, -3, 'sale', 'sale', 41, NULL, '2026-01-25 20:02:03'),
  (631, 329, -2, 'sale', 'sale', 41, NULL, '2026-01-25 20:02:03'),
  (632, 500, -2, 'sale', 'sale', 42, NULL, '2026-01-24 16:34:21'),
  (633, 116, -2, 'sale', 'sale', 42, NULL, '2026-01-24 16:34:21'),
  (634, 98, -2, 'sale', 'sale', 42, NULL, '2026-01-24 16:34:21'),
  (635, 397, -2, 'sale', 'sale', 42, NULL, '2026-01-24 16:34:21'),
  (636, 365, -1, 'sale', 'sale', 43, NULL, '2026-01-24 09:02:52'),
  (637, 383, -1, 'sale', 'sale', 44, NULL, '2026-01-24 23:05:12'),
  (638, 359, -2, 'sale', 'sale', 44, NULL, '2026-01-24 23:05:12'),
  (639, 338, -3, 'sale', 'sale', 44, NULL, '2026-01-24 23:05:12'),
  (640, 487, -1, 'sale', 'sale', 45, NULL, '2026-01-27 16:56:38'),
  (641, 35, -3, 'sale', 'sale', 45, NULL, '2026-01-27 16:56:38'),
  (642, 6, -1, 'sale', 'sale', 46, NULL, '2026-01-25 08:24:36'),
  (643, 222, -1, 'sale', 'sale', 46, NULL, '2026-01-25 08:24:36'),
  (644, 202, -2, 'sale', 'sale', 46, NULL, '2026-01-25 08:24:36'),
  (645, 294, -3, 'sale', 'sale', 46, NULL, '2026-01-25 08:24:36'),
  (646, 106, -3, 'sale', 'sale', 48, NULL, '2026-01-28 17:44:30'),
  (647, 517, -3, 'sale', 'sale', 49, NULL, '2026-01-24 22:03:17'),
  (648, 268, -2, 'sale', 'sale', 50, NULL, '2026-01-25 08:53:17'),
  (649, 410, -3, 'sale', 'sale', 50, NULL, '2026-01-25 08:53:17'),
  (650, 107, -2, 'sale', 'sale', 50, NULL, '2026-01-25 08:53:17'),
  (651, 334, -3, 'sale', 'sale', 51, NULL, '2026-01-25 23:02:22'),
  (652, 263, 1, 'return', 'return', 2, NULL, '2026-01-22 10:03:19'),
  (653, 113, 1, 'return', 'return', 3, NULL, '2026-01-27 01:56:53'),
  (654, 187, -3, 'sale', 'sale', 52, NULL, '2026-02-04 11:34:38'),
  (655, 431, -2, 'sale', 'sale', 52, NULL, '2026-02-04 11:34:38'),
  (656, 512, -2, 'sale', 'sale', 52, NULL, '2026-02-04 11:34:38'),
  (657, 291, -1, 'sale', 'sale', 53, NULL, '2026-01-31 09:19:10'),
  (658, 67, -3, 'sale', 'sale', 53, NULL, '2026-01-31 09:19:10'),
  (659, 361, -3, 'sale', 'sale', 54, NULL, '2026-02-02 15:03:32'),
  (660, 416, -1, 'sale', 'sale', 54, NULL, '2026-02-02 15:03:32'),
  (661, 132, -2, 'sale', 'sale', 55, NULL, '2026-02-03 03:02:03'),
  (662, 95, -1, 'sale', 'sale', 55, NULL, '2026-02-03 03:02:03'),
  (663, 294, -3, 'sale', 'sale', 55, NULL, '2026-02-03 03:02:03'),
  (664, 541, -3, 'sale', 'sale', 56, NULL, '2026-02-01 04:00:10'),
  (665, 496, -3, 'sale', 'sale', 57, NULL, '2026-02-03 22:01:13'),
  (666, 338, -2, 'sale', 'sale', 57, NULL, '2026-02-03 22:01:13'),
  (667, 31, -1, 'sale', 'sale', 58, NULL, '2026-02-04 18:45:29'),
  (668, 209, -1, 'sale', 'sale', 58, NULL, '2026-02-04 18:45:29'),
  (669, 156, -1, 'sale', 'sale', 58, NULL, '2026-02-04 18:45:29'),
  (670, 515, -2, 'sale', 'sale', 59, NULL, '2026-02-02 00:11:22'),
  (671, 491, -1, 'sale', 'sale', 60, NULL, '2026-02-01 19:30:50'),
  (672, 374, -3, 'sale', 'sale', 61, NULL, '2026-01-30 01:53:36'),
  (673, 387, -3, 'sale', 'sale', 62, NULL, '2026-02-01 06:05:57'),
  (674, 92, -1, 'sale', 'sale', 62, NULL, '2026-02-01 06:05:57'),
  (675, 47, -2, 'sale', 'sale', 64, NULL, '2026-02-11 11:27:38'),
  (676, 276, -1, 'sale', 'sale', 65, NULL, '2026-02-08 19:29:00'),
  (677, 233, -2, 'sale', 'sale', 65, NULL, '2026-02-08 19:29:00'),
  (678, 265, -2, 'sale', 'sale', 65, NULL, '2026-02-08 19:29:00'),
  (679, 105, -2, 'sale', 'sale', 65, NULL, '2026-02-08 19:29:00'),
  (680, 327, -3, 'sale', 'sale', 66, NULL, '2026-02-10 07:08:08'),
  (681, 341, -1, 'sale', 'sale', 66, NULL, '2026-02-10 07:08:08'),
  (682, 14, -1, 'sale', 'sale', 66, NULL, '2026-02-10 07:08:08'),
  (683, 516, -1, 'sale', 'sale', 67, NULL, '2026-02-10 23:06:18'),
  (684, 288, -1, 'sale', 'sale', 67, NULL, '2026-02-10 23:06:18'),
  (685, 228, -1, 'sale', 'sale', 67, NULL, '2026-02-10 23:06:18'),
  (686, 309, -2, 'sale', 'sale', 67, NULL, '2026-02-10 23:06:18'),
  (687, 315, -3, 'sale', 'sale', 68, NULL, '2026-02-06 17:53:53'),
  (688, 233, -3, 'sale', 'sale', 69, NULL, '2026-02-07 18:27:47'),
  (689, 278, -2, 'sale', 'sale', 69, NULL, '2026-02-07 18:27:47'),
  (690, 166, -1, 'sale', 'sale', 70, NULL, '2026-02-11 18:16:40'),
  (691, 494, -2, 'sale', 'sale', 71, NULL, '2026-02-07 05:11:35'),
  (692, 497, -1, 'sale', 'sale', 71, NULL, '2026-02-07 05:11:35'),
  (693, 370, -1, 'sale', 'sale', 71, NULL, '2026-02-07 05:11:35'),
  (694, 47, -1, 'sale', 'sale', 71, NULL, '2026-02-07 05:11:35'),
  (695, 105, -1, 'sale', 'sale', 72, NULL, '2026-02-10 10:13:27'),
  (696, 497, -3, 'sale', 'sale', 72, NULL, '2026-02-10 10:13:27'),
  (697, 535, -2, 'sale', 'sale', 72, NULL, '2026-02-10 10:13:27'),
  (698, 522, -2, 'sale', 'sale', 72, NULL, '2026-02-10 10:13:27'),
  (699, 173, -1, 'sale', 'sale', 73, NULL, '2026-02-10 09:10:25'),
  (700, 230, -2, 'sale', 'sale', 73, NULL, '2026-02-10 09:10:25'),
  (701, 409, -2, 'sale', 'sale', 73, NULL, '2026-02-10 09:10:25'),
  (702, 257, 1, 'return', 'return', 4, NULL, '2026-02-08 13:38:40'),
  (703, 415, 1, 'return', 'return', 5, NULL, '2026-02-11 01:21:30'),
  (704, 303, -2, 'sale', 'sale', 74, NULL, '2026-02-16 07:19:18'),
  (705, 140, -3, 'sale', 'sale', 74, NULL, '2026-02-16 07:19:18'),
  (706, 197, -1, 'sale', 'sale', 74, NULL, '2026-02-16 07:19:18'),
  (707, 414, -2, 'sale', 'sale', 74, NULL, '2026-02-16 07:19:18'),
  (708, 535, -3, 'sale', 'sale', 75, NULL, '2026-02-17 17:52:00'),
  (709, 360, -1, 'sale', 'sale', 75, NULL, '2026-02-17 17:52:00'),
  (710, 299, -1, 'sale', 'sale', 75, NULL, '2026-02-17 17:52:00'),
  (711, 130, -3, 'sale', 'sale', 76, NULL, '2026-02-17 23:56:48'),
  (712, 338, -3, 'sale', 'sale', 76, NULL, '2026-02-17 23:56:48'),
  (713, 439, -3, 'sale', 'sale', 76, NULL, '2026-02-17 23:56:48'),
  (714, 535, -1, 'sale', 'sale', 76, NULL, '2026-02-17 23:56:48'),
  (715, 83, -2, 'sale', 'sale', 77, NULL, '2026-02-15 23:12:36'),
  (716, 146, -3, 'sale', 'sale', 77, NULL, '2026-02-15 23:12:36'),
  (717, 173, -1, 'sale', 'sale', 77, NULL, '2026-02-15 23:12:36'),
  (718, 397, -2, 'sale', 'sale', 77, NULL, '2026-02-15 23:12:36'),
  (719, 152, -3, 'sale', 'sale', 78, NULL, '2026-02-13 03:57:57'),
  (720, 352, -3, 'sale', 'sale', 78, NULL, '2026-02-13 03:57:57'),
  (721, 19, -1, 'sale', 'sale', 79, NULL, '2026-02-14 18:26:47'),
  (722, 27, -1, 'sale', 'sale', 79, NULL, '2026-02-14 18:26:47'),
  (723, 216, -2, 'sale', 'sale', 80, NULL, '2026-02-17 11:07:05'),
  (724, 417, -3, 'sale', 'sale', 80, NULL, '2026-02-17 11:07:05'),
  (725, 158, -3, 'sale', 'sale', 81, NULL, '2026-02-12 10:49:23'),
  (726, 182, -3, 'sale', 'sale', 81, NULL, '2026-02-12 10:49:23'),
  (727, 507, -2, 'sale', 'sale', 81, NULL, '2026-02-12 10:49:23'),
  (728, 130, -2, 'sale', 'sale', 81, NULL, '2026-02-12 10:49:23'),
  (729, 351, -2, 'sale', 'sale', 82, NULL, '2026-02-16 00:38:14'),
  (730, 450, -1, 'sale', 'sale', 83, NULL, '2026-02-13 05:21:39'),
  (731, 411, -3, 'sale', 'sale', 84, NULL, '2026-02-18 00:04:37'),
  (732, 79, -1, 'sale', 'sale', 84, NULL, '2026-02-18 00:04:37'),
  (733, 89, -1, 'sale', 'sale', 84, NULL, '2026-02-18 00:04:37'),
  (734, 356, -1, 'sale', 'sale', 84, NULL, '2026-02-18 00:04:37'),
  (735, 166, 1, 'return', 'return', 7, NULL, '2026-02-17 04:05:45'),
  (736, 104, -2, 'sale', 'sale', 85, NULL, '2026-02-24 22:30:24'),
  (737, 116, -1, 'sale', 'sale', 85, NULL, '2026-02-24 22:30:24'),
  (738, 433, -3, 'sale', 'sale', 86, NULL, '2026-02-20 14:51:17'),
  (739, 314, -1, 'sale', 'sale', 87, NULL, '2026-02-25 18:42:15'),
  (740, 244, -3, 'sale', 'sale', 88, NULL, '2026-02-21 05:49:15'),
  (741, 121, -2, 'sale', 'sale', 88, NULL, '2026-02-21 05:49:15'),
  (742, 71, -2, 'sale', 'sale', 89, NULL, '2026-02-21 11:53:35'),
  (743, 412, -1, 'sale', 'sale', 89, NULL, '2026-02-21 11:53:35'),
  (744, 532, -1, 'sale', 'sale', 90, NULL, '2026-02-21 00:09:35'),
  (745, 60, -2, 'sale', 'sale', 90, NULL, '2026-02-21 00:09:35'),
  (746, 241, -1, 'sale', 'sale', 90, NULL, '2026-02-21 00:09:35'),
  (747, 205, -1, 'sale', 'sale', 91, NULL, '2026-02-21 08:48:20'),
  (748, 365, -3, 'sale', 'sale', 92, NULL, '2026-02-23 23:15:35'),
  (749, 406, -1, 'sale', 'sale', 92, NULL, '2026-02-23 23:15:35'),
  (750, 63, -2, 'sale', 'sale', 93, NULL, '2026-02-23 03:35:02'),
  (751, 97, -2, 'sale', 'sale', 93, NULL, '2026-02-23 03:35:02'),
  (752, 224, -3, 'sale', 'sale', 93, NULL, '2026-02-23 03:35:02'),
  (753, 521, -2, 'sale', 'sale', 93, NULL, '2026-02-23 03:35:02'),
  (754, 294, -1, 'sale', 'sale', 94, NULL, '2026-03-01 09:15:42'),
  (755, 375, -1, 'sale', 'sale', 94, NULL, '2026-03-01 09:15:42'),
  (756, 182, -2, 'sale', 'sale', 94, NULL, '2026-03-01 09:15:42'),
  (757, 75, -3, 'sale', 'sale', 95, NULL, '2026-02-28 11:59:53'),
  (758, 201, -2, 'sale', 'sale', 95, NULL, '2026-02-28 11:59:53'),
  (759, 486, -3, 'sale', 'sale', 95, NULL, '2026-02-28 11:59:53'),
  (760, 16, -2, 'sale', 'sale', 95, NULL, '2026-02-28 11:59:53'),
  (761, 282, -2, 'sale', 'sale', 97, NULL, '2026-03-03 19:37:45'),
  (762, 149, -3, 'sale', 'sale', 97, NULL, '2026-03-03 19:37:45'),
  (763, 27, -1, 'sale', 'sale', 97, NULL, '2026-03-03 19:37:45'),
  (764, 479, -1, 'sale', 'sale', 98, NULL, '2026-03-04 10:36:22'),
  (765, 5, -3, 'sale', 'sale', 98, NULL, '2026-03-04 10:36:22'),
  (766, 82, -2, 'sale', 'sale', 99, NULL, '2026-02-28 15:54:46'),
  (767, 386, -1, 'sale', 'sale', 99, NULL, '2026-02-28 15:54:46'),
  (768, 55, -1, 'sale', 'sale', 99, NULL, '2026-02-28 15:54:46'),
  (769, 133, -1, 'sale', 'sale', 99, NULL, '2026-02-28 15:54:46'),
  (770, 153, -1, 'sale', 'sale', 100, NULL, '2026-03-02 11:01:34'),
  (771, 342, -3, 'sale', 'sale', 100, NULL, '2026-03-02 11:01:34'),
  (772, 184, -1, 'sale', 'sale', 100, NULL, '2026-03-02 11:01:34'),
  (773, 224, -3, 'sale', 'sale', 101, NULL, '2026-02-26 17:12:40'),
  (774, 534, -2, 'sale', 'sale', 101, NULL, '2026-02-26 17:12:40'),
  (775, 391, -2, 'sale', 'sale', 102, NULL, '2026-03-01 06:25:05'),
  (776, 107, -1, 'sale', 'sale', 103, NULL, '2026-03-03 06:48:56'),
  (777, 480, -1, 'sale', 'sale', 103, NULL, '2026-03-03 06:48:56'),
  (778, 52, -3, 'sale', 'sale', 103, NULL, '2026-03-03 06:48:56'),
  (779, 119, -3, 'sale', 'sale', 103, NULL, '2026-03-03 06:48:56'),
  (780, 90, -2, 'sale', 'sale', 104, NULL, '2026-03-04 01:11:02'),
  (781, 36, -2, 'sale', 'sale', 104, NULL, '2026-03-04 01:11:02'),
  (782, 457, -2, 'sale', 'sale', 104, NULL, '2026-03-04 01:11:02'),
  (783, 26, -2, 'sale', 'sale', 104, NULL, '2026-03-04 01:11:02'),
  (784, 393, -3, 'sale', 'sale', 105, NULL, '2026-03-02 22:16:41'),
  (785, 50, -1, 'sale', 'sale', 105, NULL, '2026-03-02 22:16:41'),
  (786, 80, -3, 'sale', 'sale', 106, NULL, '2026-02-28 14:31:18'),
  (787, 261, -1, 'sale', 'sale', 106, NULL, '2026-02-28 14:31:18'),
  (788, 95, -1, 'sale', 'sale', 107, NULL, '2026-03-02 23:14:38'),
  (789, 205, -3, 'sale', 'sale', 107, NULL, '2026-03-02 23:14:38'),
  (790, 331, -3, 'sale', 'sale', 108, NULL, '2026-03-02 10:29:37'),
  (791, 11, -2, 'sale', 'sale', 109, NULL, '2026-03-01 12:04:39'),
  (792, 28, -3, 'sale', 'sale', 109, NULL, '2026-03-01 12:04:39'),
  (793, 376, -2, 'sale', 'sale', 110, NULL, '2026-03-11 13:07:05'),
  (794, 148, -2, 'sale', 'sale', 110, NULL, '2026-03-11 13:07:05'),
  (795, 263, -2, 'sale', 'sale', 110, NULL, '2026-03-11 13:07:05'),
  (796, 280, -3, 'sale', 'sale', 110, NULL, '2026-03-11 13:07:05'),
  (797, 524, -1, 'sale', 'sale', 111, NULL, '2026-03-06 23:43:25'),
  (798, 114, -2, 'sale', 'sale', 112, NULL, '2026-03-11 06:27:23'),
  (799, 339, -2, 'sale', 'sale', 112, NULL, '2026-03-11 06:27:23'),
  (800, 344, -3, 'sale', 'sale', 112, NULL, '2026-03-11 06:27:23');
INSERT INTO inventory_movements (id, variant_id, delta, reason, ref_type, ref_id, note, created_at) VALUES
  (801, 150, -1, 'sale', 'sale', 113, NULL, '2026-03-11 16:29:03'),
  (802, 310, -3, 'sale', 'sale', 114, NULL, '2026-03-10 02:11:11'),
  (803, 149, -2, 'sale', 'sale', 115, NULL, '2026-03-06 18:30:11'),
  (804, 389, -1, 'sale', 'sale', 115, NULL, '2026-03-06 18:30:11'),
  (805, 491, -2, 'sale', 'sale', 116, NULL, '2026-03-05 15:05:07'),
  (806, 359, -3, 'sale', 'sale', 116, NULL, '2026-03-05 15:05:07'),
  (807, 36, -1, 'sale', 'sale', 116, NULL, '2026-03-05 15:05:07'),
  (808, 81, -3, 'sale', 'sale', 116, NULL, '2026-03-05 15:05:07'),
  (809, 69, -2, 'sale', 'sale', 117, NULL, '2026-03-10 01:53:12'),
  (810, 478, -1, 'sale', 'sale', 118, NULL, '2026-03-10 13:13:58'),
  (811, 427, -2, 'sale', 'sale', 118, NULL, '2026-03-10 13:13:58'),
  (812, 114, -2, 'sale', 'sale', 119, NULL, '2026-03-06 06:21:22'),
  (813, 374, -3, 'sale', 'sale', 119, NULL, '2026-03-06 06:21:22'),
  (814, 183, -1, 'sale', 'sale', 120, NULL, '2026-03-06 01:37:24'),
  (815, 105, -2, 'sale', 'sale', 120, NULL, '2026-03-06 01:37:24'),
  (816, 527, -2, 'sale', 'sale', 120, NULL, '2026-03-06 01:37:24'),
  (817, 14, -1, 'sale', 'sale', 120, NULL, '2026-03-06 01:37:24'),
  (818, 321, -1, 'sale', 'sale', 121, NULL, '2026-03-16 21:40:55'),
  (819, 399, -1, 'sale', 'sale', 121, NULL, '2026-03-16 21:40:55'),
  (820, 121, -3, 'sale', 'sale', 121, NULL, '2026-03-16 21:40:55'),
  (821, 313, -2, 'sale', 'sale', 121, NULL, '2026-03-16 21:40:55'),
  (822, 470, -2, 'sale', 'sale', 122, NULL, '2026-03-14 23:36:34'),
  (823, 499, -1, 'sale', 'sale', 123, NULL, '2026-03-17 23:09:11'),
  (824, 143, -2, 'sale', 'sale', 123, NULL, '2026-03-17 23:09:11'),
  (825, 113, -3, 'sale', 'sale', 123, NULL, '2026-03-17 23:09:11'),
  (826, 51, -2, 'sale', 'sale', 123, NULL, '2026-03-17 23:09:11'),
  (827, 464, -1, 'sale', 'sale', 125, NULL, '2026-03-13 19:35:00'),
  (828, 339, -1, 'sale', 'sale', 125, NULL, '2026-03-13 19:35:00'),
  (829, 345, -2, 'sale', 'sale', 125, NULL, '2026-03-13 19:35:00'),
  (830, 181, -3, 'sale', 'sale', 125, NULL, '2026-03-13 19:35:00'),
  (831, 359, -1, 'sale', 'sale', 126, NULL, '2026-03-14 06:47:12'),
  (832, 65, -3, 'sale', 'sale', 126, NULL, '2026-03-14 06:47:12'),
  (833, 498, -3, 'sale', 'sale', 126, NULL, '2026-03-14 06:47:12'),
  (834, 533, -1, 'sale', 'sale', 126, NULL, '2026-03-14 06:47:12'),
  (835, 186, -2, 'sale', 'sale', 127, NULL, '2026-03-14 23:19:27'),
  (836, 472, -3, 'sale', 'sale', 127, NULL, '2026-03-14 23:19:27'),
  (837, 15, -3, 'sale', 'sale', 127, NULL, '2026-03-14 23:19:27'),
  (838, 87, -2, 'sale', 'sale', 127, NULL, '2026-03-14 23:19:27'),
  (839, 507, -3, 'sale', 'sale', 128, NULL, '2026-03-13 20:45:28'),
  (840, 266, -1, 'sale', 'sale', 128, NULL, '2026-03-13 20:45:28'),
  (841, 390, -1, 'sale', 'sale', 128, NULL, '2026-03-13 20:45:28'),
  (842, 274, -1, 'sale', 'sale', 128, NULL, '2026-03-13 20:45:28'),
  (843, 24, -3, 'sale', 'sale', 129, NULL, '2026-03-16 07:23:43'),
  (844, 378, -3, 'sale', 'sale', 130, NULL, '2026-03-13 19:12:26'),
  (845, 341, -3, 'sale', 'sale', 130, NULL, '2026-03-13 19:12:26'),
  (846, 64, -2, 'sale', 'sale', 130, NULL, '2026-03-13 19:12:26'),
  (847, 230, -2, 'sale', 'sale', 130, NULL, '2026-03-13 19:12:26'),
  (848, 300, -3, 'sale', 'sale', 131, NULL, '2026-03-16 06:37:25'),
  (849, 85, -3, 'sale', 'sale', 131, NULL, '2026-03-16 06:37:25'),
  (850, 233, -3, 'sale', 'sale', 131, NULL, '2026-03-16 06:37:25'),
  (851, 52, -2, 'sale', 'sale', 131, NULL, '2026-03-16 06:37:25'),
  (852, 541, 1, 'return', 'return', 8, NULL, '2026-03-16 02:20:16'),
  (853, 327, 1, 'return', 'return', 9, NULL, '2026-03-14 11:20:35'),
  (854, 412, -3, 'sale', 'sale', 132, NULL, '2026-03-22 08:58:49'),
  (855, 176, -1, 'sale', 'sale', 132, NULL, '2026-03-22 08:58:49'),
  (856, 171, -3, 'sale', 'sale', 132, NULL, '2026-03-22 08:58:49'),
  (857, 347, -3, 'sale', 'sale', 132, NULL, '2026-03-22 08:58:49'),
  (858, 264, -1, 'sale', 'sale', 133, NULL, '2026-03-22 05:21:13'),
  (859, 113, -2, 'sale', 'sale', 134, NULL, '2026-03-22 08:10:38'),
  (860, 92, -2, 'sale', 'sale', 135, NULL, '2026-03-22 01:09:06'),
  (861, 160, -2, 'sale', 'sale', 136, NULL, '2026-03-22 14:39:07'),
  (862, 292, -1, 'sale', 'sale', 137, NULL, '2026-03-20 20:01:01'),
  (863, 140, -2, 'sale', 'sale', 137, NULL, '2026-03-20 20:01:01'),
  (864, 75, -1, 'sale', 'sale', 137, NULL, '2026-03-20 20:01:01'),
  (865, 132, -1, 'sale', 'sale', 138, NULL, '2026-03-23 21:31:16'),
  (866, 176, -3, 'sale', 'sale', 138, NULL, '2026-03-23 21:31:16'),
  (867, 320, -2, 'sale', 'sale', 138, NULL, '2026-03-23 21:31:16'),
  (868, 312, -3, 'sale', 'sale', 138, NULL, '2026-03-23 21:31:16'),
  (869, 489, -3, 'sale', 'sale', 139, NULL, '2026-03-24 16:09:15'),
  (870, 434, -3, 'sale', 'sale', 140, NULL, '2026-03-27 18:29:40'),
  (871, 218, -3, 'sale', 'sale', 140, NULL, '2026-03-27 18:29:40'),
  (872, 292, -1, 'sale', 'sale', 140, NULL, '2026-03-27 18:29:40'),
  (873, 249, -1, 'sale', 'sale', 140, NULL, '2026-03-27 18:29:40'),
  (874, 458, -2, 'sale', 'sale', 141, NULL, '2026-03-30 18:12:23'),
  (875, 74, -2, 'sale', 'sale', 141, NULL, '2026-03-30 18:12:23'),
  (876, 202, -1, 'sale', 'sale', 141, NULL, '2026-03-30 18:12:23'),
  (877, 47, -1, 'sale', 'sale', 141, NULL, '2026-03-30 18:12:23'),
  (878, 153, -2, 'sale', 'sale', 142, NULL, '2026-04-01 14:38:09'),
  (879, 224, -3, 'sale', 'sale', 142, NULL, '2026-04-01 14:38:09'),
  (880, 498, -3, 'sale', 'sale', 142, NULL, '2026-04-01 14:38:09'),
  (881, 213, -2, 'sale', 'sale', 142, NULL, '2026-04-01 14:38:09'),
  (882, 300, -2, 'sale', 'sale', 143, NULL, '2026-04-01 07:23:14'),
  (883, 340, -1, 'sale', 'sale', 144, NULL, '2026-03-28 18:01:08'),
  (884, 25, -2, 'sale', 'sale', 144, NULL, '2026-03-28 18:01:08'),
  (885, 268, -3, 'sale', 'sale', 144, NULL, '2026-03-28 18:01:08'),
  (886, 69, -3, 'sale', 'sale', 144, NULL, '2026-03-28 18:01:08'),
  (887, 539, -3, 'sale', 'sale', 145, NULL, '2026-03-30 16:28:23'),
  (888, 116, -1, 'sale', 'sale', 145, NULL, '2026-03-30 16:28:23'),
  (889, 540, -1, 'sale', 'sale', 145, NULL, '2026-03-30 16:28:23'),
  (890, 513, -2, 'sale', 'sale', 145, NULL, '2026-03-30 16:28:23'),
  (891, 31, -2, 'sale', 'sale', 146, NULL, '2026-03-28 00:14:11'),
  (892, 24, -3, 'sale', 'sale', 146, NULL, '2026-03-28 00:14:11'),
  (893, 502, -3, 'sale', 'sale', 146, NULL, '2026-03-28 00:14:11'),
  (894, 180, -3, 'sale', 'sale', 146, NULL, '2026-03-28 00:14:11'),
  (895, 145, -3, 'sale', 'sale', 147, NULL, '2026-03-30 19:45:00'),
  (896, 31, -1, 'sale', 'sale', 147, NULL, '2026-03-30 19:45:00'),
  (897, 476, -2, 'sale', 'sale', 147, NULL, '2026-03-30 19:45:00'),
  (898, 215, -1, 'sale', 'sale', 148, NULL, '2026-03-26 20:37:48'),
  (899, 49, -1, 'sale', 'sale', 148, NULL, '2026-03-26 20:37:48'),
  (900, 432, -1, 'sale', 'sale', 148, NULL, '2026-03-26 20:37:48'),
  (901, 451, -2, 'sale', 'sale', 149, NULL, '2026-03-26 15:17:55'),
  (902, 287, -1, 'sale', 'sale', 150, NULL, '2026-03-30 11:28:01'),
  (903, 421, -3, 'sale', 'sale', 150, NULL, '2026-03-30 11:28:01'),
  (904, 50, -2, 'sale', 'sale', 151, NULL, '2026-03-31 23:10:09'),
  (905, 275, -1, 'sale', 'sale', 152, NULL, '2026-03-27 08:46:03'),
  (906, 530, -1, 'sale', 'sale', 153, NULL, '2026-03-31 00:15:05'),
  (907, 332, -2, 'sale', 'sale', 153, NULL, '2026-03-31 00:15:05'),
  (908, 498, -3, 'sale', 'sale', 153, NULL, '2026-03-31 00:15:05'),
  (909, 87, -1, 'sale', 'sale', 153, NULL, '2026-03-31 00:15:05'),
  (910, 47, 1, 'return', 'return', 10, NULL, '2026-03-30 05:51:51'),
  (911, 88, -1, 'sale', 'sale', 154, NULL, '2026-04-07 01:07:11'),
  (912, 419, -3, 'sale', 'sale', 155, NULL, '2026-04-03 06:38:14'),
  (913, 279, -1, 'sale', 'sale', 156, NULL, '2026-04-03 04:27:51'),
  (914, 88, -1, 'sale', 'sale', 156, NULL, '2026-04-03 04:27:51'),
  (915, 203, -2, 'sale', 'sale', 156, NULL, '2026-04-03 04:27:51'),
  (916, 259, -1, 'sale', 'sale', 157, NULL, '2026-04-05 13:39:39'),
  (917, 20, -1, 'sale', 'sale', 157, NULL, '2026-04-05 13:39:39'),
  (918, 346, -1, 'sale', 'sale', 157, NULL, '2026-04-05 13:39:39'),
  (919, 541, -3, 'sale', 'sale', 158, NULL, '2026-04-02 13:35:45'),
  (920, 536, -2, 'sale', 'sale', 158, NULL, '2026-04-02 13:35:45'),
  (921, 484, -3, 'sale', 'sale', 158, NULL, '2026-04-02 13:35:45'),
  (922, 376, -2, 'sale', 'sale', 158, NULL, '2026-04-02 13:35:45'),
  (923, 69, -2, 'sale', 'sale', 159, NULL, '2026-04-02 17:32:52'),
  (924, 183, -3, 'sale', 'sale', 160, NULL, '2026-04-04 07:56:58'),
  (925, 148, -2, 'sale', 'sale', 160, NULL, '2026-04-04 07:56:58'),
  (926, 60, -1, 'sale', 'sale', 161, NULL, '2026-04-06 19:07:51'),
  (927, 317, -2, 'sale', 'sale', 161, NULL, '2026-04-06 19:07:51'),
  (928, 305, -1, 'sale', 'sale', 162, NULL, '2026-04-06 07:03:37'),
  (929, 476, -2, 'sale', 'sale', 162, NULL, '2026-04-06 07:03:37'),
  (930, 347, -3, 'sale', 'sale', 163, NULL, '2026-04-06 21:17:00'),
  (931, 341, -2, 'sale', 'sale', 163, NULL, '2026-04-06 21:17:00'),
  (932, 244, -2, 'sale', 'sale', 163, NULL, '2026-04-06 21:17:00'),
  (933, 126, -2, 'sale', 'sale', 163, NULL, '2026-04-06 21:17:00'),
  (934, 171, -3, 'sale', 'sale', 164, NULL, '2026-04-02 17:07:57'),
  (935, 319, -3, 'sale', 'sale', 164, NULL, '2026-04-02 17:07:57'),
  (936, 310, -3, 'sale', 'sale', 164, NULL, '2026-04-02 17:07:57'),
  (937, 462, -3, 'sale', 'sale', 164, NULL, '2026-04-02 17:07:57'),
  (938, 24, -3, 'sale', 'sale', 165, NULL, '2026-04-04 20:39:10'),
  (939, 485, -2, 'sale', 'sale', 165, NULL, '2026-04-04 20:39:10'),
  (940, 526, -3, 'sale', 'sale', 166, NULL, '2026-04-05 14:30:31'),
  (941, 61, -1, 'sale', 'sale', 166, NULL, '2026-04-05 14:30:31'),
  (942, 412, 1, 'return', 'return', 12, NULL, '2026-04-06 02:18:30'),
  (943, 424, -2, 'sale', 'sale', 167, NULL, '2026-04-11 20:42:21'),
  (944, 341, -2, 'sale', 'sale', 167, NULL, '2026-04-11 20:42:21'),
  (945, 96, -3, 'sale', 'sale', 167, NULL, '2026-04-11 20:42:21'),
  (946, 168, -2, 'sale', 'sale', 168, NULL, '2026-04-12 22:38:28'),
  (947, 99, -3, 'sale', 'sale', 168, NULL, '2026-04-12 22:38:28'),
  (948, 365, -2, 'sale', 'sale', 168, NULL, '2026-04-12 22:38:28'),
  (949, 332, -1, 'sale', 'sale', 169, NULL, '2026-04-13 19:30:32'),
  (950, 43, -1, 'sale', 'sale', 169, NULL, '2026-04-13 19:30:32'),
  (951, 150, -3, 'sale', 'sale', 170, NULL, '2026-04-11 05:57:48'),
  (952, 456, -1, 'sale', 'sale', 171, NULL, '2026-04-09 12:44:31'),
  (953, 410, -3, 'sale', 'sale', 171, NULL, '2026-04-09 12:44:31'),
  (954, 293, -3, 'sale', 'sale', 171, NULL, '2026-04-09 12:44:31'),
  (955, 197, -3, 'sale', 'sale', 172, NULL, '2026-04-12 05:33:55'),
  (956, 54, -3, 'sale', 'sale', 173, NULL, '2026-04-13 23:47:41'),
  (957, 224, -3, 'sale', 'sale', 173, NULL, '2026-04-13 23:47:41'),
  (958, 150, -1, 'sale', 'sale', 174, NULL, '2026-04-10 21:59:14'),
  (959, 468, -2, 'sale', 'sale', 175, NULL, '2026-04-10 09:18:48'),
  (960, 84, -2, 'sale', 'sale', 175, NULL, '2026-04-10 09:18:48'),
  (961, 98, -1, 'sale', 'sale', 175, NULL, '2026-04-10 09:18:48'),
  (962, 277, -1, 'sale', 'sale', 175, NULL, '2026-04-10 09:18:48'),
  (963, 334, -1, 'sale', 'sale', 176, NULL, '2026-04-09 18:00:38'),
  (964, 363, -3, 'sale', 'sale', 176, NULL, '2026-04-09 18:00:38'),
  (965, 436, -3, 'sale', 'sale', 176, NULL, '2026-04-09 18:00:38'),
  (966, 39, -1, 'sale', 'sale', 176, NULL, '2026-04-09 18:00:38'),
  (967, 365, -2, 'sale', 'sale', 177, NULL, '2026-04-17 20:06:10'),
  (968, 261, -2, 'sale', 'sale', 177, NULL, '2026-04-17 20:06:10'),
  (969, 81, -3, 'sale', 'sale', 177, NULL, '2026-04-17 20:06:10'),
  (970, 197, -1, 'sale', 'sale', 177, NULL, '2026-04-17 20:06:10'),
  (971, 490, -3, 'sale', 'sale', 178, NULL, '2026-04-19 21:07:49'),
  (972, 250, -2, 'sale', 'sale', 179, NULL, '2026-04-16 23:38:53'),
  (973, 25, -3, 'sale', 'sale', 179, NULL, '2026-04-16 23:38:53'),
  (974, 38, -1, 'sale', 'sale', 179, NULL, '2026-04-16 23:38:53'),
  (975, 192, -1, 'sale', 'sale', 179, NULL, '2026-04-16 23:38:53'),
  (976, 204, -2, 'sale', 'sale', 180, NULL, '2026-04-22 18:10:51'),
  (977, 380, -3, 'sale', 'sale', 180, NULL, '2026-04-22 18:10:51'),
  (978, 343, -2, 'sale', 'sale', 181, NULL, '2026-04-16 18:49:19'),
  (979, 431, -1, 'sale', 'sale', 182, NULL, '2026-04-21 10:11:11'),
  (980, 54, -2, 'sale', 'sale', 182, NULL, '2026-04-21 10:11:11'),
  (981, 148, -2, 'sale', 'sale', 182, NULL, '2026-04-21 10:11:11'),
  (982, 36, -3, 'sale', 'sale', 183, NULL, '2026-04-18 20:11:39'),
  (983, 164, -2, 'sale', 'sale', 183, NULL, '2026-04-18 20:11:39'),
  (984, 53, -2, 'sale', 'sale', 183, NULL, '2026-04-18 20:11:39'),
  (985, 349, -1, 'sale', 'sale', 184, NULL, '2026-04-17 05:19:42'),
  (986, 164, -3, 'sale', 'sale', 184, NULL, '2026-04-17 05:19:42'),
  (987, 426, -3, 'sale', 'sale', 185, NULL, '2026-04-19 18:22:33'),
  (988, 504, -2, 'sale', 'sale', 186, NULL, '2026-04-21 15:21:36'),
  (989, 224, -1, 'sale', 'sale', 187, NULL, '2026-04-18 07:08:36'),
  (990, 167, -1, 'sale', 'sale', 187, NULL, '2026-04-18 07:08:36'),
  (991, 39, -3, 'sale', 'sale', 187, NULL, '2026-04-18 07:08:36'),
  (992, 280, -1, 'sale', 'sale', 187, NULL, '2026-04-18 07:08:36'),
  (993, 44, -1, 'sale', 'sale', 188, NULL, '2026-04-18 11:08:01'),
  (994, 397, -3, 'sale', 'sale', 188, NULL, '2026-04-18 11:08:01'),
  (995, 437, -1, 'sale', 'sale', 188, NULL, '2026-04-18 11:08:01'),
  (996, 218, -1, 'sale', 'sale', 188, NULL, '2026-04-18 11:08:01'),
  (997, 92, 1, 'return', 'return', 13, NULL, '2026-04-19 17:49:09'),
  (998, 224, -3, 'sale', 'sale', 189, NULL, '2026-04-26 19:42:39'),
  (999, 114, -1, 'sale', 'sale', 190, NULL, '2026-04-25 01:07:26'),
  (1000, 132, -3, 'sale', 'sale', 190, NULL, '2026-04-25 01:07:26');
INSERT INTO inventory_movements (id, variant_id, delta, reason, ref_type, ref_id, note, created_at) VALUES
  (1001, 197, -1, 'sale', 'sale', 190, NULL, '2026-04-25 01:07:26'),
  (1002, 466, -1, 'sale', 'sale', 190, NULL, '2026-04-25 01:07:26'),
  (1003, 254, -1, 'sale', 'sale', 191, NULL, '2026-04-23 15:56:32'),
  (1004, 417, -3, 'sale', 'sale', 191, NULL, '2026-04-23 15:56:32'),
  (1005, 235, -3, 'sale', 'sale', 191, NULL, '2026-04-23 15:56:32'),
  (1006, 365, -3, 'sale', 'sale', 192, NULL, '2026-04-29 12:29:37'),
  (1007, 12, -2, 'sale', 'sale', 193, NULL, '2026-04-24 15:11:04'),
  (1008, 208, -3, 'sale', 'sale', 193, NULL, '2026-04-24 15:11:04'),
  (1009, 231, -3, 'sale', 'sale', 193, NULL, '2026-04-24 15:11:04'),
  (1010, 530, -1, 'sale', 'sale', 194, NULL, '2026-04-24 02:30:58'),
  (1011, 114, -2, 'sale', 'sale', 195, NULL, '2026-04-29 00:52:37'),
  (1012, 139, -2, 'sale', 'sale', 195, NULL, '2026-04-29 00:52:37'),
  (1013, 496, -3, 'sale', 'sale', 196, NULL, '2026-04-26 19:31:51'),
  (1014, 13, -3, 'sale', 'sale', 196, NULL, '2026-04-26 19:31:51'),
  (1015, 240, -2, 'sale', 'sale', 197, NULL, '2026-04-25 01:26:18'),
  (1016, 381, -2, 'sale', 'sale', 197, NULL, '2026-04-25 01:26:18'),
  (1017, 484, -3, 'sale', 'sale', 197, NULL, '2026-04-25 01:26:18'),
  (1018, 208, 1, 'return', 'return', 14, NULL, '2026-04-26 17:21:16'),
  (1019, 261, -1, 'sale', 'sale', 198, NULL, '2026-04-30 18:55:35'),
  (1020, 91, -3, 'sale', 'sale', 198, NULL, '2026-04-30 18:55:35'),
  (1021, 210, -1, 'sale', 'sale', 198, NULL, '2026-04-30 18:55:35'),
  (1022, 9, -1, 'sale', 'sale', 199, NULL, '2026-05-02 15:49:48'),
  (1023, 205, -2, 'sale', 'sale', 199, NULL, '2026-05-02 15:49:48'),
  (1024, 354, -2, 'sale', 'sale', 200, NULL, '2026-05-02 03:06:26'),
  (1025, 34, -1, 'sale', 'sale', 200, NULL, '2026-05-02 03:06:26'),
  (1026, 435, -3, 'sale', 'sale', 200, NULL, '2026-05-02 03:06:26'),
  (1027, 374, -2, 'sale', 'sale', 200, NULL, '2026-05-02 03:06:26'),
  (1028, 290, -2, 'sale', 'sale', 201, NULL, '2026-05-04 02:32:02'),
  (1029, 129, -1, 'sale', 'sale', 201, NULL, '2026-05-04 02:32:02'),
  (1030, 39, -2, 'sale', 'sale', 202, NULL, '2026-05-02 09:42:27'),
  (1031, 319, -2, 'sale', 'sale', 202, NULL, '2026-05-02 09:42:27'),
  (1032, 81, -1, 'sale', 'sale', 202, NULL, '2026-05-02 09:42:27'),
  (1033, 418, -1, 'sale', 'sale', 202, NULL, '2026-05-02 09:42:27'),
  (1034, 531, -3, 'sale', 'sale', 203, NULL, '2026-05-06 05:33:12'),
  (1035, 98, -3, 'sale', 'sale', 203, NULL, '2026-05-06 05:33:12'),
  (1036, 524, -3, 'sale', 'sale', 203, NULL, '2026-05-06 05:33:12'),
  (1037, 82, -2, 'sale', 'sale', 204, NULL, '2026-05-05 20:52:22'),
  (1038, 292, -1, 'sale', 'sale', 204, NULL, '2026-05-05 20:52:22'),
  (1039, 62, -3, 'sale', 'sale', 205, NULL, '2026-05-06 00:07:42'),
  (1040, 74, -2, 'sale', 'sale', 207, NULL, '2026-05-06 00:14:52'),
  (1041, 227, -1, 'sale', 'sale', 207, NULL, '2026-05-06 00:14:52'),
  (1042, 505, -3, 'sale', 'sale', 207, NULL, '2026-05-06 00:14:52'),
  (1043, 52, 1, 'return', 'return', 15, NULL, '2026-05-06 11:15:16'),
  (1044, 385, -2, 'sale', 'sale', 208, NULL, '2026-05-13 01:32:43'),
  (1045, 185, -3, 'sale', 'sale', 208, NULL, '2026-05-13 01:32:43'),
  (1046, 263, -1, 'sale', 'sale', 208, NULL, '2026-05-13 01:32:43'),
  (1047, 128, -3, 'sale', 'sale', 208, NULL, '2026-05-13 01:32:43'),
  (1048, 216, -3, 'sale', 'sale', 209, NULL, '2026-05-12 16:45:47'),
  (1049, 20, -2, 'sale', 'sale', 209, NULL, '2026-05-12 16:45:47'),
  (1050, 507, -1, 'sale', 'sale', 209, NULL, '2026-05-12 16:45:47'),
  (1051, 411, -2, 'sale', 'sale', 209, NULL, '2026-05-12 16:45:47'),
  (1052, 95, -2, 'sale', 'sale', 210, NULL, '2026-05-10 04:18:09'),
  (1053, 247, -3, 'sale', 'sale', 210, NULL, '2026-05-10 04:18:09'),
  (1054, 40, -1, 'sale', 'sale', 210, NULL, '2026-05-10 04:18:09'),
  (1055, 86, -2, 'sale', 'sale', 211, NULL, '2026-05-10 02:45:31'),
  (1056, 28, -2, 'sale', 'sale', 212, NULL, '2026-05-13 05:51:48'),
  (1057, 460, -2, 'sale', 'sale', 212, NULL, '2026-05-13 05:51:48'),
  (1058, 317, -2, 'sale', 'sale', 212, NULL, '2026-05-13 05:51:48'),
  (1059, 60, -3, 'sale', 'sale', 213, NULL, '2026-05-08 03:22:17'),
  (1060, 164, -3, 'sale', 'sale', 213, NULL, '2026-05-08 03:22:17'),
  (1061, 8, -2, 'sale', 'sale', 213, NULL, '2026-05-08 03:22:17'),
  (1062, 88, -2, 'sale', 'sale', 214, NULL, '2026-05-13 13:21:42'),
  (1063, 173, -3, 'sale', 'sale', 214, NULL, '2026-05-13 13:21:42'),
  (1064, 186, -2, 'sale', 'sale', 214, NULL, '2026-05-13 13:21:42'),
  (1065, 321, -3, 'sale', 'sale', 214, NULL, '2026-05-13 13:21:42'),
  (1066, 455, -2, 'sale', 'sale', 215, NULL, '2026-05-08 04:51:43'),
  (1067, 157, -1, 'sale', 'sale', 216, NULL, '2026-05-11 20:03:55'),
  (1068, 383, -3, 'sale', 'sale', 216, NULL, '2026-05-11 20:03:55'),
  (1069, 49, -2, 'sale', 'sale', 216, NULL, '2026-05-11 20:03:55'),
  (1070, 418, -2, 'sale', 'sale', 217, NULL, '2026-05-12 23:41:19'),
  (1071, 383, -1, 'sale', 'sale', 217, NULL, '2026-05-12 23:41:19'),
  (1072, 205, -1, 'sale', 'sale', 217, NULL, '2026-05-12 23:41:19'),
  (1073, 504, 1, 'return', 'return', 16, NULL, '2026-05-09 02:41:26'),
  (1074, 240, -2, 'sale', 'sale', 218, NULL, '2026-05-20 18:44:10'),
  (1075, 123, -2, 'sale', 'sale', 218, NULL, '2026-05-20 18:44:10'),
  (1076, 360, -2, 'sale', 'sale', 218, NULL, '2026-05-20 18:44:10'),
  (1077, 253, -3, 'sale', 'sale', 219, NULL, '2026-05-15 20:18:36'),
  (1078, 190, -3, 'sale', 'sale', 220, NULL, '2026-05-20 05:39:25'),
  (1079, 435, -1, 'sale', 'sale', 220, NULL, '2026-05-20 05:39:25'),
  (1080, 131, -1, 'sale', 'sale', 220, NULL, '2026-05-20 05:39:25'),
  (1081, 490, -3, 'sale', 'sale', 220, NULL, '2026-05-20 05:39:25'),
  (1082, 396, -3, 'sale', 'sale', 221, NULL, '2026-05-18 17:03:30'),
  (1083, 510, -1, 'sale', 'sale', 221, NULL, '2026-05-18 17:03:30'),
  (1084, 434, -3, 'sale', 'sale', 221, NULL, '2026-05-18 17:03:30'),
  (1085, 259, -1, 'sale', 'sale', 222, NULL, '2026-05-16 18:48:19'),
  (1086, 63, -2, 'sale', 'sale', 222, NULL, '2026-05-16 18:48:19'),
  (1087, 387, -2, 'sale', 'sale', 222, NULL, '2026-05-16 18:48:19'),
  (1088, 412, -1, 'sale', 'sale', 223, NULL, '2026-05-19 18:19:45'),
  (1089, 35, -2, 'sale', 'sale', 223, NULL, '2026-05-19 18:19:45'),
  (1090, 24, -1, 'sale', 'sale', 224, NULL, '2026-05-18 17:01:51'),
  (1091, 404, -1, 'sale', 'sale', 224, NULL, '2026-05-18 17:01:51'),
  (1092, 307, -1, 'sale', 'sale', 224, NULL, '2026-05-18 17:01:51'),
  (1093, 108, -1, 'sale', 'sale', 225, NULL, '2026-05-17 18:31:53'),
  (1094, 345, -1, 'sale', 'sale', 225, NULL, '2026-05-17 18:31:53'),
  (1095, 18, -3, 'sale', 'sale', 226, NULL, '2026-05-15 07:13:51'),
  (1096, 65, -1, 'sale', 'sale', 226, NULL, '2026-05-15 07:13:51'),
  (1097, 450, -1, 'sale', 'sale', 226, NULL, '2026-05-15 07:13:51'),
  (1098, 454, -2, 'sale', 'sale', 226, NULL, '2026-05-15 07:13:51'),
  (1099, 505, -3, 'sale', 'sale', 227, NULL, '2026-05-18 13:17:54'),
  (1100, 291, -3, 'sale', 'sale', 227, NULL, '2026-05-18 13:17:54'),
  (1101, 490, -1, 'sale', 'sale', 228, NULL, '2026-05-14 09:15:49'),
  (1102, 76, -2, 'sale', 'sale', 228, NULL, '2026-05-14 09:15:49'),
  (1103, 496, -3, 'sale', 'sale', 229, NULL, '2026-05-19 19:59:04'),
  (1104, 507, -2, 'sale', 'sale', 229, NULL, '2026-05-19 19:59:04'),
  (1105, 324, -3, 'sale', 'sale', 229, NULL, '2026-05-19 19:59:04'),
  (1106, 126, -3, 'sale', 'sale', 229, NULL, '2026-05-19 19:59:04'),
  (1107, 341, -1, 'sale', 'sale', 230, NULL, '2026-05-19 22:11:59'),
  (1108, 24, -1, 'sale', 'sale', 230, NULL, '2026-05-19 22:11:59'),
  (1109, 35, -3, 'sale', 'sale', 230, NULL, '2026-05-19 22:11:59'),
  (1110, 452, -1, 'sale', 'sale', 230, NULL, '2026-05-19 22:11:59'),
  (1111, 199, -1, 'sale', 'sale', 231, NULL, '2026-05-22 15:10:36'),
  (1112, 334, -1, 'sale', 'sale', 231, NULL, '2026-05-22 15:10:36'),
  (1113, 97, -1, 'sale', 'sale', 231, NULL, '2026-05-22 15:10:36'),
  (1114, 270, -3, 'sale', 'sale', 231, NULL, '2026-05-22 15:10:36'),
  (1115, 48, -1, 'sale', 'sale', 232, NULL, '2026-05-27 07:17:34'),
  (1116, 362, -1, 'sale', 'sale', 232, NULL, '2026-05-27 07:17:34'),
  (1117, 267, -2, 'sale', 'sale', 232, NULL, '2026-05-27 07:17:34'),
  (1118, 97, -3, 'sale', 'sale', 232, NULL, '2026-05-27 07:17:34'),
  (1119, 194, -2, 'sale', 'sale', 233, NULL, '2026-05-23 23:40:43'),
  (1120, 498, -3, 'sale', 'sale', 233, NULL, '2026-05-23 23:40:43'),
  (1121, 160, -3, 'sale', 'sale', 233, NULL, '2026-05-23 23:40:43'),
  (1122, 408, -3, 'sale', 'sale', 234, NULL, '2026-05-25 01:19:51'),
  (1123, 95, -1, 'sale', 'sale', 234, NULL, '2026-05-25 01:19:51'),
  (1124, 35, -3, 'sale', 'sale', 234, NULL, '2026-05-25 01:19:51'),
  (1125, 241, -1, 'sale', 'sale', 235, NULL, '2026-05-25 04:00:09'),
  (1126, 485, -2, 'sale', 'sale', 236, NULL, '2026-05-23 08:01:17'),
  (1127, 368, -1, 'sale', 'sale', 236, NULL, '2026-05-23 08:01:17'),
  (1128, 305, -1, 'sale', 'sale', 237, NULL, '2026-05-25 01:02:44'),
  (1129, 202, -1, 'sale', 'sale', 237, NULL, '2026-05-25 01:02:44'),
  (1130, 96, -2, 'sale', 'sale', 238, NULL, '2026-05-23 08:38:38'),
  (1131, 160, -1, 'sale', 'sale', 238, NULL, '2026-05-23 08:38:38'),
  (1132, 81, -3, 'sale', 'sale', 238, NULL, '2026-05-23 08:38:38'),
  (1133, 213, -1, 'sale', 'sale', 239, NULL, '2026-05-23 09:00:30'),
  (1134, 200, -3, 'sale', 'sale', 240, NULL, '2026-05-25 05:08:17'),
  (1135, 38, -2, 'sale', 'sale', 241, NULL, '2026-05-30 01:36:31'),
  (1136, 492, -2, 'sale', 'sale', 241, NULL, '2026-05-30 01:36:31'),
  (1137, 515, -1, 'sale', 'sale', 241, NULL, '2026-05-30 01:36:31'),
  (1138, 490, -3, 'sale', 'sale', 242, NULL, '2026-05-30 00:25:02'),
  (1139, 352, -1, 'sale', 'sale', 243, NULL, '2026-06-02 16:55:25'),
  (1140, 437, -2, 'sale', 'sale', 243, NULL, '2026-06-02 16:55:25'),
  (1141, 200, -3, 'sale', 'sale', 243, NULL, '2026-06-02 16:55:25'),
  (1142, 62, -1, 'sale', 'sale', 244, NULL, '2026-06-03 07:47:10'),
  (1143, 382, -2, 'sale', 'sale', 245, NULL, '2026-06-02 16:10:05'),
  (1144, 100, -2, 'sale', 'sale', 245, NULL, '2026-06-02 16:10:05'),
  (1145, 433, -2, 'sale', 'sale', 246, NULL, '2026-05-30 16:48:41'),
  (1146, 491, -1, 'sale', 'sale', 246, NULL, '2026-05-30 16:48:41'),
  (1147, 120, -1, 'sale', 'sale', 246, NULL, '2026-05-30 16:48:41'),
  (1148, 253, -3, 'sale', 'sale', 246, NULL, '2026-05-30 16:48:41'),
  (1149, 323, -2, 'sale', 'sale', 247, NULL, '2026-06-02 19:23:43'),
  (1150, 62, -1, 'sale', 'sale', 247, NULL, '2026-06-02 19:23:43'),
  (1151, 199, -3, 'sale', 'sale', 247, NULL, '2026-06-02 19:23:43'),
  (1152, 472, -2, 'sale', 'sale', 248, NULL, '2026-06-02 09:23:10'),
  (1153, 431, -1, 'sale', 'sale', 248, NULL, '2026-06-02 09:23:10'),
  (1154, 196, -3, 'sale', 'sale', 249, NULL, '2026-05-30 11:04:46'),
  (1155, 407, -1, 'sale', 'sale', 249, NULL, '2026-05-30 11:04:46'),
  (1156, 364, -3, 'sale', 'sale', 249, NULL, '2026-05-30 11:04:46'),
  (1157, 431, -1, 'sale', 'sale', 250, NULL, '2026-06-02 05:45:37'),
  (1158, 238, -3, 'sale', 'sale', 250, NULL, '2026-06-02 05:45:37'),
  (1159, 205, -2, 'sale', 'sale', 250, NULL, '2026-06-02 05:45:37'),
  (1160, 30, -3, 'sale', 'sale', 251, NULL, '2026-05-30 11:07:31'),
  (1161, 474, -1, 'sale', 'sale', 251, NULL, '2026-05-30 11:07:31'),
  (1162, 91, -1, 'sale', 'sale', 251, NULL, '2026-05-30 11:07:31'),
  (1163, 168, -3, 'sale', 'sale', 252, NULL, '2026-06-01 05:01:03'),
  (1164, 366, -1, 'sale', 'sale', 252, NULL, '2026-06-01 05:01:03'),
  (1165, 31, -2, 'sale', 'sale', 252, NULL, '2026-06-01 05:01:03'),
  (1166, 30, -2, 'sale', 'sale', 253, NULL, '2026-06-05 14:57:01'),
  (1167, 5, -3, 'sale', 'sale', 253, NULL, '2026-06-05 14:57:01'),
  (1168, 500, -2, 'sale', 'sale', 255, NULL, '2026-06-09 04:16:40'),
  (1169, 273, -3, 'sale', 'sale', 255, NULL, '2026-06-09 04:16:40'),
  (1170, 472, -3, 'sale', 'sale', 255, NULL, '2026-06-09 04:16:40'),
  (1171, 224, -2, 'sale', 'sale', 256, NULL, '2026-06-06 05:27:53'),
  (1172, 67, -2, 'sale', 'sale', 256, NULL, '2026-06-06 05:27:53'),
  (1173, 349, -2, 'sale', 'sale', 257, NULL, '2026-06-08 00:35:39'),
  (1174, 7, -3, 'sale', 'sale', 257, NULL, '2026-06-08 00:35:39'),
  (1175, 172, -3, 'sale', 'sale', 258, NULL, '2026-06-05 16:03:59'),
  (1176, 456, -3, 'sale', 'sale', 259, NULL, '2026-06-10 03:04:31'),
  (1177, 59, -1, 'sale', 'sale', 259, NULL, '2026-06-10 03:04:31'),
  (1178, 540, -1, 'sale', 'sale', 259, NULL, '2026-06-10 03:04:31'),
  (1179, 144, -3, 'sale', 'sale', 260, NULL, '2026-06-08 05:00:33'),
  (1180, 484, -2, 'sale', 'sale', 260, NULL, '2026-06-08 05:00:33'),
  (1181, 488, -3, 'sale', 'sale', 260, NULL, '2026-06-08 05:00:33'),
  (1182, 188, -3, 'sale', 'sale', 261, NULL, '2026-06-04 19:52:55'),
  (1183, 187, -2, 'sale', 'sale', 261, NULL, '2026-06-04 19:52:55'),
  (1184, 385, -3, 'sale', 'sale', 261, NULL, '2026-06-04 19:52:55'),
  (1185, 322, -3, 'sale', 'sale', 261, NULL, '2026-06-04 19:52:55'),
  (1186, 228, -3, 'sale', 'sale', 262, NULL, '2026-06-05 11:58:52'),
  (1187, 7, -2, 'sale', 'sale', 262, NULL, '2026-06-05 11:58:52'),
  (1188, 328, -3, 'sale', 'sale', 263, NULL, '2026-06-10 04:48:01'),
  (1189, 31, -2, 'sale', 'sale', 263, NULL, '2026-06-10 04:48:01'),
  (1190, 297, -1, 'sale', 'sale', 263, NULL, '2026-06-10 04:48:01'),
  (1191, 317, 1, 'return', 'return', 18, NULL, '2026-06-07 22:08:01'),
  (1192, 60, 1, 'return', 'return', 19, NULL, '2026-06-04 22:02:04'),
  (1193, 137, -3, 'sale', 'sale', 264, NULL, '2026-06-17 17:19:36'),
  (1194, 269, -2, 'sale', 'sale', 264, NULL, '2026-06-17 17:19:36'),
  (1195, 302, -1, 'sale', 'sale', 265, NULL, '2026-06-15 07:17:28'),
  (1196, 81, -2, 'sale', 'sale', 265, NULL, '2026-06-15 07:17:28'),
  (1197, 462, -3, 'sale', 'sale', 266, NULL, '2026-06-12 02:11:35'),
  (1198, 55, -1, 'sale', 'sale', 267, NULL, '2026-06-15 03:04:20'),
  (1199, 110, -3, 'sale', 'sale', 267, NULL, '2026-06-15 03:04:20'),
  (1200, 427, -1, 'sale', 'sale', 267, NULL, '2026-06-15 03:04:20');
INSERT INTO inventory_movements (id, variant_id, delta, reason, ref_type, ref_id, note, created_at) VALUES
  (1201, 518, -2, 'sale', 'sale', 267, NULL, '2026-06-15 03:04:20'),
  (1202, 371, -2, 'sale', 'sale', 268, NULL, '2026-06-17 15:32:07'),
  (1203, 527, -1, 'sale', 'sale', 268, NULL, '2026-06-17 15:32:07'),
  (1204, 470, -1, 'sale', 'sale', 269, NULL, '2026-06-17 15:35:06'),
  (1205, 486, -1, 'sale', 'sale', 270, NULL, '2026-06-14 01:22:35'),
  (1206, 261, -2, 'sale', 'sale', 270, NULL, '2026-06-14 01:22:35'),
  (1207, 254, -1, 'sale', 'sale', 270, NULL, '2026-06-14 01:22:35'),
  (1208, 207, -3, 'sale', 'sale', 271, NULL, '2026-06-14 01:32:55'),
  (1209, 432, -1, 'sale', 'sale', 271, NULL, '2026-06-14 01:32:55'),
  (1210, 72, -1, 'sale', 'sale', 272, NULL, '2026-06-16 17:57:25'),
  (1211, 252, -1, 'sale', 'sale', 272, NULL, '2026-06-16 17:57:25'),
  (1212, 128, -2, 'sale', 'sale', 273, NULL, '2026-06-14 10:00:59'),
  (1213, 233, -3, 'sale', 'sale', 273, NULL, '2026-06-14 10:00:59'),
  (1214, 69, -2, 'sale', 'sale', 273, NULL, '2026-06-14 10:00:59'),
  (1215, 107, -3, 'sale', 'sale', 274, NULL, '2026-06-18 13:46:55'),
  (1216, 252, -3, 'sale', 'sale', 274, NULL, '2026-06-18 13:46:55'),
  (1217, 76, -2, 'sale', 'sale', 274, NULL, '2026-06-18 13:46:55'),
  (1218, 490, -1, 'sale', 'sale', 275, NULL, '2026-06-20 08:37:02'),
  (1219, 301, -1, 'sale', 'sale', 275, NULL, '2026-06-20 08:37:02'),
  (1220, 149, -1, 'sale', 'sale', 275, NULL, '2026-06-20 08:37:02'),
  (1221, 374, -1, 'sale', 'sale', 275, NULL, '2026-06-20 08:37:02'),
  (1222, 151, -3, 'sale', 'sale', 276, NULL, '2026-06-19 16:20:46'),
  (1223, 484, -3, 'sale', 'sale', 276, NULL, '2026-06-19 16:20:46'),
  (1224, 110, -2, 'sale', 'sale', 276, NULL, '2026-06-19 16:20:46'),
  (1225, 346, -3, 'sale', 'sale', 277, NULL, '2026-06-21 05:57:43'),
  (1226, 335, -3, 'sale', 'sale', 277, NULL, '2026-06-21 05:57:43'),
  (1227, 166, -2, 'sale', 'sale', 278, NULL, '2026-06-18 11:41:07'),
  (1228, 161, -2, 'sale', 'sale', 278, NULL, '2026-06-18 11:41:07'),
  (1229, 291, -1, 'sale', 'sale', 278, NULL, '2026-06-18 11:41:07'),
  (1230, 365, -1, 'sale', 'sale', 278, NULL, '2026-06-18 11:41:07'),
  (1231, 3, -1, 'sale', 'sale', 279, NULL, '2026-06-19 21:46:00'),
  (1232, 409, -2, 'sale', 'sale', 279, NULL, '2026-06-19 21:46:00'),
  (1233, 218, -2, 'sale', 'sale', 280, NULL, '2026-06-20 01:28:12'),
  (1234, 44, -1, 'sale', 'sale', 281, NULL, '2026-06-19 13:45:04'),
  (1235, 54, -3, 'sale', 'sale', 281, NULL, '2026-06-19 13:45:04'),
  (1236, 8, -1, 'sale', 'sale', 281, NULL, '2026-06-19 13:45:04'),
  (1237, 142, -3, 'sale', 'sale', 282, NULL, '2026-06-21 12:03:46'),
  (1238, 504, -1, 'sale', 'sale', 282, NULL, '2026-06-21 12:03:46'),
  (1239, 288, -1, 'sale', 'sale', 282, NULL, '2026-06-21 12:03:46'),
  (1240, 153, -1, 'sale', 'sale', 283, NULL, '2026-06-18 16:35:49'),
  (1241, 354, -3, 'sale', 'sale', 283, NULL, '2026-06-18 16:35:49'),
  (1242, 286, -2, 'sale', 'sale', 283, NULL, '2026-06-18 16:35:49'),
  (1243, 130, -2, 'sale', 'sale', 284, NULL, '2026-06-19 12:14:07'),
  (1244, 398, -1, 'sale', 'sale', 284, NULL, '2026-06-19 12:14:07'),
  (1245, 62, -3, 'sale', 'sale', 284, NULL, '2026-06-19 12:14:07'),
  (1246, 52, -1, 'sale', 'sale', 284, NULL, '2026-06-19 12:14:07'),
  (1247, 119, -1, 'sale', 'sale', 285, NULL, '2026-06-21 16:46:37'),
  (1248, 3, -2, 'sale', 'sale', 286, NULL, '2026-06-20 19:24:29'),
  (1249, 9, -3, 'sale', 'sale', 286, NULL, '2026-06-20 19:24:29'),
  (1250, 296, -2, 'sale', 'sale', 286, NULL, '2026-06-20 19:24:29'),
  (1251, 535, -2, 'sale', 'sale', 286, NULL, '2026-06-20 19:24:29'),
  (1252, 203, -2, 'sale', 'sale', 287, NULL, '2026-06-19 06:43:44'),
  (1253, 298, -1, 'sale', 'sale', 287, NULL, '2026-06-19 06:43:44'),
  (1254, 114, 14, 'receiving', 'purchase', 10, 'A-000010', '2026-02-10 09:00:00'),
  (1255, 224, 19, 'receiving', 'purchase', 10, 'A-000010', '2026-02-10 09:00:00'),
  (1256, 228, 23, 'receiving', 'purchase', 10, 'A-000010', '2026-02-10 09:00:00'),
  (1257, 128, 23, 'receiving', 'purchase', 11, 'A-000011', '2026-03-04 09:00:00'),
  (1258, 490, 23, 'receiving', 'purchase', 11, 'A-000011', '2026-03-04 09:00:00'),
  (1259, 253, 12, 'receiving', 'purchase', 12, 'A-000012', '2026-03-26 09:00:00'),
  (1260, 291, 17, 'receiving', 'purchase', 12, 'A-000012', '2026-03-26 09:00:00'),
  (1261, 315, 18, 'receiving', 'purchase', 12, 'A-000012', '2026-03-26 09:00:00'),
  (1262, 52, 14, 'receiving', 'purchase', 13, 'A-000013', '2026-05-31 09:00:00'),
  (1263, 62, 22, 'receiving', 'purchase', 13, 'A-000013', '2026-05-31 09:00:00'),
  (1264, 168, 16, 'receiving', 'purchase', 13, 'A-000013', '2026-05-31 09:00:00'),
  (1265, 122, -2, 'adjustment', NULL, NULL, 'Démarque inconnue', '2026-05-23 09:00:00'),
  (1266, 164, -1, 'adjustment', NULL, NULL, 'Démarque inconnue', '2026-02-19 09:00:00'),
  (1267, 528, -1, 'adjustment', NULL, NULL, 'Démarque inconnue', '2026-03-01 09:00:00'),
  (1268, 433, -1, 'adjustment', NULL, NULL, 'Démarque inconnue', '2026-04-15 09:00:00'),
  (1269, 274, -1, 'adjustment', NULL, NULL, 'Démarque inconnue', '2026-03-16 09:00:00'),
  (1270, 107, -19, 'adjustment', NULL, NULL, 'Liquidation — fin de stock', '2026-06-15 19:00:00'),
  (1271, 458, -17, 'adjustment', NULL, NULL, 'Liquidation — fin de stock', '2026-06-15 19:00:00'),
  (1272, 334, -10, 'adjustment', NULL, NULL, 'Liquidation — fin de stock', '2026-06-15 19:00:00'),
  (1273, 27, -14, 'adjustment', NULL, NULL, 'Liquidation — fin de stock', '2026-06-15 19:00:00'),
  (1274, 243, -15, 'adjustment', NULL, NULL, 'Liquidation — fin de stock', '2026-06-15 19:00:00'),
  (1275, 452, -21, 'adjustment', NULL, NULL, 'Ajustement inventaire', '2026-06-15 19:00:00'),
  (1276, 478, -7, 'adjustment', NULL, NULL, 'Ajustement inventaire', '2026-06-15 19:00:00'),
  (1277, 255, -13, 'adjustment', NULL, NULL, 'Ajustement inventaire', '2026-06-15 19:00:00'),
  (1278, 9, -24, 'adjustment', NULL, NULL, 'Ajustement inventaire', '2026-06-15 19:00:00'),
  (1279, 126, -15, 'adjustment', NULL, NULL, 'Ajustement inventaire', '2026-06-15 19:00:00'),
  (1280, 102, -26, 'adjustment', NULL, NULL, 'Ajustement inventaire', '2026-06-15 19:00:00');

-- Cash sessions + drawer events
INSERT INTO cash_sessions (id, opened_at, closed_at, opening_float_cents, expected_cents, counted_cents, variance_cents, note, cashier_name, opening_note, count_breakdown_json) VALUES
  (1, '2026-01-01 09:00:00', '2026-01-07 19:30:00', 500000, -1071394000, -1071394000, 0, 'Caisse équilibrée', 'Amina H.', 'Fond de caisse vérifié', '{}'),
  (2, '2026-01-08 09:00:00', '2026-01-14 19:30:00', 500000, 10120000, 10140000, 20000, 'Excédent caisse', 'Karim B.', 'Fond de caisse vérifié', '{"20000":2,"100000":1,"200000":50}'),
  (3, '2026-01-15 09:00:00', '2026-01-21 19:30:00', 500000, 23359000, 23359000, 0, 'Caisse équilibrée', 'Sofiane M.', 'Fond de caisse vérifié', '{"50000":1,"100000":1,"200000":116}'),
  (4, '2026-01-22 09:00:00', '2026-01-28 19:30:00', 500000, 14959500, 14959500, 0, 'Caisse équilibrée', 'Sofiane M.', 'Fond de caisse vérifié', '{"50000":1,"100000":1,"200000":74}'),
  (5, '2026-01-29 09:00:00', '2026-02-04 19:30:00', 500000, 4377400, 4377400, 0, 'Caisse équilibrée', 'Sofiane M.', 'Fond de caisse vérifié', '{"20000":1,"50000":1,"100000":1,"200000":21}'),
  (6, '2026-02-05 09:00:00', '2026-02-11 19:30:00', 500000, 13083000, 13083000, 0, 'Caisse équilibrée', 'Sofiane M.', 'Fond de caisse vérifié', '{"10000":1,"20000":1,"50000":1,"200000":65}'),
  (7, '2026-02-12 09:00:00', '2026-02-18 19:30:00', 500000, 6109000, 6109000, 0, 'Caisse équilibrée', 'Sofiane M.', 'Fond de caisse vérifié', '{"100000":1,"200000":30}'),
  (8, '2026-02-19 09:00:00', '2026-02-25 19:30:00', 500000, 5193000, 5193000, 0, 'Caisse équilibrée', 'Amina H.', 'Fond de caisse vérifié', '{"20000":2,"50000":1,"100000":1,"200000":25}'),
  (9, '2026-02-26 09:00:00', '2026-03-04 19:30:00', 500000, 22947500, 22947500, 0, 'Caisse équilibrée', 'Sofiane M.', 'Fond de caisse vérifié', '{"20000":2,"100000":1,"200000":114}'),
  (10, '2026-03-05 09:00:00', '2026-03-11 19:30:00', 500000, 9224000, 9224000, 0, 'Caisse équilibrée', 'Sofiane M.', 'Fond de caisse vérifié', '{"20000":1,"200000":46}'),
  (11, '2026-03-12 09:00:00', '2026-03-18 19:30:00', 500000, 11334000, 11334000, 0, 'Caisse équilibrée', 'Sofiane M.', 'Fond de caisse vérifié', '{"10000":1,"20000":1,"100000":1,"200000":56}'),
  (12, '2026-03-19 09:00:00', '2026-03-25 19:30:00', 500000, 9806000, 9806000, 0, 'Caisse équilibrée', 'Sofiane M.', 'Fond de caisse vérifié', '{"200000":49}'),
  (13, '2026-03-26 09:00:00', '2026-04-01 19:30:00', 500000, 25715000, 25715000, 0, 'Caisse équilibrée', 'Sofiane M.', 'Fond de caisse vérifié', '{"10000":1,"100000":1,"200000":128}'),
  (14, '2026-04-02 09:00:00', '2026-04-08 19:30:00', 500000, 15719500, 15719500, 0, 'Caisse équilibrée', 'Karim B.', 'Fond de caisse vérifié', '{"10000":1,"100000":1,"200000":78}'),
  (15, '2026-04-09 09:00:00', '2026-04-15 19:30:00', 500000, 15330000, 15330000, 0, 'Caisse équilibrée', 'Sofiane M.', 'Fond de caisse vérifié', '{"10000":1,"20000":1,"100000":1,"200000":76}'),
  (16, '2026-04-16 09:00:00', '2026-04-22 19:30:00', 500000, 11569000, 11569000, 0, 'Caisse équilibrée', 'Karim B.', 'Fond de caisse vérifié', '{"10000":1,"50000":1,"100000":1,"200000":57}'),
  (17, '2026-04-23 09:00:00', '2026-04-29 19:30:00', 500000, 11654250, 11654250, 0, 'Caisse équilibrée', 'Amina H.', 'Fond de caisse vérifié', '{"50000":1,"200000":58}'),
  (18, '2026-04-30 09:00:00', '2026-05-06 19:30:00', 500000, 8139600, 8139600, 0, 'Caisse équilibrée', 'Amina H.', 'Fond de caisse vérifié', '{"10000":1,"20000":1,"100000":1,"200000":40}'),
  (19, '2026-05-07 09:00:00', '2026-05-13 19:30:00', 500000, 10659000, 10659000, 0, 'Caisse équilibrée', 'Amina H.', 'Fond de caisse vérifié', '{"50000":1,"200000":53}'),
  (20, '2026-05-14 09:00:00', '2026-05-20 19:30:00', 500000, 16533000, 16533000, 0, 'Caisse équilibrée', 'Sofiane M.', 'Fond de caisse vérifié', '{"10000":1,"20000":1,"100000":1,"200000":82}'),
  (21, '2026-05-21 09:00:00', '2026-05-27 19:30:00', 500000, 13787000, 13787000, 0, 'Caisse équilibrée', 'Amina H.', 'Fond de caisse vérifié', '{"10000":1,"20000":1,"50000":1,"100000":1,"200000":68}'),
  (22, '2026-05-28 09:00:00', '2026-06-03 19:30:00', 500000, 11671500, 11671500, 0, 'Caisse équilibrée', 'Amina H.', 'Fond de caisse vérifié', '{"20000":1,"50000":1,"200000":58}'),
  (23, '2026-06-04 09:00:00', '2026-06-10 19:30:00', 500000, 13972000, 13972000, 0, 'Caisse équilibrée', 'Sofiane M.', 'Fond de caisse vérifié', '{"20000":1,"50000":1,"100000":1,"200000":69}'),
  (24, '2026-06-11 09:00:00', '2026-06-17 19:30:00', 500000, 8600000, 8600000, 0, 'Caisse équilibrée', 'Amina H.', 'Fond de caisse vérifié', '{"200000":43}'),
  (25, '2026-06-18 09:00:00', '2026-06-21 19:00:00', 500000, 9902200, 9902200, 0, 'Caisse équilibrée', 'Sofiane M.', 'Fond de caisse vérifié', '{"100000":1,"200000":49}');
INSERT INTO cash_events (id, session_id, kind, amount_cents, reason, created_at) VALUES
  (1, 6, 'pay_in', 508500, 'Versement client — FAC-2026-0028', '2026-02-07 10:48:15'),
  (2, 5, 'pay_in', 217400, 'Versement client — FAC-2026-0040', '2026-02-02 11:49:27'),
  (3, 9, 'pay_in', 1229500, 'Versement client — FAC-2026-0065', '2026-03-04 19:29:00'),
  (4, 17, 'pay_in', 701250, 'Versement client — FAC-2026-0163', '2026-04-27 21:17:00'),
  (5, 23, 'pay_in', 619000, 'Versement client — FAC-2026-0201', '2026-06-05 02:32:02'),
  (6, 23, 'pay_in', 414000, 'Versement client — FAC-2026-0237', '2026-06-07 01:02:44'),
  (7, 25, 'pay_in', 455700, 'Versement client — FAC-2026-0281', '2026-06-20 19:00:00'),
  (8, 24, 'pay_in', 2000000, 'Versement client — acompte', '2026-06-11 19:00:00'),
  (9, 1, 'pay_out', 239680000, 'Paiement fournisseur — Règlement A-000007', '2026-01-02 10:00:00'),
  (10, 1, 'pay_out', 43815000, 'Paiement fournisseur — Règlement A-000008', '2026-01-02 10:00:00'),
  (11, 1, 'pay_out', 802800000, 'Paiement fournisseur — Règlement A-000009', '2026-01-06 10:00:00'),
  (12, 22, 'pay_out', 5831000, 'Paiement fournisseur — Règlement A-000013', '2026-05-31 09:00:00'),
  (13, 3, 'pay_out', 300000, 'Achat fournitures', '2026-01-17 22:30:33'),
  (14, 3, 'no_sale', 0, 'Ouverture tiroir', '2026-01-16 23:12:53'),
  (15, 4, 'no_sale', 0, 'Ouverture tiroir', '2026-01-27 00:41:30'),
  (16, 6, 'no_sale', 0, 'Ouverture tiroir', '2026-02-05 21:18:20'),
  (17, 9, 'pay_out', 150000, 'Achat fournitures', '2026-02-26 23:40:08'),
  (18, 11, 'pay_out', 200000, 'Note de café', '2026-03-15 11:08:28'),
  (19, 14, 'pay_out', 150000, 'Frais de transport', '2026-04-08 01:18:29'),
  (20, 15, 'no_sale', 0, 'Ouverture tiroir', '2026-04-10 17:43:08'),
  (21, 18, 'no_sale', 0, 'Ouverture tiroir', '2026-05-05 03:34:00'),
  (22, 21, 'pay_out', 200000, 'Achat fournitures', '2026-05-27 00:25:18');

-- Customer A/R versements (at-sale + later paydowns)
INSERT INTO customer_payments (id, customer_id, sale_id, amount_cents, method, reference, note, cash_event_id, created_at) VALUES
  (1, 20, 2, 747000, 'especes', 'FAC-2026-0002', NULL, NULL, '2026-01-05 07:53:57'),
  (2, 16, 3, 998000, 'especes', 'FAC-2026-0003', NULL, NULL, '2026-01-03 23:02:59'),
  (3, 9, 12, 4098000, 'cheque', 'FAC-2026-0012', NULL, NULL, '2026-01-07 19:16:45'),
  (4, 15, 13, 630000, 'especes', 'FAC-2026-0013', NULL, NULL, '2026-01-02 08:05:38'),
  (5, 17, 16, 2500000, 'especes', 'FAC-2026-0016', NULL, NULL, '2026-01-12 05:09:09'),
  (6, 21, 17, 398000, 'especes', 'FAC-2026-0017', NULL, NULL, '2026-01-14 03:18:17'),
  (7, 19, 19, 2360000, 'especes', 'FAC-2026-0019', NULL, NULL, '2026-01-12 23:10:32'),
  (8, 20, 20, 760000, 'cib', 'FAC-2026-0020', NULL, NULL, '2026-01-12 17:19:27'),
  (9, 23, 23, 828000, 'especes', 'FAC-2026-0023', NULL, NULL, '2026-01-11 21:19:31'),
  (10, 5, 24, 1281000, 'especes', 'FAC-2026-0024', NULL, NULL, '2026-01-15 10:33:51'),
  (11, 5, 25, 2920000, 'cheque', 'FAC-2026-0025', NULL, NULL, '2026-01-15 23:10:39'),
  (12, 21, 27, 3571000, 'especes', 'FAC-2026-0027', NULL, NULL, '2026-01-16 19:19:28'),
  (13, 5, 28, 1186500, 'cheque', 'FAC-2026-0028', NULL, NULL, '2026-01-21 10:48:15'),
  (14, 28, 30, 760000, 'especes', 'FAC-2026-0030', NULL, NULL, '2026-01-21 00:06:12'),
  (15, 3, 31, 3054000, 'especes', 'FAC-2026-0031', NULL, NULL, '2026-01-19 02:20:01'),
  (16, 16, 36, 870000, 'especes', 'FAC-2026-0036', NULL, NULL, '2026-01-16 01:31:28'),
  (17, 5, 39, 3990000, 'especes', 'FAC-2026-0039', NULL, NULL, '2026-01-24 23:15:54'),
  (18, 4, 40, 543500, 'especes', 'FAC-2026-0040', NULL, NULL, '2026-01-25 11:49:27'),
  (19, 9, 54, 1430000, 'cib', 'FAC-2026-0054', NULL, NULL, '2026-02-02 15:03:32'),
  (20, 21, 56, 330000, 'especes', 'FAC-2026-0056', NULL, NULL, '2026-02-01 04:00:10'),
  (21, 30, 57, 3488000, 'cib', 'FAC-2026-0057', NULL, NULL, '2026-02-03 22:01:13'),
  (22, 1, 64, 234000, 'virement', 'FAC-2026-0064', NULL, NULL, '2026-02-11 11:27:38'),
  (23, 24, 65, 1229500, 'especes', 'FAC-2026-0065', NULL, NULL, '2026-02-08 19:29:00'),
  (24, 8, 68, 930000, 'especes', 'FAC-2026-0068', NULL, NULL, '2026-02-06 17:53:53'),
  (25, 11, 70, 360000, 'especes', 'FAC-2026-0070', NULL, NULL, '2026-02-11 18:16:40'),
  (26, 5, 73, 1518000, 'cheque', 'FAC-2026-0073', NULL, NULL, '2026-02-10 09:10:25'),
  (27, 24, 81, 4415000, 'cib', 'FAC-2026-0081', NULL, NULL, '2026-02-12 10:49:23'),
  (28, 12, 87, 152500, 'cib', 'FAC-2026-0087', NULL, NULL, '2026-02-25 18:42:15'),
  (29, 24, 90, 1129000, 'especes', 'FAC-2026-0090', NULL, NULL, '2026-02-21 00:09:35'),
  (30, 30, 93, 2937000, 'cheque', 'FAC-2026-0093', NULL, NULL, '2026-02-23 03:35:02'),
  (31, 19, 98, 660000, 'cheque', 'FAC-2026-0098', NULL, NULL, '2026-03-04 10:36:22'),
  (32, 3, 99, 1515000, 'especes', 'FAC-2026-0099', NULL, NULL, '2026-02-28 15:54:46'),
  (33, 11, 101, 755000, 'especes', 'FAC-2026-0101', NULL, NULL, '2026-02-26 17:12:40'),
  (34, 20, 103, 3550000, 'especes', 'FAC-2026-0103', NULL, NULL, '2026-03-03 06:48:56'),
  (35, 28, 111, 343000, 'especes', 'FAC-2026-0111', NULL, NULL, '2026-03-06 23:43:25'),
  (36, 10, 112, 2273000, 'especes', 'FAC-2026-0112', NULL, NULL, '2026-03-11 06:27:23'),
  (37, 25, 113, 280000, 'especes', 'FAC-2026-0113', NULL, NULL, '2026-03-11 16:29:03'),
  (38, 12, 114, 960000, 'especes', 'FAC-2026-0114', NULL, NULL, '2026-03-10 02:11:11'),
  (39, 23, 121, 2430000, 'cib', 'FAC-2026-0121', NULL, NULL, '2026-03-16 21:40:55'),
  (40, 16, 133, 540000, 'cheque', 'FAC-2026-0133', NULL, NULL, '2026-03-22 05:21:13'),
  (41, 30, 138, 2850000, 'especes', 'FAC-2026-0138', NULL, NULL, '2026-03-23 21:31:16'),
  (42, 19, 140, 1364000, 'cheque', 'FAC-2026-0140', NULL, NULL, '2026-03-27 18:29:40'),
  (43, 21, 143, 1375000, 'cheque', 'FAC-2026-0143', NULL, NULL, '2026-04-01 07:23:14'),
  (44, 23, 148, 639000, 'especes', 'FAC-2026-0148', NULL, NULL, '2026-03-26 20:37:48'),
  (45, 1, 163, 1402500, 'especes', 'FAC-2026-0163', NULL, NULL, '2026-04-06 21:17:00'),
  (46, 21, 165, 2600000, 'especes', 'FAC-2026-0165', NULL, NULL, '2026-04-04 20:39:10'),
  (47, 6, 166, 915000, 'especes', 'FAC-2026-0166', NULL, NULL, '2026-04-05 14:30:31'),
  (48, 20, 169, 733000, 'cheque', 'FAC-2026-0169', NULL, NULL, '2026-04-13 19:30:32'),
  (49, 8, 171, 3545000, 'especes', 'FAC-2026-0171', NULL, NULL, '2026-04-09 12:44:31'),
  (50, 4, 173, 1767000, 'cheque', 'FAC-2026-0173', NULL, NULL, '2026-04-13 23:47:41'),
  (51, 5, 176, 2393000, 'cib', 'FAC-2026-0176', NULL, NULL, '2026-04-09 18:00:38'),
  (52, 17, 177, 3760000, 'especes', 'FAC-2026-0177', NULL, NULL, '2026-04-17 20:06:10'),
  (53, 3, 188, 789000, 'cib', 'FAC-2026-0188', NULL, NULL, '2026-04-18 11:08:01'),
  (54, 11, 195, 1460000, 'cheque', 'FAC-2026-0195', NULL, NULL, '2026-04-29 00:52:37'),
  (55, 30, 201, 619000, 'cib', 'FAC-2026-0201', NULL, NULL, '2026-05-04 02:32:02'),
  (56, 19, 202, 1048600, 'especes', 'FAC-2026-0202', NULL, NULL, '2026-05-02 09:42:27'),
  (57, 10, 205, 351000, 'cheque', 'FAC-2026-0205', NULL, NULL, '2026-05-06 00:07:42'),
  (58, 7, 214, 996000, 'especes', 'FAC-2026-0214', NULL, NULL, '2026-05-13 13:21:42'),
  (59, 2, 215, 2380000, 'especes', 'FAC-2026-0215', NULL, NULL, '2026-05-08 04:51:43'),
  (60, 11, 225, 255000, 'cib', 'FAC-2026-0225', NULL, NULL, '2026-05-17 18:31:53'),
  (61, 12, 226, 4765000, 'especes', 'FAC-2026-0226', NULL, NULL, '2026-05-15 07:13:51'),
  (62, 25, 227, 3942000, 'especes', 'FAC-2026-0227', NULL, NULL, '2026-05-18 13:17:54'),
  (63, 29, 229, 6190000, 'cheque', 'FAC-2026-0229', NULL, NULL, '2026-05-19 19:59:04'),
  (64, 14, 232, 2925000, 'especes', 'FAC-2026-0232', NULL, NULL, '2026-05-27 07:17:34'),
  (65, 15, 235, 270000, 'especes', 'FAC-2026-0235', NULL, NULL, '2026-05-25 04:00:09'),
  (66, 4, 236, 655500, 'cheque', 'FAC-2026-0236', NULL, NULL, '2026-05-23 08:01:17'),
  (67, 15, 237, 966000, 'especes', 'FAC-2026-0237', NULL, NULL, '2026-05-25 01:02:44'),
  (68, 18, 240, 621000, 'cheque', 'FAC-2026-0240', NULL, NULL, '2026-05-25 05:08:17'),
  (69, 10, 243, 2610000, 'especes', 'FAC-2026-0243', NULL, NULL, '2026-06-02 16:55:25'),
  (70, 19, 244, 380000, 'especes', 'FAC-2026-0244', NULL, NULL, '2026-06-03 07:47:10'),
  (71, 18, 247, 1547500, 'especes', 'FAC-2026-0247', NULL, NULL, '2026-06-02 19:23:43'),
  (72, 25, 258, 714000, 'especes', 'FAC-2026-0258', NULL, NULL, '2026-06-05 16:03:59'),
  (73, 20, 259, 4060000, 'especes', 'FAC-2026-0259', NULL, NULL, '2026-06-10 03:04:31'),
  (74, 4, 266, 3000000, 'ccp', 'FAC-2026-0266', NULL, NULL, '2026-06-12 02:11:35'),
  (75, 15, 274, 2860000, 'cheque', 'FAC-2026-0274', NULL, NULL, '2026-06-18 13:46:55'),
  (76, 25, 275, 1860000, 'cib', 'FAC-2026-0275', NULL, NULL, '2026-06-20 08:37:02'),
  (77, 12, 276, 4070000, 'especes', 'FAC-2026-0276', NULL, NULL, '2026-06-19 16:20:46'),
  (78, 7, 277, 673200, 'especes', 'FAC-2026-0277', NULL, NULL, '2026-06-21 05:57:43'),
  (79, 1, 279, 930000, 'especes', 'FAC-2026-0279', NULL, NULL, '2026-06-19 21:46:00'),
  (80, 15, 281, 1063300, 'especes', 'FAC-2026-0281', NULL, NULL, '2026-06-19 13:45:04'),
  (81, 18, 283, 2528000, 'cib', 'FAC-2026-0283', NULL, NULL, '2026-06-18 16:35:49'),
  (82, 23, 23, 966000, 'virement', 'FAC-2026-0023', 'Règlement reste dû', NULL, '2026-02-08 21:19:31'),
  (83, 5, 28, 508500, 'especes', 'FAC-2026-0028', 'Règlement reste dû', 1, '2026-02-07 10:48:15'),
  (84, 4, 40, 217400, 'especes', 'FAC-2026-0040', 'Règlement reste dû', 2, '2026-02-02 11:49:27'),
  (85, 24, 65, 1229500, 'especes', 'FAC-2026-0065', 'Règlement reste dû', 3, '2026-03-04 19:29:00'),
  (86, 15, 78, 912000, 'cheque', 'FAC-2026-0078', 'Règlement reste dû', NULL, '2026-03-10 03:57:57'),
  (87, 28, 111, 58800, 'virement', 'FAC-2026-0111', 'Règlement reste dû', NULL, '2026-04-03 23:43:25'),
  (88, 1, 163, 701250, 'especes', 'FAC-2026-0163', 'Règlement reste dû', 4, '2026-04-27 21:17:00'),
  (89, 6, 166, 457500, 'virement', 'FAC-2026-0166', 'Règlement reste dû', NULL, '2026-04-16 14:30:31'),
  (90, 20, 181, 170000, 'virement', 'FAC-2026-0181', 'Règlement reste dû', NULL, '2026-05-11 18:49:19'),
  (91, 30, 201, 619000, 'especes', 'FAC-2026-0201', 'Règlement reste dû', 5, '2026-06-05 02:32:02'),
  (92, 19, 202, 449400, 'cheque', 'FAC-2026-0202', 'Règlement reste dû', NULL, '2026-06-07 09:42:27'),
  (93, 10, 205, 819000, 'virement', 'FAC-2026-0205', 'Règlement reste dû', NULL, '2026-05-13 00:07:42'),
  (94, 15, 237, 414000, 'especes', 'FAC-2026-0237', 'Règlement reste dû', 6, '2026-06-07 01:02:44'),
  (95, 15, 281, 455700, 'especes', 'FAC-2026-0281', 'Règlement reste dû', 7, '2026-06-20 19:00:00'),
  (96, 3, NULL, 2000000, 'especes', NULL, 'Acompte sur compte', 8, '2026-06-11 19:00:00');

-- Supplier versements (achat règlements)
INSERT INTO supplier_payments (id, supplier_id, purchase_id, amount_cents, method, reference, note, cash_event_id, created_at) VALUES
  (1, 4, 4, 250899600, 'transfer', 'VIR-205364', 'Règlement A-000004', NULL, '2026-01-02 10:00:00'),
  (2, 5, 5, 142744000, 'cheque', 'CHQ-197403', 'Règlement A-000005', NULL, '2026-01-06 10:00:00'),
  (3, 6, 6, 220959200, 'cheque', 'CHQ-244339', 'Règlement A-000006', NULL, '2026-01-02 10:00:00'),
  (4, 7, 7, 239680000, 'cash', 'A-000007', 'Règlement A-000007', 9, '2026-01-02 10:00:00'),
  (5, 8, 8, 43815000, 'cash', 'A-000008', 'Règlement A-000008', 10, '2026-01-02 10:00:00'),
  (6, 10, 9, 802800000, 'cash', 'A-000009', 'Règlement A-000009', 11, '2026-01-06 10:00:00'),
  (7, 4, 10, 4032000, 'cheque', 'CHQ-539490', 'Règlement A-000010', NULL, '2026-02-12 09:00:00'),
  (8, 3, 13, 5831000, 'cash', 'A-000013', 'Règlement A-000013', 12, '2026-05-31 09:00:00');

-- Promotions
INSERT INTO promotions (id, name, kind, percent, amount_cents, scope_type, scope_id, min_qty, get_qty, bundle_price_cents, priority, active, starts_at, ends_at, archived, created_at) VALUES
  (1, 'Soldes d''hiver -20%', 'percent', 20, NULL, 'all', NULL, 1, NULL, NULL, 10, 1, '2026-01-15', '2026-02-15', 0, '2026-01-01 09:00:00'),
  (2, 'Promo Chaussures -15%', 'percent', 15, NULL, 'category', 4, 1, NULL, NULL, 5, 1, NULL, NULL, 0, '2026-01-01 09:00:00'),
  (3, 'Remise T-shirt 100 DA', 'fixed', NULL, 10000, 'product', 1, 2, NULL, NULL, 3, 1, NULL, NULL, 0, '2026-01-01 09:00:00'),
  (4, 'Ramadan -10% Femmes', 'percent', 10, NULL, 'category', 2, 1, NULL, NULL, 4, 1, '2026-03-01', '2026-04-01', 0, '2026-01-01 09:00:00'),
  (5, 'Black Friday -30%', 'percent', 30, NULL, 'all', NULL, 1, NULL, NULL, 20, 0, '2025-11-28', '2025-11-30', 1, '2026-01-01 09:00:00');

-- Held (suspended) carts
INSERT INTO held_sales (id, label, customer_id, payload_json, created_at) VALUES
  (1, 'Mise de côté', 24, '{"lines":[{"variant_id":472,"description":"Doudoune Homme / XS / Grey","qty":2,"unit_price_cents":870000,"line_discount_cents":0}],"cart_discount_cents":0,"customer_id":24}', '2026-06-17 19:00:00'),
  (2, 'Commande téléphone', 20, '{"lines":[{"variant_id":499,"description":"Blazer Homme / XL / Grey","qty":1,"unit_price_cents":750000,"line_discount_cents":0},{"variant_id":515,"description":"Parka Homme / L / Navy","qty":2,"unit_price_cents":870000,"line_discount_cents":0},{"variant_id":86,"description":"Pull Homme Col V / XL / Brown","qty":2,"unit_price_cents":350000,"line_discount_cents":0}],"cart_discount_cents":0,"customer_id":20}', '2026-06-19 19:00:00'),
  (3, 'Commande téléphone', 1, '{"lines":[{"variant_id":331,"description":"Bottines Femme / 39 / Brown","qty":1,"unit_price_cents":599000,"line_discount_cents":0},{"variant_id":139,"description":"Jupe Femme Plissée / S / Black","qty":2,"unit_price_cents":280000,"line_discount_cents":0}],"cart_discount_cents":0,"customer_id":1}', '2026-06-16 19:00:00');

-- Activity log
INSERT INTO activity_log (id, entity_type, entity_id, action, detail, created_at) VALUES
  (1, 'product', 1, 'created', 'Produit créé : T-shirt Homme Col Rond', '2026-01-01 09:00:00'),
  (2, 'product', 2, 'created', 'Produit créé : Chemise Homme Manches Longues', '2026-01-01 09:00:00'),
  (13, 'product', 13, 'created', 'Produit créé : Pull Femme Maille', '2026-01-01 09:00:00'),
  (21, 'product', 21, 'created', 'Produit créé : Baskets Homme Running', '2026-01-01 09:00:00'),
  (33, 'product', 33, 'created', 'Produit créé : Legging Femme Sport', '2026-01-01 09:00:00'),
  (64, 'supplier', 1, 'created', 'Fournisseur ajouté : Sarl Textile Atlas', '2026-01-01 09:00:00'),
  (65, 'supplier', 2, 'created', 'Fournisseur ajouté : Eurl Confection El Nour', '2026-01-01 09:00:00'),
  (66, 'supplier', 3, 'created', 'Fournisseur ajouté : Sarl Denim Industrie', '2026-01-01 09:00:00'),
  (67, 'supplier', 4, 'created', 'Fournisseur ajouté : Import Mode Méditerranée', '2026-01-01 09:00:00'),
  (68, 'supplier', 5, 'created', 'Fournisseur ajouté : Sarl Chaussures du Sud', '2026-01-01 09:00:00'),
  (69, 'supplier', 6, 'created', 'Fournisseur ajouté : Eurl Accessoires & Cuir', '2026-01-01 09:00:00'),
  (70, 'supplier', 7, 'created', 'Fournisseur ajouté : Sarl Sport Wear DZ', '2026-01-01 09:00:00'),
  (71, 'supplier', 8, 'created', 'Fournisseur ajouté : Confection Lingerie Fine', '2026-01-01 09:00:00'),
  (72, 'supplier', 9, 'created', 'Fournisseur ajouté : Etablissement Bouchama', '2026-01-01 09:00:00'),
  (73, 'supplier', 10, 'created', 'Fournisseur ajouté : Sarl Hiver Collection', '2026-01-01 09:00:00'),
  (5, 'product', 5, 'created', 'Produit créé : Pantalon Chino Homme', '2026-01-02 09:00:00'),
  (15, 'product', 15, 'created', 'Produit créé : Robe Soirée Femme', '2026-01-02 09:00:00'),
  (17, 'product', 17, 'created', 'Produit créé : Pantalon Enfant', '2026-01-02 09:00:00'),
  (20, 'product', 20, 'created', 'Produit créé : Pyjama Enfant', '2026-01-02 09:00:00'),
  (29, 'product', 29, 'created', 'Produit créé : Sac à Main Femme', '2026-01-02 09:00:00'),
  (39, 'product', 39, 'created', 'Produit créé : Maillot de Corps', '2026-01-02 09:00:00'),
  (41, 'product', 41, 'created', 'Produit créé : Veste en Cuir Homme', '2026-01-02 09:00:00'),
  (42, 'product', 42, 'created', 'Produit créé : Manteau d''Hiver Femme', '2026-01-02 09:00:00'),
  (43, 'product', 43, 'created', 'Produit créé : Doudoune Homme', '2026-01-02 09:00:00'),
  (45, 'product', 45, 'created', 'Produit créé : Trench Femme', '2026-01-02 09:00:00'),
  (3, 'product', 3, 'created', 'Produit créé : Polo Homme Piqué', '2026-01-03 09:00:00'),
  (4, 'product', 4, 'created', 'Produit créé : Jean Slim Homme', '2026-01-03 09:00:00'),
  (6, 'product', 6, 'created', 'Produit créé : Pull Homme Col V', '2026-01-03 09:00:00'),
  (26, 'product', 26, 'created', 'Produit créé : Casquette', '2026-01-03 09:00:00'),
  (32, 'product', 32, 'created', 'Produit créé : Short Sport', '2026-01-03 09:00:00'),
  (35, 'product', 35, 'created', 'Produit créé : Veste de Sport', '2026-01-03 09:00:00'),
  (37, 'product', 37, 'created', 'Produit créé : Boxer Homme (lot de 2)', '2026-01-03 09:00:00'),
  (9, 'product', 9, 'created', 'Produit créé : Robe Femme Évasée', '2026-01-04 09:00:00'),
  (12, 'product', 12, 'created', 'Produit créé : Jean Femme Skinny', '2026-01-04 09:00:00'),
  (14, 'product', 14, 'created', 'Produit créé : Cardigan Femme', '2026-01-04 09:00:00'),
  (23, 'product', 23, 'created', 'Produit créé : Chaussures Ville Homme', '2026-01-04 09:00:00'),
  (24, 'product', 24, 'created', 'Produit créé : Sandales Femme', '2026-01-04 09:00:00'),
  (28, 'product', 28, 'created', 'Produit créé : Écharpe', '2026-01-04 09:00:00'),
  (34, 'product', 34, 'created', 'Produit créé : Débardeur Sport', '2026-01-04 09:00:00'),
  (36, 'product', 36, 'created', 'Produit créé : Chaussettes (lot de 3)', '2026-01-04 09:00:00'),
  (46, 'product', 46, 'created', 'Produit créé : Parka Homme', '2026-01-04 09:00:00'),
  (47, 'product', 47, 'created', 'Produit créé : Gilet Sans Manches', '2026-01-04 09:00:00'),
  (48, 'product', 48, 'created', 'Produit créé : Bonnet Laine', '2026-01-04 09:00:00'),
  (49, 'product', 49, 'created', 'Produit créé : Gants Cuir', '2026-01-04 09:00:00'),
  (7, 'product', 7, 'created', 'Produit créé : Sweat à Capuche Homme', '2026-01-05 09:00:00'),
  (10, 'product', 10, 'created', 'Produit créé : Blouse Femme', '2026-01-05 09:00:00'),
  (11, 'product', 11, 'created', 'Produit créé : Jupe Femme Plissée', '2026-01-05 09:00:00'),
  (18, 'product', 18, 'created', 'Produit créé : Robe Fille', '2026-01-05 09:00:00'),
  (22, 'product', 22, 'created', 'Produit créé : Baskets Femme Sneakers', '2026-01-05 09:00:00'),
  (40, 'product', 40, 'created', 'Produit créé : Pyjama Femme', '2026-01-05 09:00:00'),
  (44, 'product', 44, 'created', 'Produit créé : Blazer Homme', '2026-01-05 09:00:00'),
  (8, 'product', 8, 'created', 'Produit créé : Short Homme', '2026-01-06 09:00:00'),
  (16, 'product', 16, 'created', 'Produit créé : T-shirt Enfant Imprimé', '2026-01-06 09:00:00'),
  (19, 'product', 19, 'created', 'Produit créé : Survêtement Enfant', '2026-01-06 09:00:00'),
  (25, 'product', 25, 'created', 'Produit créé : Bottines Femme', '2026-01-06 09:00:00'),
  (27, 'product', 27, 'created', 'Produit créé : Ceinture en Cuir', '2026-01-06 09:00:00'),
  (30, 'product', 30, 'created', 'Produit créé : Portefeuille Cuir', '2026-01-06 09:00:00'),
  (31, 'product', 31, 'created', 'Produit créé : Survêtement Homme', '2026-01-06 09:00:00'),
  (38, 'product', 38, 'created', 'Produit créé : Sous-vêtement Femme', '2026-01-06 09:00:00'),
  (50, 'product', 50, 'created', 'Produit créé : Foulard Femme', '2026-01-06 09:00:00'),
  (55, 'product', 43, 'stock_adjusted', 'Ajustement d''inventaire', '2026-02-06 09:00:00'),
  (59, 'product', 17, 'updated', 'Fiche modifiée', '2026-02-09 09:00:00'),
  (61, 'product', 20, 'updated', 'Fiche modifiée', '2026-02-11 09:00:00'),
  (56, 'product', 36, 'stock_adjusted', 'Ajustement d''inventaire', '2026-02-21 09:00:00'),
  (58, 'product', 1, 'price_changed', 'Prix mis à jour', '2026-03-01 09:00:00'),
  (57, 'product', 21, 'stock_adjusted', 'Ajustement d''inventaire', '2026-03-12 09:00:00'),
  (52, 'product', 26, 'stock_adjusted', 'Ajustement d''inventaire', '2026-04-03 09:00:00'),
  (60, 'product', 46, 'price_changed', 'Prix mis à jour', '2026-04-20 09:00:00'),
  (54, 'product', 34, 'price_changed', 'Prix mis à jour', '2026-05-01 09:00:00'),
  (62, 'product', 30, 'price_changed', 'Prix mis à jour', '2026-05-11 09:00:00'),
  (51, 'product', 49, 'stock_adjusted', 'Ajustement d''inventaire', '2026-05-27 09:00:00'),
  (53, 'product', 28, 'stock_adjusted', 'Ajustement d''inventaire', '2026-05-30 09:00:00'),
  (63, 'product', 40, 'archived', 'Produit archivé (fin de série)', '2026-06-01 19:00:00');

COMMIT;
PRAGMA foreign_keys = ON;

-- Summary: 50 products, 541 variants, 10 suppliers, 30 customers, 15 purchases, 287 sales, 19 returns, 25 cash sessions, 1280 movements.
